/* Auto-generated at 240x84 from KswordHome-En.png (KSwordDEV artwork).
   The original PNG remains the source of truth. */
#pragma once

#define DRIVERGUI_MAINLOGO_WIDTH  240UL
#define DRIVERGUI_MAINLOGO_HEIGHT 84UL
#define DRIVERGUI_MAINLOGO_STRIDE 960UL

static const UCHAR kGDriverGuiMainLogoBgra[
    DRIVERGUI_MAINLOGO_HEIGHT * DRIVERGUI_MAINLOGO_STRIDE] =
{
    0x00, 0x00, 0x00, 0x00, 0x00, 0x00, 0x00, 0x00, 0x00, 0x00, 0x00, 0x00, 0x00, 0x00, 0x00, 0x00,
    0x00, 0x00, 0x00, 0x00, 0x00, 0x00, 0x00, 0x00, 0x00, 0x00, 0x00, 0x00, 0x00, 0x00, 0x00, 0x00,
    0x00, 0x00, 0x00, 0x00, 0x00, 0x00, 0x00, 0x00, 0x00, 0x00, 0x00, 0x00, 0x00, 0x00, 0x00, 0x00,
    0x00, 0x00, 0x00, 0x00, 0x00, 0x00, 0x00, 0x00, 0x00, 0x00, 0x00, 0x00, 0x00, 0x00, 0x00, 0x00,
    0x00, 0x00, 0x00, 0x00, 0x00, 0x00, 0x00, 0x00, 0x00, 0x00, 0x00, 0x00, 0x00, 0x00, 0x00, 0x00,
    0x00, 0x00, 0x00, 0x00, 0x00, 0x00, 0x00, 0x00, 0x00, 0x00, 0x00, 0x00, 0x00, 0x00, 0x00, 0x00,
    0x00, 0x00, 0x00, 0x00, 0x00, 0x00, 0x00, 0x00, 0x00, 0x00, 0x00, 0x00, 0x00, 0x00, 0x00, 0x00,
    0x00, 0x00, 0x00, 0x00, 0x00, 0x00, 0x00, 0x00, 0x00, 0x00, 0x00, 0x00, 0x00, 0x00, 0x00, 0x00,
    0x00, 0x00, 0x00, 0x00, 0x00, 0x00, 0x00, 0x00, 0x00, 0x00, 0x00, 0x00, 0x00, 0x00, 0x00, 0x00,
    0x00, 0x00, 0x00, 0x00, 0x00, 0x00, 0x00, 0x00, 0x00, 0x00, 0x00, 0x00, 0x00, 0x00, 0x00, 0x00,
    0x00, 0x00, 0x00, 0x00, 0x00, 0x00, 0x00, 0x00, 0x00, 0x00, 0x00, 0x00, 0x00, 0x00, 0x00, 0x00,
    0x00, 0x00, 0x00, 0x00, 0x00, 0x00, 0x00, 0x00, 0x00, 0x00, 0x00, 0x00, 0x00, 0x00, 0x00, 0x00,
    0x00, 0x00, 0x00, 0x00, 0x00, 0x00, 0x00, 0x00, 0x00, 0x00, 0x00, 0x00, 0x00, 0x00, 0x00, 0x00,
    0x00, 0x00, 0x00, 0x00, 0x00, 0x00, 0x00, 0x00, 0x00, 0x00, 0x00, 0x00, 0x00, 0x00, 0x00, 0x00,
    0x00, 0x00, 0x00, 0x00, 0x00, 0x00, 0x00, 0x00, 0x00, 0x00, 0x00, 0x00, 0x00, 0x00, 0x00, 0x00,
    0x00, 0x00, 0x00, 0x00, 0x00, 0x00, 0x00, 0x00, 0x00, 0x00, 0x00, 0x00, 0x00, 0x00, 0x00, 0x00,
    0x00, 0x00, 0x00, 0x00, 0x00, 0x00, 0x00, 0x00, 0x00, 0x00, 0x00, 0x00, 0x00, 0x00, 0x00, 0x00,
    0x00, 0x00, 0x00, 0x00, 0x00, 0x00, 0x00, 0x00, 0x00, 0x00, 0x00, 0x00, 0x00, 0x00, 0x00, 0x00,
    0x00, 0x00, 0x00, 0x00, 0x00, 0x00, 0x00, 0x00, 0x00, 0x00, 0x00, 0x00, 0x00, 0x00, 0x00, 0x00,
    0x00, 0x00, 0x00, 0x00, 0x00, 0x00, 0x00, 0x00, 0x00, 0x00, 0x00, 0x00, 0x00, 0x00, 0x00, 0x00,
    0x00, 0x00, 0x00, 0x00, 0x00, 0x00, 0x00, 0x00, 0x00, 0x00, 0x00, 0x00, 0x00, 0x00, 0x00, 0x00,
    0x00, 0x00, 0x00, 0x00, 0x00, 0x00, 0x00, 0x00, 0x00, 0x00, 0x00, 0x00, 0x00, 0x00, 0x00, 0x00,
    0x00, 0x00, 0x00, 0x00, 0x00, 0x00, 0x00, 0x00, 0x00, 0x00, 0x00, 0x00, 0x00, 0x00, 0x00, 0x00,
    0x00, 0x00, 0x00, 0x00, 0x00, 0x00, 0x00, 0x00, 0x00, 0x00, 0x00, 0x00, 0x00, 0x00, 0x00, 0x00,
    0x00, 0x00, 0x00, 0x00, 0x00, 0x00, 0x00, 0x00, 0x00, 0x00, 0x00, 0x00, 0x00, 0x00, 0x00, 0x00,
    0x00, 0x00, 0x00, 0x00, 0x00, 0x00, 0x00, 0x00, 0x00, 0x00, 0x00, 0x00, 0x00, 0x00, 0x00, 0x00,
    0x00, 0x00, 0x00, 0x00, 0x00, 0x00, 0x00, 0x00, 0x00, 0x00, 0x00, 0x00, 0x00, 0x00, 0x00, 0x00,
    0x00, 0x00, 0x00, 0x00, 0x00, 0x00, 0x00, 0x00, 0x00, 0x00, 0x00, 0x00, 0x00, 0x00, 0x00, 0x00,
    0x00, 0x00, 0x00, 0x00, 0x00, 0x00, 0x00, 0x00, 0x00, 0x00, 0x00, 0x00, 0x00, 0x00, 0x00, 0x00,
    0x00, 0x00, 0x00, 0x00, 0x00, 0x00, 0x00, 0x00, 0x00, 0x00, 0x00, 0x00, 0x00, 0x00, 0x00, 0x00,
    0x00, 0x00, 0x00, 0x00, 0x00, 0x00, 0x00, 0x00, 0x00, 0x00, 0x00, 0x00, 0x00, 0x00, 0x00, 0x00,
    0x00, 0x00, 0x00, 0x00, 0x00, 0x00, 0x00, 0x00, 0x00, 0x00, 0x00, 0x00, 0x00, 0x00, 0x00, 0x00,
    0x00, 0x00, 0x00, 0x00, 0x00, 0x00, 0x00, 0x00, 0x00, 0x00, 0x00, 0x00, 0x00, 0x00, 0x00, 0x00,
    0x00, 0x00, 0x00, 0x00, 0x00, 0x00, 0x00, 0x00, 0x00, 0x00, 0x00, 0x00, 0x00, 0x00, 0x00, 0x00,
    0x00, 0x00, 0x00, 0x00, 0x00, 0x00, 0x00, 0x00, 0x00, 0x00, 0x00, 0x00, 0x00, 0x00, 0x00, 0x00,
    0x00, 0x00, 0x00, 0x00, 0x00, 0x00, 0x00, 0x00, 0x00, 0x00, 0x00, 0x00, 0x00, 0x00, 0x00, 0x00,
    0x00, 0x00, 0x00, 0x00, 0x00, 0x00, 0x00, 0x00, 0x00, 0x00, 0x00, 0x00, 0x00, 0x00, 0x00, 0x00,
    0x00, 0x00, 0x00, 0x00, 0x00, 0x00, 0x00, 0x00, 0x00, 0x00, 0x00, 0x00, 0x00, 0x00, 0x00, 0x00,
    0x00, 0x00, 0x00, 0x00, 0x00, 0x00, 0x00, 0x00, 0x00, 0x00, 0x00, 0x00, 0x00, 0x00, 0x00, 0x00,
    0x00, 0x00, 0x00, 0x00, 0x00, 0x00, 0x00, 0x00, 0x00, 0x00, 0x00, 0x00, 0x00, 0x00, 0x00, 0x00,
    0x00, 0x00, 0x00, 0x00, 0x00, 0x00, 0x00, 0x00, 0x00, 0x00, 0x00, 0x00, 0x00, 0x00, 0x00, 0x00,
    0x00, 0x00, 0x00, 0x00, 0x00, 0x00, 0x00, 0x00, 0x00, 0x00, 0x00, 0x00, 0x00, 0x00, 0x00, 0x00,
    0x00, 0x00, 0x00, 0x00, 0x00, 0x00, 0x00, 0x00, 0x00, 0x00, 0x00, 0x00, 0x00, 0x00, 0x00, 0x00,
    0x00, 0x00, 0x00, 0x00, 0x00, 0x00, 0x00, 0x00, 0x00, 0x00, 0x00, 0x00, 0x00, 0x00, 0x00, 0x00,
    0x00, 0x00, 0x00, 0x00, 0x00, 0x00, 0x00, 0x00, 0x00, 0x00, 0x00, 0x00, 0x00, 0x00, 0x00, 0x00,
    0xFF, 0x00, 0x00, 0x01, 0x00, 0x00, 0x00, 0x00, 0xFB, 0x8B, 0x13, 0x42, 0xFF, 0x91, 0x00, 0x0E,
    0x00, 0x00, 0x00, 0x00, 0x00, 0x00, 0x00, 0x00, 0x00, 0x00, 0x00, 0x00, 0x00, 0x00, 0x00, 0x00,
    0x00, 0x00, 0x00, 0x00, 0x00, 0x00, 0x00, 0x00, 0x00, 0x00, 0x00, 0x00, 0x00, 0x00, 0x00, 0x00,
    0x00, 0x00, 0x00, 0x00, 0x00, 0x00, 0x00, 0x00, 0x00, 0x00, 0x00, 0x00, 0x00, 0x00, 0x00, 0x00,
    0x00, 0x00, 0x00, 0x00, 0x00, 0x00, 0x00, 0x00, 0x00, 0x00, 0x00, 0x00, 0x00, 0x00, 0x00, 0x00,
    0x00, 0x00, 0x00, 0x00, 0x00, 0x00, 0x00, 0x00, 0x00, 0x00, 0x00, 0x00, 0x00, 0x00, 0x00, 0x00,
    0x00, 0x00, 0x00, 0x00, 0x00, 0x00, 0x00, 0x00, 0x00, 0x00, 0x00, 0x00, 0x00, 0x00, 0x00, 0x00,
    0x00, 0x00, 0x00, 0x00, 0x00, 0x00, 0x00, 0x00, 0x00, 0x00, 0x00, 0x00, 0x00, 0x00, 0x00, 0x00,
    0x00, 0x00, 0x00, 0x00, 0x00, 0x00, 0x00, 0x00, 0x00, 0x00, 0x00, 0x00, 0x00, 0x00, 0x00, 0x00,
    0x00, 0x00, 0x00, 0x00, 0x00, 0x00, 0x00, 0x00, 0x00, 0x00, 0x00, 0x00, 0x00, 0x00, 0x00, 0x00,
    0x00, 0x00, 0x00, 0x00, 0x00, 0x00, 0x00, 0x00, 0x00, 0x00, 0x00, 0x00, 0x00, 0x00, 0x00, 0x00,
    0x00, 0x00, 0x00, 0x00, 0x00, 0x00, 0x00, 0x00, 0x00, 0x00, 0x00, 0x00, 0x00, 0x00, 0x00, 0x00,
    0x00, 0x00, 0x00, 0x00, 0x00, 0x00, 0x00, 0x00, 0x00, 0x00, 0x00, 0x00, 0x00, 0x00, 0x00, 0x00,
    0x00, 0x00, 0x00, 0x00, 0x00, 0x00, 0x00, 0x00, 0x00, 0x00, 0x00, 0x00, 0x00, 0x00, 0x00, 0x00,
    0x00, 0x00, 0x00, 0x00, 0x00, 0x00, 0x00, 0x00, 0x00, 0x00, 0x00, 0x00, 0x00, 0x00, 0x00, 0x00,
    0x00, 0x00, 0x00, 0x00, 0x00, 0x00, 0x00, 0x00, 0x00, 0x00, 0x00, 0x00, 0x00, 0x00, 0x00, 0x00,
    0x00, 0x00, 0x00, 0x00, 0x00, 0x00, 0x00, 0x00, 0x00, 0x00, 0x00, 0x00, 0x00, 0x00, 0x00, 0x00,
    0x00, 0x00, 0x00, 0x00, 0x00, 0x00, 0x00, 0x00, 0x00, 0x00, 0x00, 0x00, 0x00, 0x00, 0x00, 0x00,
    0x00, 0x00, 0x00, 0x00, 0x00, 0x00, 0x00, 0x00, 0x00, 0x00, 0x00, 0x00, 0x00, 0x00, 0x00, 0x00,
    0x00, 0x00, 0x00, 0x00, 0x00, 0x00, 0x00, 0x00, 0x00, 0x00, 0x00, 0x00, 0x00, 0x00, 0x00, 0x00,
    0x00, 0x00, 0x00, 0x00, 0x00, 0x00, 0x00, 0x00, 0x00, 0x00, 0x00, 0x00, 0x00, 0x00, 0x00, 0x00,
    0x00, 0x00, 0x00, 0x00, 0x00, 0x00, 0x00, 0x00, 0x00, 0x00, 0x00, 0x00, 0x00, 0x00, 0x00, 0x00,
    0x00, 0x00, 0x00, 0x00, 0x00, 0x00, 0x00, 0x00, 0x00, 0x00, 0x00, 0x00, 0x00, 0x00, 0x00, 0x00,
    0x00, 0x00, 0x00, 0x00, 0x00, 0x00, 0x00, 0x00, 0x00, 0x00, 0x00, 0x00, 0x00, 0x00, 0x00, 0x00,
    0x00, 0x00, 0x00, 0x00, 0x00, 0x00, 0x00, 0x00, 0x00, 0x00, 0x00, 0x00, 0x00, 0x00, 0x00, 0x00,
    0x00, 0x00, 0x00, 0x00, 0x00, 0x00, 0x00, 0x00, 0x00, 0x00, 0x00, 0x00, 0x00, 0x00, 0x00, 0x00,
    0x00, 0x00, 0x00, 0x00, 0x00, 0x00, 0x00, 0x00, 0x00, 0x00, 0x00, 0x00, 0x00, 0x00, 0x00, 0x00,
    0x00, 0x00, 0x00, 0x00, 0x00, 0x00, 0x00, 0x00, 0x00, 0x00, 0x00, 0x00, 0x00, 0x00, 0x00, 0x00,
    0x00, 0x00, 0x00, 0x00, 0x00, 0x00, 0x00, 0x00, 0x00, 0x00, 0x00, 0x00, 0x00, 0x00, 0x00, 0x00,
    0x00, 0x00, 0x00, 0x00, 0x00, 0x00, 0x00, 0x00, 0x00, 0x00, 0x00, 0x00, 0x00, 0x00, 0x00, 0x00,
    0x00, 0x00, 0x00, 0x00, 0x00, 0x00, 0x00, 0x00, 0x00, 0x00, 0x00, 0x00, 0x00, 0x00, 0x00, 0x00,
    0x00, 0x00, 0x00, 0x00, 0x00, 0x00, 0x00, 0x00, 0x00, 0x00, 0x00, 0x00, 0x00, 0x00, 0x00, 0x00,
    0x00, 0x00, 0x00, 0x00, 0x00, 0x00, 0x00, 0x00, 0x00, 0x00, 0x00, 0x00, 0x00, 0x00, 0x00, 0x00,
    0x00, 0x00, 0x00, 0x00, 0x00, 0x00, 0x00, 0x00, 0x00, 0x00, 0x00, 0x00, 0x00, 0x00, 0x00, 0x00,
    0x00, 0x00, 0x00, 0x00, 0x00, 0x00, 0x00, 0x00, 0x00, 0x00, 0x00, 0x00, 0x00, 0x00, 0x00, 0x00,
    0x00, 0x00, 0x00, 0x00, 0x00, 0x00, 0x00, 0x00, 0x00, 0x00, 0x00, 0x00, 0x00, 0x00, 0x00, 0x00,
    0x00, 0x00, 0x00, 0x00, 0x00, 0x00, 0x00, 0x00, 0x00, 0x00, 0x00, 0x00, 0x00, 0x00, 0x00, 0x00,
    0x00, 0x00, 0x00, 0x00, 0x00, 0x00, 0x00, 0x00, 0x00, 0x00, 0x00, 0x00, 0x00, 0x00, 0x00, 0x00,
    0x00, 0x00, 0x00, 0x00, 0x00, 0x00, 0x00, 0x00, 0x00, 0x00, 0x00, 0x00, 0x00, 0x00, 0x00, 0x00,
    0x00, 0x00, 0x00, 0x00, 0x00, 0x00, 0x00, 0x00, 0x00, 0x00, 0x00, 0x00, 0x00, 0x00, 0x00, 0x00,
    0x00, 0x00, 0x00, 0x00, 0x00, 0x00, 0x00, 0x00, 0x00, 0x00, 0x00, 0x00, 0x00, 0x00, 0x00, 0x00,
    0x00, 0x00, 0x00, 0x00, 0x00, 0x00, 0x00, 0x00, 0x00, 0x00, 0x00, 0x00, 0x00, 0x00, 0x00, 0x00,
    0x00, 0x00, 0x00, 0x00, 0x00, 0x00, 0x00, 0x00, 0x00, 0x00, 0x00, 0x00, 0x00, 0x00, 0x00, 0x00,
    0x00, 0x00, 0x00, 0x00, 0x00, 0x00, 0x00, 0x00, 0x00, 0x00, 0x00, 0x00, 0x00, 0x00, 0x00, 0x00,
    0x00, 0x00, 0x00, 0x00, 0x00, 0x00, 0x00, 0x00, 0x00, 0x00, 0x00, 0x00, 0x00, 0x00, 0x00, 0x00,
    0x00, 0x00, 0x00, 0x00, 0x00, 0x00, 0x00, 0x00, 0x00, 0x00, 0x00, 0x00, 0x00, 0x00, 0x00, 0x00,
    0x00, 0x00, 0x00, 0x00, 0x00, 0x00, 0x00, 0x00, 0x00, 0x00, 0x00, 0x00, 0x00, 0x00, 0x00, 0x00,
    0x00, 0x00, 0x00, 0x00, 0x00, 0x00, 0x00, 0x00, 0x00, 0x00, 0x00, 0x00, 0x00, 0x00, 0x00, 0x00,
    0x00, 0x00, 0x00, 0x00, 0x00, 0x00, 0x00, 0x00, 0x00, 0x00, 0x00, 0x00, 0x00, 0x00, 0x00, 0x00,
    0x00, 0x00, 0x00, 0x00, 0x00, 0x00, 0x00, 0x00, 0x00, 0x00, 0x00, 0x00, 0x00, 0x00, 0x00, 0x00,
    0x00, 0x00, 0x00, 0x00, 0x00, 0x00, 0x00, 0x00, 0x00, 0x00, 0x00, 0x00, 0x00, 0x00, 0x00, 0x00,
    0x00, 0x00, 0x00, 0x00, 0x00, 0x00, 0x00, 0x00, 0x00, 0x00, 0x00, 0x00, 0x00, 0x00, 0x00, 0x00,
    0x00, 0x00, 0x00, 0x00, 0x00, 0x00, 0x00, 0x00, 0x00, 0x00, 0x00, 0x00, 0x00, 0x00, 0x00, 0x00,
    0x00, 0x00, 0x00, 0x00, 0x00, 0x00, 0x00, 0x00, 0x00, 0x00, 0x00, 0x00, 0x00, 0x00, 0x00, 0x00,
    0x00, 0x00, 0x00, 0x00, 0x00, 0x00, 0x00, 0x00, 0x00, 0x00, 0x00, 0x00, 0x00, 0x00, 0x00, 0x00,
    0x00, 0x00, 0x00, 0x00, 0x00, 0x00, 0x00, 0x00, 0x00, 0x00, 0x00, 0x00, 0x00, 0x00, 0x00, 0x00,
    0x00, 0x00, 0x00, 0x00, 0x00, 0x00, 0x00, 0x00, 0x00, 0x00, 0x00, 0x00, 0x00, 0x00, 0x00, 0x00,
    0x00, 0x00, 0x00, 0x00, 0x00, 0x00, 0x00, 0x00, 0x00, 0x00, 0x00, 0x00, 0x00, 0x00, 0x00, 0x00,
    0x00, 0x00, 0x00, 0x00, 0x00, 0x00, 0x00, 0x00, 0x00, 0x00, 0x00, 0x00, 0x00, 0x00, 0x00, 0x00,
    0x00, 0x00, 0x00, 0x00, 0x00, 0x00, 0x00, 0x00, 0x00, 0x00, 0x00, 0x00, 0xFF, 0x7F, 0x00, 0x02,
    0x00, 0x00, 0x00, 0x00, 0xF9, 0x8B, 0x11, 0x2C, 0xF9, 0x88, 0x10, 0x5F, 0xFF, 0xFF, 0x00, 0x01,
    0xFF, 0xFF, 0x00, 0x01, 0x00, 0x00, 0x00, 0x00, 0x00, 0x00, 0x00, 0x00, 0x00, 0x00, 0x00, 0x00,
    0x00, 0x00, 0x00, 0x00, 0x00, 0x00, 0x00, 0x00, 0x00, 0x00, 0x00, 0x00, 0x00, 0x00, 0x00, 0x00,
    0x00, 0x00, 0x00, 0x00, 0x00, 0x00, 0x00, 0x00, 0x00, 0x00, 0x00, 0x00, 0x00, 0x00, 0x00, 0x00,
    0x00, 0x00, 0x00, 0x00, 0x00, 0x00, 0x00, 0x00, 0x00, 0x00, 0x00, 0x00, 0x00, 0x00, 0x00, 0x00,
    0x00, 0x00, 0x00, 0x00, 0x00, 0x00, 0x00, 0x00, 0x00, 0x00, 0x00, 0x00, 0x00, 0x00, 0x00, 0x00,
    0x00, 0x00, 0x00, 0x00, 0x00, 0x00, 0x00, 0x00, 0x00, 0x00, 0x00, 0x00, 0x00, 0x00, 0x00, 0x00,
    0x00, 0x00, 0x00, 0x00, 0x00, 0x00, 0x00, 0x00, 0x00, 0x00, 0x00, 0x00, 0x00, 0x00, 0x00, 0x00,
    0x00, 0x00, 0x00, 0x00, 0x00, 0x00, 0x00, 0x00, 0x00, 0x00, 0x00, 0x00, 0x00, 0x00, 0x00, 0x00,
    0x00, 0x00, 0x00, 0x00, 0x00, 0x00, 0x00, 0x00, 0x00, 0x00, 0x00, 0x00, 0x00, 0x00, 0x00, 0x00,
    0x00, 0x00, 0x00, 0x00, 0x00, 0x00, 0x00, 0x00, 0x00, 0x00, 0x00, 0x00, 0x00, 0x00, 0x00, 0x00,
    0x00, 0x00, 0x00, 0x00, 0x00, 0x00, 0x00, 0x00, 0x00, 0x00, 0x00, 0x00, 0x00, 0x00, 0x00, 0x00,
    0x00, 0x00, 0x00, 0x00, 0x00, 0x00, 0x00, 0x00, 0x00, 0x00, 0x00, 0x00, 0x00, 0x00, 0x00, 0x00,
    0x00, 0x00, 0x00, 0x00, 0x00, 0x00, 0x00, 0x00, 0x00, 0x00, 0x00, 0x00, 0x00, 0x00, 0x00, 0x00,
    0x00, 0x00, 0x00, 0x00, 0x00, 0x00, 0x00, 0x00, 0x00, 0x00, 0x00, 0x00, 0x00, 0x00, 0x00, 0x00,
    0x00, 0x00, 0x00, 0x00, 0x00, 0x00, 0x00, 0x00, 0x00, 0x00, 0x00, 0x00, 0x00, 0x00, 0x00, 0x00,
    0x00, 0x00, 0x00, 0x00, 0x00, 0x00, 0x00, 0x00, 0x00, 0x00, 0x00, 0x00, 0x00, 0x00, 0x00, 0x00,
    0x00, 0x00, 0x00, 0x00, 0x00, 0x00, 0x00, 0x00, 0x00, 0x00, 0x00, 0x00, 0x00, 0x00, 0x00, 0x00,
    0x00, 0x00, 0x00, 0x00, 0x00, 0x00, 0x00, 0x00, 0x00, 0x00, 0x00, 0x00, 0x00, 0x00, 0x00, 0x00,
    0x00, 0x00, 0x00, 0x00, 0x00, 0x00, 0x00, 0x00, 0x00, 0x00, 0x00, 0x00, 0x00, 0x00, 0x00, 0x00,
    0x00, 0x00, 0x00, 0x00, 0x00, 0x00, 0x00, 0x00, 0x00, 0x00, 0x00, 0x00, 0x00, 0x00, 0x00, 0x00,
    0x00, 0x00, 0x00, 0x00, 0x00, 0x00, 0x00, 0x00, 0x00, 0x00, 0x00, 0x00, 0x00, 0x00, 0x00, 0x00,
    0x00, 0x00, 0x00, 0x00, 0x00, 0x00, 0x00, 0x00, 0x00, 0x00, 0x00, 0x00, 0x00, 0x00, 0x00, 0x00,
    0x00, 0x00, 0x00, 0x00, 0x00, 0x00, 0x00, 0x00, 0x00, 0x00, 0x00, 0x00, 0x00, 0x00, 0x00, 0x00,
    0x00, 0x00, 0x00, 0x00, 0x00, 0x00, 0x00, 0x00, 0x00, 0x00, 0x00, 0x00, 0x00, 0x00, 0x00, 0x00,
    0x00, 0x00, 0x00, 0x00, 0x00, 0x00, 0x00, 0x00, 0x00, 0x00, 0x00, 0x00, 0x00, 0x00, 0x00, 0x00,
    0x00, 0x00, 0x00, 0x00, 0x00, 0x00, 0x00, 0x00, 0x00, 0x00, 0x00, 0x00, 0x00, 0x00, 0x00, 0x00,
    0x00, 0x00, 0x00, 0x00, 0x00, 0x00, 0x00, 0x00, 0x00, 0x00, 0x00, 0x00, 0x00, 0x00, 0x00, 0x00,
    0x00, 0x00, 0x00, 0x00, 0x00, 0x00, 0x00, 0x00, 0x00, 0x00, 0x00, 0x00, 0x00, 0x00, 0x00, 0x00,
    0x00, 0x00, 0x00, 0x00, 0x00, 0x00, 0x00, 0x00, 0x00, 0x00, 0x00, 0x00, 0x00, 0x00, 0x00, 0x00,
    0x00, 0x00, 0x00, 0x00, 0x00, 0x00, 0x00, 0x00, 0x00, 0x00, 0x00, 0x00, 0x00, 0x00, 0x00, 0x00,
    0x00, 0x00, 0x00, 0x00, 0x00, 0x00, 0x00, 0x00, 0x00, 0x00, 0x00, 0x00, 0x00, 0x00, 0x00, 0x00,
    0x00, 0x00, 0x00, 0x00, 0x00, 0x00, 0x00, 0x00, 0x00, 0x00, 0x00, 0x00, 0x00, 0x00, 0x00, 0x00,
    0x00, 0x00, 0x00, 0x00, 0x00, 0x00, 0x00, 0x00, 0x00, 0x00, 0x00, 0x00, 0x00, 0x00, 0x00, 0x00,
    0x00, 0x00, 0x00, 0x00, 0x00, 0x00, 0x00, 0x00, 0x00, 0x00, 0x00, 0x00, 0x00, 0x00, 0x00, 0x00,
    0x00, 0x00, 0x00, 0x00, 0x00, 0x00, 0x00, 0x00, 0x00, 0x00, 0x00, 0x00, 0x00, 0x00, 0x00, 0x00,
    0x00, 0x00, 0x00, 0x00, 0x00, 0x00, 0x00, 0x00, 0x00, 0x00, 0x00, 0x00, 0x00, 0x00, 0x00, 0x00,
    0x00, 0x00, 0x00, 0x00, 0x00, 0x00, 0x00, 0x00, 0x00, 0x00, 0x00, 0x00, 0x00, 0x00, 0x00, 0x00,
    0x00, 0x00, 0x00, 0x00, 0x00, 0x00, 0x00, 0x00, 0x00, 0x00, 0x00, 0x00, 0x00, 0x00, 0x00, 0x00,
    0x00, 0x00, 0x00, 0x00, 0x00, 0x00, 0x00, 0x00, 0x00, 0x00, 0x00, 0x00, 0x00, 0x00, 0x00, 0x00,
    0x00, 0x00, 0x00, 0x00, 0x00, 0x00, 0x00, 0x00, 0x00, 0x00, 0x00, 0x00, 0x00, 0x00, 0x00, 0x00,
    0x00, 0x00, 0x00, 0x00, 0x00, 0x00, 0x00, 0x00, 0x00, 0x00, 0x00, 0x00, 0x00, 0x00, 0x00, 0x00,
    0x00, 0x00, 0x00, 0x00, 0x00, 0x00, 0x00, 0x00, 0x00, 0x00, 0x00, 0x00, 0x00, 0x00, 0x00, 0x00,
    0x00, 0x00, 0x00, 0x00, 0x00, 0x00, 0x00, 0x00, 0x00, 0x00, 0x00, 0x00, 0x00, 0x00, 0x00, 0x00,
    0x00, 0x00, 0x00, 0x00, 0x00, 0x00, 0x00, 0x00, 0x00, 0x00, 0x00, 0x00, 0x00, 0x00, 0x00, 0x00,
    0x00, 0x00, 0x00, 0x00, 0x00, 0x00, 0x00, 0x00, 0x00, 0x00, 0x00, 0x00, 0x00, 0x00, 0x00, 0x00,
    0x00, 0x00, 0x00, 0x00, 0x00, 0x00, 0x00, 0x00, 0x00, 0x00, 0x00, 0x00, 0x00, 0x00, 0x00, 0x00,
    0xFF, 0x00, 0x00, 0x01, 0xFF, 0xFF, 0x00, 0x01, 0x00, 0x00, 0x00, 0x00, 0x00, 0x00, 0x00, 0x00,
    0x00, 0x00, 0x00, 0x00, 0x00, 0x00, 0x00, 0x00, 0x00, 0x00, 0x00, 0x00, 0x00, 0x00, 0x00, 0x00,
    0x00, 0x00, 0x00, 0x00, 0x00, 0x00, 0x00, 0x00, 0x00, 0x00, 0x00, 0x00, 0x00, 0x00, 0x00, 0x00,
    0x00, 0x00, 0x00, 0x00, 0x00, 0x00, 0x00, 0x00, 0x00, 0x00, 0x00, 0x00, 0x00, 0x00, 0x00, 0x00,
    0x00, 0x00, 0x00, 0x00, 0x00, 0x00, 0x00, 0x00, 0x00, 0x00, 0x00, 0x00, 0x00, 0x00, 0x00, 0x00,
    0x00, 0x00, 0x00, 0x00, 0x00, 0x00, 0x00, 0x00, 0x00, 0x00, 0x00, 0x00, 0x00, 0x00, 0x00, 0x00,
    0x00, 0x00, 0x00, 0x00, 0x00, 0x00, 0x00, 0x00, 0x00, 0x00, 0x00, 0x00, 0x00, 0x00, 0x00, 0x00,
    0x00, 0x00, 0x00, 0x00, 0x00, 0x00, 0x00, 0x00, 0x00, 0x00, 0x00, 0x00, 0x00, 0x00, 0x00, 0x00,
    0x00, 0x00, 0x00, 0x00, 0x00, 0x00, 0x00, 0x00, 0x00, 0x00, 0x00, 0x00, 0x00, 0x00, 0x00, 0x00,
    0x00, 0x00, 0x00, 0x00, 0x00, 0x00, 0x00, 0x00, 0x00, 0x00, 0x00, 0x00, 0x00, 0x00, 0x00, 0x00,
    0x00, 0x00, 0x00, 0x00, 0x00, 0x00, 0x00, 0x00, 0x00, 0x00, 0x00, 0x00, 0x00, 0x00, 0x00, 0x00,
    0x00, 0x00, 0x00, 0x00, 0x00, 0x00, 0x00, 0x00, 0x00, 0x00, 0x00, 0x00, 0x00, 0x00, 0x00, 0x00,
    0x00, 0x00, 0x00, 0x00, 0x00, 0x00, 0x00, 0x00, 0x00, 0x00, 0x00, 0x00, 0xFF, 0x7F, 0x00, 0x02,
    0xFF, 0xFF, 0x00, 0x02, 0xF9, 0x8A, 0x11, 0x86, 0xFF, 0x8F, 0x0F, 0x20, 0x00, 0x00, 0x00, 0x00,
    0xFF, 0xFF, 0x00, 0x01, 0x00, 0x00, 0x00, 0x00, 0x00, 0x00, 0x00, 0x00, 0x00, 0x00, 0x00, 0x00,
    0x00, 0x00, 0x00, 0x00, 0x00, 0x00, 0x00, 0x00, 0x00, 0x00, 0x00, 0x00, 0x00, 0x00, 0x00, 0x00,
    0x00, 0x00, 0x00, 0x00, 0x00, 0x00, 0x00, 0x00, 0x00, 0x00, 0x00, 0x00, 0x00, 0x00, 0x00, 0x00,
    0x00, 0x00, 0x00, 0x00, 0x00, 0x00, 0x00, 0x00, 0x00, 0x00, 0x00, 0x00, 0x00, 0x00, 0x00, 0x00,
    0x00, 0x00, 0x00, 0x00, 0x00, 0x00, 0x00, 0x00, 0x00, 0x00, 0x00, 0x00, 0x00, 0x00, 0x00, 0x00,
    0x00, 0x00, 0x00, 0x00, 0x00, 0x00, 0x00, 0x00, 0x00, 0x00, 0x00, 0x00, 0x00, 0x00, 0x00, 0x00,
    0x00, 0x00, 0x00, 0x00, 0x00, 0x00, 0x00, 0x00, 0x00, 0x00, 0x00, 0x00, 0x00, 0x00, 0x00, 0x00,
    0x00, 0x00, 0x00, 0x00, 0x00, 0x00, 0x00, 0x00, 0x00, 0x00, 0x00, 0x00, 0x00, 0x00, 0x00, 0x00,
    0x00, 0x00, 0x00, 0x00, 0x00, 0x00, 0x00, 0x00, 0x00, 0x00, 0x00, 0x00, 0x00, 0x00, 0x00, 0x00,
    0x00, 0x00, 0x00, 0x00, 0x00, 0x00, 0x00, 0x00, 0x00, 0x00, 0x00, 0x00, 0x00, 0x00, 0x00, 0x00,
    0x00, 0x00, 0x00, 0x00, 0x00, 0x00, 0x00, 0x00, 0x00, 0x00, 0x00, 0x00, 0x00, 0x00, 0x00, 0x00,
    0x00, 0x00, 0x00, 0x00, 0x00, 0x00, 0x00, 0x00, 0x00, 0x00, 0x00, 0x00, 0x00, 0x00, 0x00, 0x00,
    0x00, 0x00, 0x00, 0x00, 0x00, 0x00, 0x00, 0x00, 0x00, 0x00, 0x00, 0x00, 0x00, 0x00, 0x00, 0x00,
    0x00, 0x00, 0x00, 0x00, 0x00, 0x00, 0x00, 0x00, 0x00, 0x00, 0x00, 0x00, 0x00, 0x00, 0x00, 0x00,
    0x00, 0x00, 0x00, 0x00, 0x00, 0x00, 0x00, 0x00, 0x00, 0x00, 0x00, 0x00, 0x00, 0x00, 0x00, 0x00,
    0x00, 0x00, 0x00, 0x00, 0x00, 0x00, 0x00, 0x00, 0x00, 0x00, 0x00, 0x00, 0x00, 0x00, 0x00, 0x00,
    0x00, 0x00, 0x00, 0x00, 0x00, 0x00, 0x00, 0x00, 0x00, 0x00, 0x00, 0x00, 0x00, 0x00, 0x00, 0x00,
    0x00, 0x00, 0x00, 0x00, 0x00, 0x00, 0x00, 0x00, 0x00, 0x00, 0x00, 0x00, 0x00, 0x00, 0x00, 0x00,
    0x00, 0x00, 0x00, 0x00, 0x00, 0x00, 0x00, 0x00, 0x00, 0x00, 0x00, 0x00, 0x00, 0x00, 0x00, 0x00,
    0x00, 0x00, 0x00, 0x00, 0x00, 0x00, 0x00, 0x00, 0x00, 0x00, 0x00, 0x00, 0x00, 0x00, 0x00, 0x00,
    0x00, 0x00, 0x00, 0x00, 0x00, 0x00, 0x00, 0x00, 0x00, 0x00, 0x00, 0x00, 0x00, 0x00, 0x00, 0x00,
    0x00, 0x00, 0x00, 0x00, 0x00, 0x00, 0x00, 0x00, 0x00, 0x00, 0x00, 0x00, 0x00, 0x00, 0x00, 0x00,
    0x00, 0x00, 0x00, 0x00, 0x00, 0x00, 0x00, 0x00, 0x00, 0x00, 0x00, 0x00, 0x00, 0x00, 0x00, 0x00,
    0x00, 0x00, 0x00, 0x00, 0x00, 0x00, 0x00, 0x00, 0x00, 0x00, 0x00, 0x00, 0x00, 0x00, 0x00, 0x00,
    0x00, 0x00, 0x00, 0x00, 0x00, 0x00, 0x00, 0x00, 0x00, 0x00, 0x00, 0x00, 0x00, 0x00, 0x00, 0x00,
    0x00, 0x00, 0x00, 0x00, 0x00, 0x00, 0x00, 0x00, 0x00, 0x00, 0x00, 0x00, 0x00, 0x00, 0x00, 0x00,
    0x00, 0x00, 0x00, 0x00, 0x00, 0x00, 0x00, 0x00, 0x00, 0x00, 0x00, 0x00, 0x00, 0x00, 0x00, 0x00,
    0x00, 0x00, 0x00, 0x00, 0x00, 0x00, 0x00, 0x00, 0x00, 0x00, 0x00, 0x00, 0x00, 0x00, 0x00, 0x00,
    0x00, 0x00, 0x00, 0x00, 0x00, 0x00, 0x00, 0x00, 0x00, 0x00, 0x00, 0x00, 0x00, 0x00, 0x00, 0x00,
    0x00, 0x00, 0x00, 0x00, 0x00, 0x00, 0x00, 0x00, 0x00, 0x00, 0x00, 0x00, 0x00, 0x00, 0x00, 0x00,
    0x00, 0x00, 0x00, 0x00, 0x00, 0x00, 0x00, 0x00, 0x00, 0x00, 0x00, 0x00, 0x00, 0x00, 0x00, 0x00,
    0x00, 0x00, 0x00, 0x00, 0x00, 0x00, 0x00, 0x00, 0x00, 0x00, 0x00, 0x00, 0x00, 0x00, 0x00, 0x00,
    0x00, 0x00, 0x00, 0x00, 0x00, 0x00, 0x00, 0x00, 0x00, 0x00, 0x00, 0x00, 0x00, 0x00, 0x00, 0x00,
    0x00, 0x00, 0x00, 0x00, 0x00, 0x00, 0x00, 0x00, 0x00, 0x00, 0x00, 0x00, 0x00, 0x00, 0x00, 0x00,
    0x00, 0x00, 0x00, 0x00, 0x00, 0x00, 0x00, 0x00, 0x00, 0x00, 0x00, 0x00, 0x00, 0x00, 0x00, 0x00,
    0x00, 0x00, 0x00, 0x00, 0x00, 0x00, 0x00, 0x00, 0x00, 0x00, 0x00, 0x00, 0x00, 0x00, 0x00, 0x00,
    0x00, 0x00, 0x00, 0x00, 0x00, 0x00, 0x00, 0x00, 0x00, 0x00, 0x00, 0x00, 0x00, 0x00, 0x00, 0x00,
    0x00, 0x00, 0x00, 0x00, 0x00, 0x00, 0x00, 0x00, 0x00, 0x00, 0x00, 0x00, 0x00, 0x00, 0x00, 0x00,
    0x00, 0x00, 0x00, 0x00, 0x00, 0x00, 0x00, 0x00, 0x00, 0x00, 0x00, 0x00, 0x00, 0x00, 0x00, 0x00,
    0x00, 0x00, 0x00, 0x00, 0x00, 0x00, 0x00, 0x00, 0x00, 0x00, 0x00, 0x00, 0x00, 0x00, 0x00, 0x00,
    0x00, 0x00, 0x00, 0x00, 0x00, 0x00, 0x00, 0x00, 0x00, 0x00, 0x00, 0x00, 0x00, 0x00, 0x00, 0x00,
    0x00, 0x00, 0x00, 0x00, 0x00, 0x00, 0x00, 0x00, 0x00, 0x00, 0x00, 0x00, 0x00, 0x00, 0x00, 0x00,
    0x00, 0x00, 0x00, 0x00, 0x00, 0x00, 0x00, 0x00, 0x00, 0x00, 0x00, 0x00, 0x00, 0x00, 0x00, 0x00,
    0x00, 0x00, 0x00, 0x00, 0x00, 0x00, 0x00, 0x00, 0x00, 0x00, 0x00, 0x00, 0x00, 0x00, 0x00, 0x00,
    0x00, 0x00, 0x00, 0x00, 0x00, 0x00, 0x00, 0x00, 0x00, 0x00, 0x00, 0x00, 0x00, 0x00, 0x00, 0x00,
    0x00, 0x00, 0x00, 0x00, 0x00, 0x00, 0x00, 0x00, 0x00, 0x00, 0x00, 0x00, 0x00, 0x00, 0x00, 0x00,
    0x00, 0x00, 0x00, 0x00, 0x00, 0x00, 0x00, 0x00, 0x00, 0x00, 0x00, 0x00, 0xFF, 0x55, 0x00, 0x03,
    0xFF, 0xFF, 0x00, 0x01, 0x00, 0x00, 0x00, 0x00, 0x00, 0x00, 0x00, 0x00, 0x00, 0x00, 0x00, 0x00,
    0x00, 0x00, 0x00, 0x00, 0x00, 0x00, 0x00, 0x00, 0x00, 0x00, 0x00, 0x00, 0x00, 0x00, 0x00, 0x00,
    0x00, 0x00, 0x00, 0x00, 0x00, 0x00, 0x00, 0x00, 0x00, 0x00, 0x00, 0x00, 0x00, 0x00, 0x00, 0x00,
    0x00, 0x00, 0x00, 0x00, 0x00, 0x00, 0x00, 0x00, 0x00, 0x00, 0x00, 0x00, 0x00, 0x00, 0x00, 0x00,
    0x00, 0x00, 0x00, 0x00, 0x00, 0x00, 0x00, 0x00, 0x00, 0x00, 0x00, 0x00, 0x00, 0x00, 0x00, 0x00,
    0x00, 0x00, 0x00, 0x00, 0x00, 0x00, 0x00, 0x00, 0x00, 0x00, 0x00, 0x00, 0x00, 0x00, 0x00, 0x00,
    0x00, 0x00, 0x00, 0x00, 0x00, 0x00, 0x00, 0x00, 0x00, 0x00, 0x00, 0x00, 0x00, 0x00, 0x00, 0x00,
    0x00, 0x00, 0x00, 0x00, 0x00, 0x00, 0x00, 0x00, 0x00, 0x00, 0x00, 0x00, 0x00, 0x00, 0x00, 0x00,
    0x00, 0x00, 0x00, 0x00, 0x00, 0x00, 0x00, 0x00, 0x00, 0x00, 0x00, 0x00, 0x00, 0x00, 0x00, 0x00,
    0x00, 0x00, 0x00, 0x00, 0x00, 0x00, 0x00, 0x00, 0x00, 0x00, 0x00, 0x00, 0x00, 0x00, 0x00, 0x00,
    0x00, 0x00, 0x00, 0x00, 0x00, 0x00, 0x00, 0x00, 0x00, 0x00, 0x00, 0x00, 0x00, 0x00, 0x00, 0x00,
    0x00, 0x00, 0x00, 0x00, 0x00, 0x00, 0x00, 0x00, 0xFF, 0x7F, 0x00, 0x02, 0x00, 0x00, 0x00, 0x00,
    0xF9, 0x8A, 0x11, 0x5A, 0xFB, 0x8A, 0x11, 0x81, 0x00, 0x00, 0x00, 0x00, 0xFF, 0x7F, 0x00, 0x02,
    0x00, 0x00, 0x00, 0x00, 0x00, 0x00, 0x00, 0x00, 0x00, 0x00, 0x00, 0x00, 0x00, 0x00, 0x00, 0x00,
    0x00, 0x00, 0x00, 0x00, 0x00, 0x00, 0x00, 0x00, 0x00, 0x00, 0x00, 0x00, 0x00, 0x00, 0x00, 0x00,
    0x00, 0x00, 0x00, 0x00, 0x00, 0x00, 0x00, 0x00, 0x00, 0x00, 0x00, 0x00, 0x00, 0x00, 0x00, 0x00,
    0x00, 0x00, 0x00, 0x00, 0x00, 0x00, 0x00, 0x00, 0x00, 0x00, 0x00, 0x00, 0x00, 0x00, 0x00, 0x00,
    0x00, 0x00, 0x00, 0x00, 0x00, 0x00, 0x00, 0x00, 0x00, 0x00, 0x00, 0x00, 0x00, 0x00, 0x00, 0x00,
    0x00, 0x00, 0x00, 0x00, 0x00, 0x00, 0x00, 0x00, 0x00, 0x00, 0x00, 0x00, 0x00, 0x00, 0x00, 0x00,
    0x00, 0x00, 0x00, 0x00, 0x00, 0x00, 0x00, 0x00, 0x00, 0x00, 0x00, 0x00, 0x00, 0x00, 0x00, 0x00,
    0x00, 0x00, 0x00, 0x00, 0x00, 0x00, 0x00, 0x00, 0x00, 0x00, 0x00, 0x00, 0x00, 0x00, 0x00, 0x00,
    0x00, 0x00, 0x00, 0x00, 0x00, 0x00, 0x00, 0x00, 0x00, 0x00, 0x00, 0x00, 0x00, 0x00, 0x00, 0x00,
    0x00, 0x00, 0x00, 0x00, 0x00, 0x00, 0x00, 0x00, 0x00, 0x00, 0x00, 0x00, 0x00, 0x00, 0x00, 0x00,
    0x00, 0x00, 0x00, 0x00, 0x00, 0x00, 0x00, 0x00, 0x00, 0x00, 0x00, 0x00, 0x00, 0x00, 0x00, 0x00,
    0x00, 0x00, 0x00, 0x00, 0x00, 0x00, 0x00, 0x00, 0x00, 0x00, 0x00, 0x00, 0x00, 0x00, 0x00, 0x00,
    0x00, 0x00, 0x00, 0x00, 0x00, 0x00, 0x00, 0x00, 0x00, 0x00, 0x00, 0x00, 0x00, 0x00, 0x00, 0x00,
    0x00, 0x00, 0x00, 0x00, 0x00, 0x00, 0x00, 0x00, 0x00, 0x00, 0x00, 0x00, 0x00, 0x00, 0x00, 0x00,
    0x00, 0x00, 0x00, 0x00, 0x00, 0x00, 0x00, 0x00, 0x00, 0x00, 0x00, 0x00, 0x00, 0x00, 0x00, 0x00,
    0x00, 0x00, 0x00, 0x00, 0x00, 0x00, 0x00, 0x00, 0x00, 0x00, 0x00, 0x00, 0x00, 0x00, 0x00, 0x00,
    0x00, 0x00, 0x00, 0x00, 0x00, 0x00, 0x00, 0x00, 0x00, 0x00, 0x00, 0x00, 0x00, 0x00, 0x00, 0x00,
    0x00, 0x00, 0x00, 0x00, 0x00, 0x00, 0x00, 0x00, 0x00, 0x00, 0x00, 0x00, 0x00, 0x00, 0x00, 0x00,
    0x00, 0x00, 0x00, 0x00, 0x00, 0x00, 0x00, 0x00, 0x00, 0x00, 0x00, 0x00, 0x00, 0x00, 0x00, 0x00,
    0x00, 0x00, 0x00, 0x00, 0x00, 0x00, 0x00, 0x00, 0x00, 0x00, 0x00, 0x00, 0x00, 0x00, 0x00, 0x00,
    0x00, 0x00, 0x00, 0x00, 0x00, 0x00, 0x00, 0x00, 0x00, 0x00, 0x00, 0x00, 0x00, 0x00, 0x00, 0x00,
    0x00, 0x00, 0x00, 0x00, 0x00, 0x00, 0x00, 0x00, 0x00, 0x00, 0x00, 0x00, 0x00, 0x00, 0x00, 0x00,
    0x00, 0x00, 0x00, 0x00, 0x00, 0x00, 0x00, 0x00, 0x00, 0x00, 0x00, 0x00, 0x00, 0x00, 0x00, 0x00,
    0x00, 0x00, 0x00, 0x00, 0x00, 0x00, 0x00, 0x00, 0x00, 0x00, 0x00, 0x00, 0x00, 0x00, 0x00, 0x00,
    0x00, 0x00, 0x00, 0x00, 0x00, 0x00, 0x00, 0x00, 0x00, 0x00, 0x00, 0x00, 0x00, 0x00, 0x00, 0x00,
    0x00, 0x00, 0x00, 0x00, 0x00, 0x00, 0x00, 0x00, 0x00, 0x00, 0x00, 0x00, 0x00, 0x00, 0x00, 0x00,
    0x00, 0x00, 0x00, 0x00, 0x00, 0x00, 0x00, 0x00, 0x00, 0x00, 0x00, 0x00, 0x00, 0x00, 0x00, 0x00,
    0x00, 0x00, 0x00, 0x00, 0x00, 0x00, 0x00, 0x00, 0x00, 0x00, 0x00, 0x00, 0x00, 0x00, 0x00, 0x00,
    0x00, 0x00, 0x00, 0x00, 0x00, 0x00, 0x00, 0x00, 0x00, 0x00, 0x00, 0x00, 0x00, 0x00, 0x00, 0x00,
    0x00, 0x00, 0x00, 0x00, 0x00, 0x00, 0x00, 0x00, 0x00, 0x00, 0x00, 0x00, 0x00, 0x00, 0x00, 0x00,
    0x00, 0x00, 0x00, 0x00, 0x00, 0x00, 0x00, 0x00, 0x00, 0x00, 0x00, 0x00, 0x00, 0x00, 0x00, 0x00,
    0x00, 0x00, 0x00, 0x00, 0x00, 0x00, 0x00, 0x00, 0x00, 0x00, 0x00, 0x00, 0x00, 0x00, 0x00, 0x00,
    0x00, 0x00, 0x00, 0x00, 0x00, 0x00, 0x00, 0x00, 0x00, 0x00, 0x00, 0x00, 0x00, 0x00, 0x00, 0x00,
    0x00, 0x00, 0x00, 0x00, 0x00, 0x00, 0x00, 0x00, 0x00, 0x00, 0x00, 0x00, 0x00, 0x00, 0x00, 0x00,
    0x00, 0x00, 0x00, 0x00, 0x00, 0x00, 0x00, 0x00, 0x00, 0x00, 0x00, 0x00, 0x00, 0x00, 0x00, 0x00,
    0x00, 0x00, 0x00, 0x00, 0x00, 0x00, 0x00, 0x00, 0x00, 0x00, 0x00, 0x00, 0x00, 0x00, 0x00, 0x00,
    0x00, 0x00, 0x00, 0x00, 0x00, 0x00, 0x00, 0x00, 0x00, 0x00, 0x00, 0x00, 0x00, 0x00, 0x00, 0x00,
    0x00, 0x00, 0x00, 0x00, 0x00, 0x00, 0x00, 0x00, 0x00, 0x00, 0x00, 0x00, 0x00, 0x00, 0x00, 0x00,
    0x00, 0x00, 0x00, 0x00, 0x00, 0x00, 0x00, 0x00, 0x00, 0x00, 0x00, 0x00, 0x00, 0x00, 0x00, 0x00,
    0x00, 0x00, 0x00, 0x00, 0x00, 0x00, 0x00, 0x00, 0x00, 0x00, 0x00, 0x00, 0x00, 0x00, 0x00, 0x00,
    0x00, 0x00, 0x00, 0x00, 0x00, 0x00, 0x00, 0x00, 0x00, 0x00, 0x00, 0x00, 0x00, 0x00, 0x00, 0x00,
    0x00, 0x00, 0x00, 0x00, 0x00, 0x00, 0x00, 0x00, 0x00, 0x00, 0x00, 0x00, 0x00, 0x00, 0x00, 0x00,
    0x00, 0x00, 0x00, 0x00, 0x00, 0x00, 0x00, 0x00, 0x00, 0x00, 0x00, 0x00, 0x00, 0x00, 0x00, 0x00,
    0x00, 0x00, 0x00, 0x00, 0x00, 0x00, 0x00, 0x00, 0x00, 0x00, 0x00, 0x00, 0x00, 0x00, 0x00, 0x00,
    0x00, 0x00, 0x00, 0x00, 0x00, 0x00, 0x00, 0x00, 0x00, 0x00, 0x00, 0x00, 0x00, 0x00, 0x00, 0x00,
    0x00, 0x00, 0x00, 0x00, 0x00, 0x00, 0x00, 0x00, 0x00, 0x00, 0x00, 0x00, 0xFF, 0x91, 0x00, 0x07,
    0xF7, 0x8A, 0x0E, 0x23, 0xF5, 0x88, 0x12, 0x1C, 0x00, 0x00, 0x00, 0x00, 0x00, 0x00, 0x00, 0x00,
    0x00, 0x00, 0x00, 0x00, 0xFF, 0xAA, 0x00, 0x03, 0xFF, 0x7F, 0x00, 0x02, 0x00, 0x00, 0x00, 0x00,
    0x00, 0x00, 0x00, 0x00, 0x00, 0x00, 0x00, 0x00, 0x00, 0x00, 0x00, 0x00, 0x00, 0x00, 0x00, 0x00,
    0x00, 0x00, 0x00, 0x00, 0x00, 0x00, 0x00, 0x00, 0x00, 0x00, 0x00, 0x00, 0x00, 0x00, 0x00, 0x00,
    0x00, 0x00, 0x00, 0x00, 0x00, 0x00, 0x00, 0x00, 0x00, 0x00, 0x00, 0x00, 0x00, 0x00, 0x00, 0x00,
    0x00, 0x00, 0x00, 0x00, 0x00, 0x00, 0x00, 0x00, 0x00, 0x00, 0x00, 0x00, 0x00, 0x00, 0x00, 0x00,
    0x00, 0x00, 0x00, 0x00, 0x00, 0x00, 0x00, 0x00, 0x00, 0x00, 0x00, 0x00, 0x00, 0x00, 0x00, 0x00,
    0x00, 0x00, 0x00, 0x00, 0x00, 0x00, 0x00, 0x00, 0x00, 0x00, 0x00, 0x00, 0x00, 0x00, 0x00, 0x00,
    0x00, 0x00, 0x00, 0x00, 0x00, 0x00, 0x00, 0x00, 0x00, 0x00, 0x00, 0x00, 0x00, 0x00, 0x00, 0x00,
    0x00, 0x00, 0x00, 0x00, 0x00, 0x00, 0x00, 0x00, 0x00, 0x00, 0x00, 0x00, 0x00, 0x00, 0x00, 0x00,
    0x00, 0x00, 0x00, 0x00, 0x00, 0x00, 0x00, 0x00, 0x00, 0x00, 0x00, 0x00, 0x00, 0x00, 0x00, 0x00,
    0x00, 0x00, 0x00, 0x00, 0x00, 0x00, 0x00, 0x00, 0x00, 0x00, 0x00, 0x00, 0x00, 0x00, 0x00, 0x00,
    0x00, 0x00, 0x00, 0x00, 0xFF, 0xFF, 0x00, 0x01, 0xFF, 0x7F, 0x00, 0x02, 0xF0, 0x87, 0x0F, 0x11,
    0xF9, 0x8A, 0x11, 0xC0, 0xF7, 0x86, 0x15, 0x24, 0xFF, 0x00, 0x00, 0x01, 0xFF, 0x7F, 0x00, 0x02,
    0x00, 0x00, 0x00, 0x00, 0x00, 0x00, 0x00, 0x00, 0x00, 0x00, 0x00, 0x00, 0x00, 0x00, 0x00, 0x00,
    0x00, 0x00, 0x00, 0x00, 0x00, 0x00, 0x00, 0x00, 0x00, 0x00, 0x00, 0x00, 0x00, 0x00, 0x00, 0x00,
    0x00, 0x00, 0x00, 0x00, 0x00, 0x00, 0x00, 0x00, 0x00, 0x00, 0x00, 0x00, 0x00, 0x00, 0x00, 0x00,
    0x00, 0x00, 0x00, 0x00, 0x00, 0x00, 0x00, 0x00, 0x00, 0x00, 0x00, 0x00, 0x00, 0x00, 0x00, 0x00,
    0x00, 0x00, 0x00, 0x00, 0x00, 0x00, 0x00, 0x00, 0x00, 0x00, 0x00, 0x00, 0x00, 0x00, 0x00, 0x00,
    0x00, 0x00, 0x00, 0x00, 0x00, 0x00, 0x00, 0x00, 0x00, 0x00, 0x00, 0x00, 0x00, 0x00, 0x00, 0x00,
    0x00, 0x00, 0x00, 0x00, 0x00, 0x00, 0x00, 0x00, 0x00, 0x00, 0x00, 0x00, 0x00, 0x00, 0x00, 0x00,
    0x00, 0x00, 0x00, 0x00, 0x00, 0x00, 0x00, 0x00, 0x00, 0x00, 0x00, 0x00, 0x00, 0x00, 0x00, 0x00,
    0x00, 0x00, 0x00, 0x00, 0x00, 0x00, 0x00, 0x00, 0x00, 0x00, 0x00, 0x00, 0x00, 0x00, 0x00, 0x00,
    0x00, 0x00, 0x00, 0x00, 0x00, 0x00, 0x00, 0x00, 0x00, 0x00, 0x00, 0x00, 0x00, 0x00, 0x00, 0x00,
    0x00, 0x00, 0x00, 0x00, 0x00, 0x00, 0x00, 0x00, 0x00, 0x00, 0x00, 0x00, 0x00, 0x00, 0x00, 0x00,
    0x00, 0x00, 0x00, 0x00, 0x00, 0x00, 0x00, 0x00, 0x00, 0x00, 0x00, 0x00, 0x00, 0x00, 0x00, 0x00,
    0x00, 0x00, 0x00, 0x00, 0x00, 0x00, 0x00, 0x00, 0x00, 0x00, 0x00, 0x00, 0x00, 0x00, 0x00, 0x00,
    0x00, 0x00, 0x00, 0x00, 0x00, 0x00, 0x00, 0x00, 0x00, 0x00, 0x00, 0x00, 0x00, 0x00, 0x00, 0x00,
    0x00, 0x00, 0x00, 0x00, 0x00, 0x00, 0x00, 0x00, 0x00, 0x00, 0x00, 0x00, 0x00, 0x00, 0x00, 0x00,
    0x00, 0x00, 0x00, 0x00, 0x00, 0x00, 0x00, 0x00, 0x00, 0x00, 0x00, 0x00, 0x00, 0x00, 0x00, 0x00,
    0x00, 0x00, 0x00, 0x00, 0x00, 0x00, 0x00, 0x00, 0x00, 0x00, 0x00, 0x00, 0x00, 0x00, 0x00, 0x00,
    0x00, 0x00, 0x00, 0x00, 0x00, 0x00, 0x00, 0x00, 0x00, 0x00, 0x00, 0x00, 0x00, 0x00, 0x00, 0x00,
    0x00, 0x00, 0x00, 0x00, 0x00, 0x00, 0x00, 0x00, 0x00, 0x00, 0x00, 0x00, 0x00, 0x00, 0x00, 0x00,
    0x00, 0x00, 0x00, 0x00, 0x00, 0x00, 0x00, 0x00, 0x00, 0x00, 0x00, 0x00, 0x00, 0x00, 0x00, 0x00,
    0x00, 0x00, 0x00, 0x00, 0x00, 0x00, 0x00, 0x00, 0x00, 0x00, 0x00, 0x00, 0x00, 0x00, 0x00, 0x00,
    0x00, 0x00, 0x00, 0x00, 0x00, 0x00, 0x00, 0x00, 0x00, 0x00, 0x00, 0x00, 0x00, 0x00, 0x00, 0x00,
    0x00, 0x00, 0x00, 0x00, 0x00, 0x00, 0x00, 0x00, 0x00, 0x00, 0x00, 0x00, 0x00, 0x00, 0x00, 0x00,
    0x00, 0x00, 0x00, 0x00, 0x00, 0x00, 0x00, 0x00, 0x00, 0x00, 0x00, 0x00, 0x00, 0x00, 0x00, 0x00,
    0x00, 0x00, 0x00, 0x00, 0x00, 0x00, 0x00, 0x00, 0x00, 0x00, 0x00, 0x00, 0x00, 0x00, 0x00, 0x00,
    0x00, 0x00, 0x00, 0x00, 0x00, 0x00, 0x00, 0x00, 0x00, 0x00, 0x00, 0x00, 0x00, 0x00, 0x00, 0x00,
    0x00, 0x00, 0x00, 0x00, 0x00, 0x00, 0x00, 0x00, 0x00, 0x00, 0x00, 0x00, 0x00, 0x00, 0x00, 0x00,
    0x00, 0x00, 0x00, 0x00, 0x00, 0x00, 0x00, 0x00, 0x00, 0x00, 0x00, 0x00, 0x00, 0x00, 0x00, 0x00,
    0x00, 0x00, 0x00, 0x00, 0x00, 0x00, 0x00, 0x00, 0x00, 0x00, 0x00, 0x00, 0x00, 0x00, 0x00, 0x00,
    0x00, 0x00, 0x00, 0x00, 0x00, 0x00, 0x00, 0x00, 0x00, 0x00, 0x00, 0x00, 0x00, 0x00, 0x00, 0x00,
    0x00, 0x00, 0x00, 0x00, 0x00, 0x00, 0x00, 0x00, 0x00, 0x00, 0x00, 0x00, 0x00, 0x00, 0x00, 0x00,
    0x00, 0x00, 0x00, 0x00, 0x00, 0x00, 0x00, 0x00, 0x00, 0x00, 0x00, 0x00, 0x00, 0x00, 0x00, 0x00,
    0x00, 0x00, 0x00, 0x00, 0x00, 0x00, 0x00, 0x00, 0x00, 0x00, 0x00, 0x00, 0x00, 0x00, 0x00, 0x00,
    0x00, 0x00, 0x00, 0x00, 0x00, 0x00, 0x00, 0x00, 0x00, 0x00, 0x00, 0x00, 0x00, 0x00, 0x00, 0x00,
    0x00, 0x00, 0x00, 0x00, 0x00, 0x00, 0x00, 0x00, 0x00, 0x00, 0x00, 0x00, 0x00, 0x00, 0x00, 0x00,
    0x00, 0x00, 0x00, 0x00, 0x00, 0x00, 0x00, 0x00, 0x00, 0x00, 0x00, 0x00, 0x00, 0x00, 0x00, 0x00,
    0x00, 0x00, 0x00, 0x00, 0x00, 0x00, 0x00, 0x00, 0x00, 0x00, 0x00, 0x00, 0x00, 0x00, 0x00, 0x00,
    0x00, 0x00, 0x00, 0x00, 0x00, 0x00, 0x00, 0x00, 0x00, 0x00, 0x00, 0x00, 0x00, 0x00, 0x00, 0x00,
    0x00, 0x00, 0x00, 0x00, 0x00, 0x00, 0x00, 0x00, 0x00, 0x00, 0x00, 0x00, 0x00, 0x00, 0x00, 0x00,
    0x00, 0x00, 0x00, 0x00, 0x00, 0x00, 0x00, 0x00, 0x00, 0x00, 0x00, 0x00, 0x00, 0x00, 0x00, 0x00,
    0x00, 0x00, 0x00, 0x00, 0x00, 0x00, 0x00, 0x00, 0x00, 0x00, 0x00, 0x00, 0x00, 0x00, 0x00, 0x00,
    0x00, 0x00, 0x00, 0x00, 0x00, 0x00, 0x00, 0x00, 0x00, 0x00, 0x00, 0x00, 0x00, 0x00, 0x00, 0x00,
    0x00, 0x00, 0x00, 0x00, 0x00, 0x00, 0x00, 0x00, 0x00, 0x00, 0x00, 0x00, 0x00, 0x00, 0x00, 0x00,
    0x00, 0x00, 0x00, 0x00, 0x00, 0x00, 0x00, 0x00, 0x00, 0x00, 0x00, 0x00, 0x00, 0x00, 0x00, 0x00,
    0x00, 0x00, 0x00, 0x00, 0x00, 0x00, 0x00, 0x00, 0x00, 0x00, 0x00, 0x00, 0x00, 0x00, 0x00, 0x00,
    0x00, 0x00, 0x00, 0x00, 0x00, 0x00, 0x00, 0x00, 0x00, 0x00, 0x00, 0x00, 0x00, 0x00, 0x00, 0x00,
    0xFF, 0x8F, 0x0F, 0x10, 0xFA, 0x8C, 0x11, 0x3C, 0xF9, 0x87, 0x11, 0x64, 0xFB, 0x8B, 0x12, 0x54,
    0xF6, 0x88, 0x11, 0x1E, 0x00, 0x00, 0x00, 0x00, 0x00, 0x00, 0x00, 0x00, 0x00, 0x00, 0x00, 0x00,
    0xFF, 0xAA, 0x00, 0x03, 0xFF, 0xFF, 0x00, 0x01, 0x00, 0x00, 0x00, 0x00, 0x00, 0x00, 0x00, 0x00,
    0x00, 0x00, 0x00, 0x00, 0x00, 0x00, 0x00, 0x00, 0x00, 0x00, 0x00, 0x00, 0x00, 0x00, 0x00, 0x00,
    0x00, 0x00, 0x00, 0x00, 0x00, 0x00, 0x00, 0x00, 0x00, 0x00, 0x00, 0x00, 0x00, 0x00, 0x00, 0x00,
    0x00, 0x00, 0x00, 0x00, 0x00, 0x00, 0x00, 0x00, 0x00, 0x00, 0x00, 0x00, 0x00, 0x00, 0x00, 0x00,
    0x00, 0x00, 0x00, 0x00, 0x00, 0x00, 0x00, 0x00, 0x00, 0x00, 0x00, 0x00, 0x00, 0x00, 0x00, 0x00,
    0x00, 0x00, 0x00, 0x00, 0x00, 0x00, 0x00, 0x00, 0x00, 0x00, 0x00, 0x00, 0x00, 0x00, 0x00, 0x00,
    0x00, 0x00, 0x00, 0x00, 0x00, 0x00, 0x00, 0x00, 0x00, 0x00, 0x00, 0x00, 0x00, 0x00, 0x00, 0x00,
    0x00, 0x00, 0x00, 0x00, 0x00, 0x00, 0x00, 0x00, 0x00, 0x00, 0x00, 0x00, 0x00, 0x00, 0x00, 0x00,
    0x00, 0x00, 0x00, 0x00, 0x00, 0x00, 0x00, 0x00, 0x00, 0x00, 0x00, 0x00, 0x00, 0x00, 0x00, 0x00,
    0x00, 0x00, 0x00, 0x00, 0x00, 0x00, 0x00, 0x00, 0x00, 0x00, 0x00, 0x00, 0x00, 0x00, 0x00, 0x00,
    0x00, 0x00, 0x00, 0x00, 0xFF, 0xAA, 0x00, 0x03, 0x00, 0x00, 0x00, 0x00, 0xFB, 0x89, 0x12, 0x8B,
    0xFA, 0x8B, 0x12, 0x9A, 0x00, 0x00, 0x00, 0x00, 0xFF, 0x7F, 0x00, 0x02, 0x00, 0x00, 0x00, 0x00,
    0x00, 0x00, 0x00, 0x00, 0x00, 0x00, 0x00, 0x00, 0x00, 0x00, 0x00, 0x00, 0x00, 0x00, 0x00, 0x00,
    0x00, 0x00, 0x00, 0x00, 0x00, 0x00, 0x00, 0x00, 0x00, 0x00, 0x00, 0x00, 0x00, 0x00, 0x00, 0x00,
    0x00, 0x00, 0x00, 0x00, 0x00, 0x00, 0x00, 0x00, 0x00, 0x00, 0x00, 0x00, 0x00, 0x00, 0x00, 0x00,
    0x00, 0x00, 0x00, 0x00, 0x00, 0x00, 0x00, 0x00, 0x00, 0x00, 0x00, 0x00, 0x00, 0x00, 0x00, 0x00,
    0x00, 0x00, 0x00, 0x00, 0x00, 0x00, 0x00, 0x00, 0x00, 0x00, 0x00, 0x00, 0x00, 0x00, 0x00, 0x00,
    0x00, 0x00, 0x00, 0x00, 0x00, 0x00, 0x00, 0x00, 0x00, 0x00, 0x00, 0x00, 0x00, 0x00, 0x00, 0x00,
    0x00, 0x00, 0x00, 0x00, 0x00, 0x00, 0x00, 0x00, 0x00, 0x00, 0x00, 0x00, 0x00, 0x00, 0x00, 0x00,
    0x00, 0x00, 0x00, 0x00, 0x00, 0x00, 0x00, 0x00, 0x00, 0x00, 0x00, 0x00, 0x00, 0x00, 0x00, 0x00,
    0x00, 0x00, 0x00, 0x00, 0x00, 0x00, 0x00, 0x00, 0x00, 0x00, 0x00, 0x00, 0x00, 0x00, 0x00, 0x00,
    0x00, 0x00, 0x00, 0x00, 0x00, 0x00, 0x00, 0x00, 0x00, 0x00, 0x00, 0x00, 0x00, 0x00, 0x00, 0x00,
    0x00, 0x00, 0x00, 0x00, 0x00, 0x00, 0x00, 0x00, 0x00, 0x00, 0x00, 0x00, 0x00, 0x00, 0x00, 0x00,
    0x00, 0x00, 0x00, 0x00, 0x00, 0x00, 0x00, 0x00, 0x00, 0x00, 0x00, 0x00, 0x00, 0x00, 0x00, 0x00,
    0x00, 0x00, 0x00, 0x00, 0x00, 0x00, 0x00, 0x00, 0x00, 0x00, 0x00, 0x00, 0x00, 0x00, 0x00, 0x00,
    0x00, 0x00, 0x00, 0x00, 0x00, 0x00, 0x00, 0x00, 0x00, 0x00, 0x00, 0x00, 0x00, 0x00, 0x00, 0x00,
    0x00, 0x00, 0x00, 0x00, 0x00, 0x00, 0x00, 0x00, 0x00, 0x00, 0x00, 0x00, 0x00, 0x00, 0x00, 0x00,
    0x00, 0x00, 0x00, 0x00, 0x00, 0x00, 0x00, 0x00, 0x00, 0x00, 0x00, 0x00, 0x00, 0x00, 0x00, 0x00,
    0x00, 0x00, 0x00, 0x00, 0x00, 0x00, 0x00, 0x00, 0x00, 0x00, 0x00, 0x00, 0x00, 0x00, 0x00, 0x00,
    0x00, 0x00, 0x00, 0x00, 0x00, 0x00, 0x00, 0x00, 0x00, 0x00, 0x00, 0x00, 0x00, 0x00, 0x00, 0x00,
    0x00, 0x00, 0x00, 0x00, 0x00, 0x00, 0x00, 0x00, 0x00, 0x00, 0x00, 0x00, 0x00, 0x00, 0x00, 0x00,
    0x00, 0x00, 0x00, 0x00, 0x00, 0x00, 0x00, 0x00, 0x00, 0x00, 0x00, 0x00, 0x00, 0x00, 0x00, 0x00,
    0x00, 0x00, 0x00, 0x00, 0x00, 0x00, 0x00, 0x00, 0x00, 0x00, 0x00, 0x00, 0x00, 0x00, 0x00, 0x00,
    0x00, 0x00, 0x00, 0x00, 0x00, 0x00, 0x00, 0x00, 0x00, 0x00, 0x00, 0x00, 0x00, 0x00, 0x00, 0x00,
    0x00, 0x00, 0x00, 0x00, 0x00, 0x00, 0x00, 0x00, 0x00, 0x00, 0x00, 0x00, 0x00, 0x00, 0x00, 0x00,
    0x00, 0x00, 0x00, 0x00, 0x00, 0x00, 0x00, 0x00, 0x00, 0x00, 0x00, 0x00, 0x00, 0x00, 0x00, 0x00,
    0x00, 0x00, 0x00, 0x00, 0x00, 0x00, 0x00, 0x00, 0x00, 0x00, 0x00, 0x00, 0x00, 0x00, 0x00, 0x00,
    0x00, 0x00, 0x00, 0x00, 0x00, 0x00, 0x00, 0x00, 0x00, 0x00, 0x00, 0x00, 0x00, 0x00, 0x00, 0x00,
    0x00, 0x00, 0x00, 0x00, 0x00, 0x00, 0x00, 0x00, 0x00, 0x00, 0x00, 0x00, 0x00, 0x00, 0x00, 0x00,
    0x00, 0x00, 0x00, 0x00, 0x00, 0x00, 0x00, 0x00, 0x00, 0x00, 0x00, 0x00, 0x00, 0x00, 0x00, 0x00,
    0x00, 0x00, 0x00, 0x00, 0x00, 0x00, 0x00, 0x00, 0x00, 0x00, 0x00, 0x00, 0x00, 0x00, 0x00, 0x00,
    0x00, 0x00, 0x00, 0x00, 0x00, 0x00, 0x00, 0x00, 0x00, 0x00, 0x00, 0x00, 0x00, 0x00, 0x00, 0x00,
    0x00, 0x00, 0x00, 0x00, 0x00, 0x00, 0x00, 0x00, 0x00, 0x00, 0x00, 0x00, 0x00, 0x00, 0x00, 0x00,
    0x00, 0x00, 0x00, 0x00, 0x00, 0x00, 0x00, 0x00, 0x00, 0x00, 0x00, 0x00, 0x00, 0x00, 0x00, 0x00,
    0x00, 0x00, 0x00, 0x00, 0x00, 0x00, 0x00, 0x00, 0x00, 0x00, 0x00, 0x00, 0x00, 0x00, 0x00, 0x00,
    0x00, 0x00, 0x00, 0x00, 0x00, 0x00, 0x00, 0x00, 0x00, 0x00, 0x00, 0x00, 0x00, 0x00, 0x00, 0x00,
    0x00, 0x00, 0x00, 0x00, 0x00, 0x00, 0x00, 0x00, 0x00, 0x00, 0x00, 0x00, 0x00, 0x00, 0x00, 0x00,
    0x00, 0x00, 0x00, 0x00, 0x00, 0x00, 0x00, 0x00, 0x00, 0x00, 0x00, 0x00, 0x00, 0x00, 0x00, 0x00,
    0x00, 0x00, 0x00, 0x00, 0x00, 0x00, 0x00, 0x00, 0x00, 0x00, 0x00, 0x00, 0x00, 0x00, 0x00, 0x00,
    0x00, 0x00, 0x00, 0x00, 0x00, 0x00, 0x00, 0x00, 0x00, 0x00, 0x00, 0x00, 0x00, 0x00, 0x00, 0x00,
    0x00, 0x00, 0x00, 0x00, 0x00, 0x00, 0x00, 0x00, 0x00, 0x00, 0x00, 0x00, 0x00, 0x00, 0x00, 0x00,
    0x00, 0x00, 0x00, 0x00, 0x00, 0x00, 0x00, 0x00, 0x00, 0x00, 0x00, 0x00, 0x00, 0x00, 0x00, 0x00,
    0x00, 0x00, 0x00, 0x00, 0x00, 0x00, 0x00, 0x00, 0x00, 0x00, 0x00, 0x00, 0x00, 0x00, 0x00, 0x00,
    0x00, 0x00, 0x00, 0x00, 0x00, 0x00, 0x00, 0x00, 0x00, 0x00, 0x00, 0x00, 0x00, 0x00, 0x00, 0x00,
    0x00, 0x00, 0x00, 0x00, 0x00, 0x00, 0x00, 0x00, 0x00, 0x00, 0x00, 0x00, 0x00, 0x00, 0x00, 0x00,
    0x00, 0x00, 0x00, 0x00, 0x00, 0x00, 0x00, 0x00, 0x00, 0x00, 0x00, 0x00, 0x00, 0x00, 0x00, 0x00,
    0x00, 0x00, 0x00, 0x00, 0x00, 0x00, 0x00, 0x00, 0x00, 0x00, 0x00, 0x00, 0x00, 0x00, 0x00, 0x00,
    0x00, 0x00, 0x00, 0x00, 0x00, 0x00, 0x00, 0x00, 0x00, 0x00, 0x00, 0x00, 0x00, 0x00, 0x00, 0x00,
    0x00, 0x00, 0x00, 0x00, 0x00, 0x00, 0x00, 0x00, 0xFF, 0x8B, 0x17, 0x0B, 0xFB, 0x89, 0x11, 0x4A,
    0xF9, 0x8A, 0x11, 0x8E, 0xF9, 0x89, 0x11, 0x84, 0xFB, 0x89, 0x0F, 0x41, 0x00, 0x00, 0x00, 0x00,
    0x00, 0x00, 0x00, 0x00, 0x00, 0x00, 0x00, 0x00, 0xFF, 0xAA, 0x00, 0x03, 0xFF, 0x7F, 0x00, 0x02,
    0x00, 0x00, 0x00, 0x00, 0x00, 0x00, 0x00, 0x00, 0x00, 0x00, 0x00, 0x00, 0x00, 0x00, 0x00, 0x00,
    0x00, 0x00, 0x00, 0x00, 0x00, 0x00, 0x00, 0x00, 0x00, 0x00, 0x00, 0x00, 0x00, 0x00, 0x00, 0x01,
    0x00, 0x00, 0x00, 0x01, 0x00, 0x00, 0x00, 0x01, 0x00, 0x00, 0x00, 0x01, 0x00, 0x00, 0x00, 0x01,
    0x00, 0x00, 0x00, 0x00, 0x00, 0x00, 0x00, 0x00, 0x00, 0x00, 0x00, 0x00, 0x00, 0x00, 0x00, 0x00,
    0x00, 0x00, 0x00, 0x00, 0x00, 0x00, 0x00, 0x00, 0x00, 0x00, 0x00, 0x00, 0x00, 0x00, 0x00, 0x00,
    0x00, 0x00, 0x00, 0x00, 0x00, 0x00, 0x00, 0x00, 0x00, 0x00, 0x00, 0x00, 0x00, 0x00, 0x00, 0x00,
    0x00, 0x00, 0x00, 0x00, 0x00, 0x00, 0x00, 0x00, 0x00, 0x00, 0x00, 0x00, 0x00, 0x00, 0x00, 0x00,
    0x00, 0x00, 0x00, 0x00, 0x00, 0x00, 0x00, 0x00, 0x00, 0x00, 0x00, 0x00, 0x00, 0x00, 0x00, 0x00,
    0x00, 0x00, 0x00, 0x00, 0x00, 0x00, 0x00, 0x00, 0x00, 0x00, 0x00, 0x00, 0x00, 0x00, 0x00, 0x00,
    0xFF, 0x7F, 0x00, 0x02, 0x00, 0x00, 0x00, 0x00, 0xF9, 0x8D, 0x10, 0x2F, 0xFA, 0x8A, 0x11, 0xE6,
    0xF8, 0x82, 0x14, 0x25, 0xFF, 0x00, 0x00, 0x01, 0xFF, 0x7F, 0x00, 0x02, 0x00, 0x00, 0x00, 0x00,
    0x00, 0x00, 0x00, 0x00, 0x00, 0x00, 0x00, 0x00, 0x00, 0x00, 0x00, 0x00, 0x00, 0x00, 0x00, 0x00,
    0x00, 0x00, 0x00, 0x00, 0x00, 0x00, 0x00, 0x00, 0x00, 0x00, 0x00, 0x00, 0x00, 0x00, 0x00, 0x00,
    0x00, 0x00, 0x00, 0x00, 0x00, 0x00, 0x00, 0x00, 0x00, 0x00, 0x00, 0x00, 0x00, 0x00, 0x00, 0x00,
    0x00, 0x00, 0x00, 0x00, 0x00, 0x00, 0x00, 0x00, 0x00, 0x00, 0x00, 0x00, 0x00, 0x00, 0x00, 0x00,
    0x00, 0x00, 0x00, 0x00, 0x00, 0x00, 0x00, 0x00, 0x00, 0x00, 0x00, 0x00, 0x00, 0x00, 0x00, 0x00,
    0x00, 0x00, 0x00, 0x00, 0x00, 0x00, 0x00, 0x00, 0x00, 0x00, 0x00, 0x00, 0x00, 0x00, 0x00, 0x00,
    0x00, 0x00, 0x00, 0x00, 0x00, 0x00, 0x00, 0x00, 0x00, 0x00, 0x00, 0x00, 0x00, 0x00, 0x00, 0x00,
    0x00, 0x00, 0x00, 0x00, 0x00, 0x00, 0x00, 0x00, 0x00, 0x00, 0x00, 0x00, 0x00, 0x00, 0x00, 0x00,
    0x00, 0x00, 0x00, 0x00, 0x00, 0x00, 0x00, 0x00, 0x00, 0x00, 0x00, 0x00, 0x00, 0x00, 0x00, 0x00,
    0x00, 0x00, 0x00, 0x00, 0x00, 0x00, 0x00, 0x00, 0x00, 0x00, 0x00, 0x00, 0x00, 0x00, 0x00, 0x00,
    0x00, 0x00, 0x00, 0x00, 0x00, 0x00, 0x00, 0x00, 0x00, 0x00, 0x00, 0x00, 0x00, 0x00, 0x00, 0x00,
    0x00, 0x00, 0x00, 0x00, 0x00, 0x00, 0x00, 0x00, 0x00, 0x00, 0x00, 0x00, 0x00, 0x00, 0x00, 0x00,
    0x00, 0x00, 0x00, 0x00, 0x00, 0x00, 0x00, 0x00, 0x00, 0x00, 0x00, 0x00, 0x00, 0x00, 0x00, 0x00,
    0x00, 0x00, 0x00, 0x00, 0x00, 0x00, 0x00, 0x00, 0x00, 0x00, 0x00, 0x00, 0x00, 0x00, 0x00, 0x00,
    0x00, 0x00, 0x00, 0x00, 0x00, 0x00, 0x00, 0x00, 0x00, 0x00, 0x00, 0x00, 0x00, 0x00, 0x00, 0x00,
    0x00, 0x00, 0x00, 0x00, 0x00, 0x00, 0x00, 0x00, 0x00, 0x00, 0x00, 0x00, 0x00, 0x00, 0x00, 0x00,
    0x00, 0x00, 0x00, 0x00, 0x00, 0x00, 0x00, 0x00, 0x00, 0x00, 0x00, 0x00, 0x00, 0x00, 0x00, 0x00,
    0x00, 0x00, 0x00, 0x00, 0x00, 0x00, 0x00, 0x00, 0x00, 0x00, 0x00, 0x00, 0x00, 0x00, 0x00, 0x00,
    0x00, 0x00, 0x00, 0x00, 0x00, 0x00, 0x00, 0x00, 0x00, 0x00, 0x00, 0x00, 0x00, 0x00, 0x00, 0x00,
    0x00, 0x00, 0x00, 0x00, 0x00, 0x00, 0x00, 0x00, 0x00, 0x00, 0x00, 0x00, 0x00, 0x00, 0x00, 0x00,
    0x00, 0x00, 0x00, 0x00, 0x00, 0x00, 0x00, 0x00, 0x00, 0x00, 0x00, 0x00, 0x00, 0x00, 0x00, 0x00,
    0x00, 0x00, 0x00, 0x00, 0x00, 0x00, 0x00, 0x00, 0x00, 0x00, 0x00, 0x00, 0x00, 0x00, 0x00, 0x00,
    0x00, 0x00, 0x00, 0x00, 0x00, 0x00, 0x00, 0x00, 0x00, 0x00, 0x00, 0x00, 0x00, 0x00, 0x00, 0x00,
    0x00, 0x00, 0x00, 0x00, 0x00, 0x00, 0x00, 0x00, 0x00, 0x00, 0x00, 0x00, 0x00, 0x00, 0x00, 0x00,
    0x00, 0x00, 0x00, 0x00, 0x00, 0x00, 0x00, 0x00, 0x00, 0x00, 0x00, 0x00, 0x00, 0x00, 0x00, 0x00,
    0x00, 0x00, 0x00, 0x00, 0x00, 0x00, 0x00, 0x00, 0x00, 0x00, 0x00, 0x00, 0x00, 0x00, 0x00, 0x00,
    0x00, 0x00, 0x00, 0x00, 0x00, 0x00, 0x00, 0x00, 0x00, 0x00, 0x00, 0x00, 0x00, 0x00, 0x00, 0x00,
    0x00, 0x00, 0x00, 0x00, 0x00, 0x00, 0x00, 0x00, 0x00, 0x00, 0x00, 0x00, 0x00, 0x00, 0x00, 0x00,
    0x00, 0x00, 0x00, 0x00, 0x00, 0x00, 0x00, 0x00, 0x00, 0x00, 0x00, 0x00, 0x00, 0x00, 0x00, 0x00,
    0x00, 0x00, 0x00, 0x00, 0x00, 0x00, 0x00, 0x00, 0x00, 0x00, 0x00, 0x00, 0x00, 0x00, 0x00, 0x00,
    0x00, 0x00, 0x00, 0x00, 0x00, 0x00, 0x00, 0x00, 0x00, 0x00, 0x00, 0x00, 0x00, 0x00, 0x00, 0x00,
    0x00, 0x00, 0x00, 0x00, 0x00, 0x00, 0x00, 0x00, 0x00, 0x00, 0x00, 0x00, 0x00, 0x00, 0x00, 0x00,
    0x00, 0x00, 0x00, 0x00, 0x00, 0x00, 0x00, 0x00, 0x00, 0x00, 0x00, 0x00, 0x00, 0x00, 0x00, 0x00,
    0x00, 0x00, 0x00, 0x00, 0x00, 0x00, 0x00, 0x00, 0x00, 0x00, 0x00, 0x00, 0x00, 0x00, 0x00, 0x00,
    0x00, 0x00, 0x00, 0x00, 0x00, 0x00, 0x00, 0x00, 0x00, 0x00, 0x00, 0x00, 0x00, 0x00, 0x00, 0x00,
    0x00, 0x00, 0x00, 0x00, 0x00, 0x00, 0x00, 0x00, 0x00, 0x00, 0x00, 0x00, 0x00, 0x00, 0x00, 0x00,
    0x00, 0x00, 0x00, 0x00, 0x00, 0x00, 0x00, 0x00, 0x00, 0x00, 0x00, 0x00, 0x00, 0x00, 0x00, 0x00,
    0x00, 0x00, 0x00, 0x00, 0x00, 0x00, 0x00, 0x00, 0x00, 0x00, 0x00, 0x00, 0x00, 0x00, 0x00, 0x00,
    0x00, 0x00, 0x00, 0x00, 0x00, 0x00, 0x00, 0x00, 0x00, 0x00, 0x00, 0x00, 0x00, 0x00, 0x00, 0x00,
    0x00, 0x00, 0x00, 0x00, 0x00, 0x00, 0x00, 0x00, 0x00, 0x00, 0x00, 0x00, 0x00, 0x00, 0x00, 0x00,
    0x00, 0x00, 0x00, 0x00, 0x00, 0x00, 0x00, 0x00, 0x00, 0x00, 0x00, 0x00, 0x00, 0x00, 0x00, 0x00,
    0x00, 0x00, 0x00, 0x00, 0x00, 0x00, 0x00, 0x00, 0x00, 0x00, 0x00, 0x00, 0x00, 0x00, 0x00, 0x00,
    0x00, 0x00, 0x00, 0x00, 0x00, 0x00, 0x00, 0x00, 0x00, 0x00, 0x00, 0x00, 0x00, 0x00, 0x00, 0x00,
    0x00, 0x00, 0x00, 0x00, 0x00, 0x00, 0x00, 0x00, 0x00, 0x00, 0x00, 0x00, 0x00, 0x00, 0x00, 0x00,
    0x00, 0x00, 0x00, 0x00, 0x00, 0x00, 0x00, 0x00, 0x00, 0x00, 0x00, 0x00, 0x00, 0x00, 0x00, 0x00,
    0x00, 0x00, 0x00, 0x00, 0x00, 0x00, 0x00, 0x00, 0x00, 0x00, 0x00, 0x00, 0x00, 0x00, 0x00, 0x00,
    0xFF, 0x00, 0x00, 0x01, 0xFF, 0x7F, 0x00, 0x02, 0x00, 0x00, 0x00, 0x00, 0x00, 0x00, 0x00, 0x00,
    0x00, 0x00, 0x00, 0x00, 0xFB, 0x8A, 0x0E, 0x46, 0xFA, 0x8A, 0x10, 0x9C, 0xFA, 0x8B, 0x12, 0xAA,
    0xFC, 0x8B, 0x10, 0x6C, 0xFF, 0x8B, 0x17, 0x16, 0x00, 0x00, 0x00, 0x00, 0x00, 0x00, 0x00, 0x00,
    0xFF, 0xFF, 0x00, 0x01, 0xFF, 0xAA, 0x00, 0x03, 0x7F, 0x7F, 0x00, 0x02, 0x00, 0x00, 0x00, 0x02,
    0x00, 0x55, 0x55, 0x03, 0x3F, 0x3F, 0x3F, 0x04, 0x00, 0x00, 0x00, 0x02, 0x00, 0x00, 0x00, 0x00,
    0x00, 0x00, 0x00, 0x00, 0x00, 0x00, 0x00, 0x00, 0x00, 0x00, 0x00, 0x00, 0x00, 0x00, 0x00, 0x00,
    0x00, 0x00, 0x00, 0x00, 0x00, 0x00, 0x00, 0x02, 0x3F, 0x3F, 0x3F, 0x04, 0x3F, 0x3F, 0x3F, 0x04,
    0x00, 0x00, 0x00, 0x03, 0x00, 0x00, 0x00, 0x02, 0x00, 0x00, 0x00, 0x01, 0x00, 0x00, 0x00, 0x01,
    0x00, 0x00, 0x00, 0x00, 0x00, 0x00, 0x00, 0x00, 0x00, 0x00, 0x00, 0x00, 0x00, 0x00, 0x00, 0x00,
    0x00, 0x00, 0x00, 0x00, 0x00, 0x00, 0x00, 0x00, 0x00, 0x00, 0x00, 0x00, 0x00, 0x00, 0x00, 0x00,
    0x00, 0x00, 0x00, 0x00, 0x00, 0x00, 0x00, 0x00, 0x00, 0x00, 0x00, 0x00, 0x00, 0x00, 0x00, 0x00,
    0x00, 0x00, 0x00, 0x00, 0x00, 0x00, 0x00, 0x00, 0x00, 0x00, 0x00, 0x00, 0xFF, 0x00, 0x00, 0x01,
    0xFF, 0x55, 0x00, 0x03, 0xFF, 0x7F, 0x00, 0x02, 0xF9, 0x89, 0x11, 0xBB, 0xFA, 0x89, 0x12, 0x9A,
    0x00, 0x00, 0x00, 0x00, 0xFF, 0x7F, 0x00, 0x02, 0x00, 0x00, 0x00, 0x00, 0x00, 0x00, 0x00, 0x00,
    0x00, 0x00, 0x00, 0x00, 0x00, 0x00, 0x00, 0x00, 0x00, 0x00, 0x00, 0x00, 0x00, 0x00, 0x00, 0x00,
    0x00, 0x00, 0x00, 0x00, 0x00, 0x00, 0x00, 0x00, 0x00, 0x00, 0x00, 0x00, 0x00, 0x00, 0x00, 0x00,
    0x00, 0x00, 0x00, 0x00, 0x00, 0x00, 0x00, 0x00, 0x00, 0x00, 0x00, 0x00, 0x00, 0x00, 0x00, 0x00,
    0x00, 0x00, 0x00, 0x00, 0x00, 0x00, 0x00, 0x00, 0x00, 0x00, 0x00, 0x00, 0x00, 0x00, 0x00, 0x00,
    0x00, 0x00, 0x00, 0x00, 0x00, 0x00, 0x00, 0x00, 0x00, 0x00, 0x00, 0x00, 0x00, 0x00, 0x00, 0x00,
    0x00, 0x00, 0x00, 0x00, 0x00, 0x00, 0x00, 0x00, 0x00, 0x00, 0x00, 0x00, 0x00, 0x00, 0x00, 0x00,
    0x00, 0x00, 0x00, 0x00, 0x00, 0x00, 0x00, 0x00, 0x00, 0x00, 0x00, 0x00, 0x00, 0x00, 0x00, 0x00,
    0x00, 0x00, 0x00, 0x00, 0x00, 0x00, 0x00, 0x00, 0x00, 0x00, 0x00, 0x00, 0x00, 0x00, 0x00, 0x00,
    0x00, 0x00, 0x00, 0x00, 0x00, 0x00, 0x00, 0x00, 0x00, 0x00, 0x00, 0x00, 0x00, 0x00, 0x00, 0x00,
    0x00, 0x00, 0x00, 0x00, 0x00, 0x00, 0x00, 0x00, 0x00, 0x00, 0x00, 0x00, 0x00, 0x00, 0x00, 0x00,
    0x00, 0x00, 0x00, 0x00, 0x00, 0x00, 0x00, 0x00, 0x00, 0x00, 0x00, 0x00, 0x00, 0x00, 0x00, 0x00,
    0x00, 0x00, 0x00, 0x00, 0x00, 0x00, 0x00, 0x00, 0x00, 0x00, 0x00, 0x00, 0x00, 0x00, 0x00, 0x00,
    0x00, 0x00, 0x00, 0x00, 0x00, 0x00, 0x00, 0x00, 0x00, 0x00, 0x00, 0x00, 0x00, 0x00, 0x00, 0x00,
    0x00, 0x00, 0x00, 0x00, 0x00, 0x00, 0x00, 0x00, 0x00, 0x00, 0x00, 0x00, 0x00, 0x00, 0x00, 0x00,
    0x00, 0x00, 0x00, 0x00, 0x00, 0x00, 0x00, 0x00, 0x00, 0x00, 0x00, 0x00, 0x00, 0x00, 0x00, 0x00,
    0x00, 0x00, 0x00, 0x00, 0x00, 0x00, 0x00, 0x00, 0x00, 0x00, 0x00, 0x00, 0x00, 0x00, 0x00, 0x00,
    0x00, 0x00, 0x00, 0x00, 0x00, 0x00, 0x00, 0x00, 0x00, 0x00, 0x00, 0x00, 0x00, 0x00, 0x00, 0x00,
    0x00, 0x00, 0x00, 0x00, 0x00, 0x00, 0x00, 0x00, 0x00, 0x00, 0x00, 0x00, 0x00, 0x00, 0x00, 0x00,
    0x00, 0x00, 0x00, 0x00, 0x00, 0x00, 0x00, 0x00, 0x00, 0x00, 0x00, 0x00, 0x00, 0x00, 0x00, 0x00,
    0x00, 0x00, 0x00, 0x00, 0x00, 0x00, 0x00, 0x00, 0x00, 0x00, 0x00, 0x00, 0x00, 0x00, 0x00, 0x00,
    0x00, 0x00, 0x00, 0x00, 0x00, 0x00, 0x00, 0x00, 0x00, 0x00, 0x00, 0x00, 0x00, 0x00, 0x00, 0x00,
    0x00, 0x00, 0x00, 0x00, 0x00, 0x00, 0x00, 0x00, 0x00, 0x00, 0x00, 0x00, 0x00, 0x00, 0x00, 0x00,
    0x00, 0x00, 0x00, 0x00, 0x00, 0x00, 0x00, 0x00, 0x00, 0x00, 0x00, 0x00, 0x00, 0x00, 0x00, 0x00,
    0x00, 0x00, 0x00, 0x00, 0x00, 0x00, 0x00, 0x00, 0x00, 0x00, 0x00, 0x00, 0x00, 0x00, 0x00, 0x00,
    0x00, 0x00, 0x00, 0x00, 0x00, 0x00, 0x00, 0x00, 0x00, 0x00, 0x00, 0x00, 0x00, 0x00, 0x00, 0x00,
    0x00, 0x00, 0x00, 0x00, 0x00, 0x00, 0x00, 0x00, 0x00, 0x00, 0x00, 0x00, 0x00, 0x00, 0x00, 0x00,
    0x00, 0x00, 0x00, 0x00, 0x00, 0x00, 0x00, 0x00, 0x00, 0x00, 0x00, 0x00, 0x00, 0x00, 0x00, 0x00,
    0x00, 0x00, 0x00, 0x00, 0x00, 0x00, 0x00, 0x00, 0x00, 0x00, 0x00, 0x00, 0x00, 0x00, 0x00, 0x00,
    0x00, 0x00, 0x00, 0x00, 0x00, 0x00, 0x00, 0x00, 0x00, 0x00, 0x00, 0x00, 0x00, 0x00, 0x00, 0x00,
    0x00, 0x00, 0x00, 0x00, 0x00, 0x00, 0x00, 0x00, 0x00, 0x00, 0x00, 0x00, 0x00, 0x00, 0x00, 0x00,
    0x00, 0x00, 0x00, 0x00, 0x00, 0x00, 0x00, 0x00, 0x00, 0x00, 0x00, 0x00, 0x00, 0x00, 0x00, 0x00,
    0x00, 0x00, 0x00, 0x00, 0x00, 0x00, 0x00, 0x00, 0x00, 0x00, 0x00, 0x00, 0x00, 0x00, 0x00, 0x00,
    0x00, 0x00, 0x00, 0x00, 0x00, 0x00, 0x00, 0x00, 0x00, 0x00, 0x00, 0x00, 0x00, 0x00, 0x00, 0x00,
    0x00, 0x00, 0x00, 0x00, 0x00, 0x00, 0x00, 0x00, 0x00, 0x00, 0x00, 0x00, 0x00, 0x00, 0x00, 0x00,
    0x00, 0x00, 0x00, 0x00, 0x00, 0x00, 0x00, 0x00, 0x00, 0x00, 0x00, 0x00, 0x00, 0x00, 0x00, 0x00,
    0x00, 0x00, 0x00, 0x00, 0x00, 0x00, 0x00, 0x00, 0x00, 0x00, 0x00, 0x00, 0x00, 0x00, 0x00, 0x00,
    0x00, 0x00, 0x00, 0x00, 0x00, 0x00, 0x00, 0x00, 0x00, 0x00, 0x00, 0x00, 0x00, 0x00, 0x00, 0x00,
    0x00, 0x00, 0x00, 0x00, 0x00, 0x00, 0x00, 0x00, 0x00, 0x00, 0x00, 0x00, 0x00, 0x00, 0x00, 0x00,
    0x00, 0x00, 0x00, 0x00, 0x00, 0x00, 0x00, 0x00, 0x00, 0x00, 0x00, 0x00, 0x00, 0x00, 0x00, 0x00,
    0x00, 0x00, 0x00, 0x00, 0x00, 0x00, 0x00, 0x00, 0x00, 0x00, 0x00, 0x00, 0x00, 0x00, 0x00, 0x00,
    0x00, 0x00, 0x00, 0x00, 0x00, 0x00, 0x00, 0x00, 0x00, 0x00, 0x00, 0x00, 0x00, 0x00, 0x00, 0x00,
    0x00, 0x00, 0x00, 0x00, 0x00, 0x00, 0x00, 0x00, 0x00, 0x00, 0x00, 0x00, 0x00, 0x00, 0x00, 0x00,
    0x00, 0x00, 0x00, 0x00, 0x00, 0x00, 0x00, 0x00, 0x00, 0x00, 0x00, 0x00, 0x00, 0x00, 0x00, 0x00,
    0x00, 0x00, 0x00, 0x00, 0x00, 0x00, 0x00, 0x00, 0x00, 0x00, 0x00, 0x00, 0x00, 0x00, 0x00, 0x00,
    0x00, 0x00, 0x00, 0x00, 0x00, 0x00, 0x00, 0x00, 0x00, 0x00, 0x00, 0x00, 0x00, 0x00, 0x00, 0x00,
    0x00, 0x00, 0x00, 0x00, 0x00, 0x00, 0x00, 0x00, 0x00, 0x00, 0x00, 0x00, 0x00, 0x00, 0x00, 0x00,
    0x00, 0x00, 0x00, 0x00, 0x00, 0x00, 0x00, 0x00, 0x00, 0x00, 0x00, 0x00, 0xFF, 0x7F, 0x00, 0x02,
    0x00, 0x00, 0x00, 0x01, 0x00, 0x00, 0x00, 0x00, 0x00, 0x00, 0x00, 0x00, 0xFF, 0x8A, 0x0F, 0x30,
    0xFD, 0x8C, 0x13, 0x8F, 0xFC, 0x8D, 0x12, 0xC5, 0xFB, 0x8E, 0x12, 0x98, 0xFA, 0x8A, 0x11, 0x3B,
    0x00, 0x00, 0x00, 0x00, 0x00, 0x00, 0x00, 0x00, 0x00, 0x00, 0x00, 0x00, 0x01, 0x00, 0x00, 0x00,
    0x00, 0x00, 0x00, 0x00, 0x00, 0x00, 0x00, 0x00, 0x00, 0x00, 0x00, 0x00, 0x00, 0x00, 0x00, 0x00,
    0x00, 0x00, 0x00, 0x02, 0x24, 0x24, 0x24, 0x07, 0x2A, 0x2A, 0x2A, 0x06, 0x00, 0x00, 0x00, 0x01,
    0x00, 0x00, 0x00, 0x00, 0x00, 0x00, 0x00, 0x00, 0x00, 0x00, 0x00, 0x00, 0x00, 0x00, 0x00, 0x00,
    0x00, 0x00, 0x00, 0x00, 0x00, 0x00, 0x00, 0x00, 0x00, 0x00, 0x00, 0x00, 0x00, 0x00, 0x00, 0x00,
    0x00, 0x00, 0x00, 0x02, 0x55, 0x55, 0x55, 0x03, 0x00, 0x00, 0x00, 0x03, 0x00, 0x00, 0x00, 0x01,
    0x00, 0x00, 0x00, 0x00, 0x00, 0x00, 0x00, 0x00, 0x00, 0x00, 0x00, 0x00, 0x00, 0x00, 0x00, 0x00,
    0x00, 0x00, 0x00, 0x00, 0x00, 0x00, 0x00, 0x00, 0x00, 0x00, 0x00, 0x00, 0x00, 0x00, 0x00, 0x00,
    0x00, 0x00, 0x00, 0x00, 0x00, 0x00, 0x00, 0x00, 0x00, 0x00, 0x00, 0x00, 0xFF, 0x55, 0x00, 0x03,
    0x00, 0x00, 0x00, 0x00, 0xF9, 0x8A, 0x11, 0x5A, 0xF9, 0x89, 0x11, 0xF8, 0xF6, 0x83, 0x10, 0x1F,
    0xFF, 0x00, 0x00, 0x01, 0xFF, 0x7F, 0x00, 0x02, 0x00, 0x00, 0x00, 0x00, 0x00, 0x00, 0x00, 0x00,
    0x00, 0x00, 0x00, 0x00, 0x00, 0x00, 0x00, 0x00, 0x00, 0x00, 0x00, 0x00, 0x00, 0x00, 0x00, 0x00,
    0x00, 0x00, 0x00, 0x00, 0x00, 0x00, 0x00, 0x00, 0x00, 0x00, 0x00, 0x00, 0x00, 0x00, 0x00, 0x00,
    0x00, 0x00, 0x00, 0x00, 0x00, 0x00, 0x00, 0x00, 0x00, 0x00, 0x00, 0x00, 0x00, 0x00, 0x00, 0x00,
    0x00, 0x00, 0x00, 0x00, 0x00, 0x00, 0x00, 0x00, 0x00, 0x00, 0x00, 0x00, 0x00, 0x00, 0x00, 0x00,
    0x00, 0x00, 0x00, 0x00, 0x00, 0x00, 0x00, 0x00, 0x00, 0x00, 0x00, 0x00, 0x00, 0x00, 0x00, 0x00,
    0x00, 0x00, 0x00, 0x00, 0x00, 0x00, 0x00, 0x00, 0x00, 0x00, 0x00, 0x00, 0x00, 0x00, 0x00, 0x00,
    0x00, 0x00, 0x00, 0x00, 0x00, 0x00, 0x00, 0x00, 0x00, 0x00, 0x00, 0x00, 0x00, 0x00, 0x00, 0x00,
    0x00, 0x00, 0x00, 0x00, 0x00, 0x00, 0x00, 0x00, 0x00, 0x00, 0x00, 0x00, 0x00, 0x00, 0x00, 0x00,
    0x00, 0x00, 0x00, 0x00, 0x00, 0x00, 0x00, 0x00, 0x00, 0x00, 0x00, 0x00, 0x00, 0x00, 0x00, 0x00,
    0x00, 0x00, 0x00, 0x00, 0x00, 0x00, 0x00, 0x00, 0x00, 0x00, 0x00, 0x00, 0x00, 0x00, 0x00, 0x00,
    0x00, 0x00, 0x00, 0x00, 0x00, 0x00, 0x00, 0x00, 0x00, 0x00, 0x00, 0x00, 0x00, 0x00, 0x00, 0x00,
    0x00, 0x00, 0x00, 0x00, 0x00, 0x00, 0x00, 0x00, 0x00, 0x00, 0x00, 0x00, 0x00, 0x00, 0x00, 0x00,
    0x00, 0x00, 0x00, 0x00, 0x00, 0x00, 0x00, 0x00, 0x00, 0x00, 0x00, 0x00, 0x00, 0x00, 0x00, 0x00,
    0x00, 0x00, 0x00, 0x00, 0x00, 0x00, 0x00, 0x00, 0x00, 0x00, 0x00, 0x00, 0x00, 0x00, 0x00, 0x00,
    0x00, 0x00, 0x00, 0x00, 0x00, 0x00, 0x00, 0x00, 0x00, 0x00, 0x00, 0x00, 0x00, 0x00, 0x00, 0x00,
    0x00, 0x00, 0x00, 0x00, 0x00, 0x00, 0x00, 0x00, 0x00, 0x00, 0x00, 0x00, 0x00, 0x00, 0x00, 0x00,
    0x00, 0x00, 0x00, 0x00, 0x00, 0x00, 0x00, 0x00, 0x00, 0x00, 0x00, 0x00, 0x00, 0x00, 0x00, 0x00,
    0x00, 0x00, 0x00, 0x00, 0x00, 0x00, 0x00, 0x00, 0x00, 0x00, 0x00, 0x00, 0x00, 0x00, 0x00, 0x00,
    0x00, 0x00, 0x00, 0x00, 0x00, 0x00, 0x00, 0x00, 0x00, 0x00, 0x00, 0x00, 0x00, 0x00, 0x00, 0x00,
    0x00, 0x00, 0x00, 0x00, 0x00, 0x00, 0x00, 0x00, 0x00, 0x00, 0x00, 0x00, 0x00, 0x00, 0x00, 0x00,
    0x00, 0x00, 0x00, 0x00, 0x00, 0x00, 0x00, 0x00, 0x00, 0x00, 0x00, 0x00, 0x00, 0x00, 0x00, 0x00,
    0x00, 0x00, 0x00, 0x00, 0x00, 0x00, 0x00, 0x00, 0x00, 0x00, 0x00, 0x00, 0x00, 0x00, 0x00, 0x00,
    0x00, 0x00, 0x00, 0x00, 0x00, 0x00, 0x00, 0x00, 0x00, 0x00, 0x00, 0x00, 0x00, 0x00, 0x00, 0x00,
    0x00, 0x00, 0x00, 0x00, 0x00, 0x00, 0x00, 0x00, 0x00, 0x00, 0x00, 0x00, 0x00, 0x00, 0x00, 0x00,
    0x00, 0x00, 0x00, 0x00, 0x00, 0x00, 0x00, 0x00, 0x00, 0x00, 0x00, 0x00, 0x00, 0x00, 0x00, 0x00,
    0x00, 0x00, 0x00, 0x00, 0x00, 0x00, 0x00, 0x00, 0x00, 0x00, 0x00, 0x00, 0x00, 0x00, 0x00, 0x00,
    0x00, 0x00, 0x00, 0x00, 0x00, 0x00, 0x00, 0x00, 0x00, 0x00, 0x00, 0x00, 0x00, 0x00, 0x00, 0x00,
    0x00, 0x00, 0x00, 0x00, 0x00, 0x00, 0x00, 0x00, 0x00, 0x00, 0x00, 0x00, 0x00, 0x00, 0x00, 0x00,
    0x00, 0x00, 0x00, 0x00, 0x00, 0x00, 0x00, 0x00, 0x00, 0x00, 0x00, 0x00, 0x00, 0x00, 0x00, 0x00,
    0x00, 0x00, 0x00, 0x00, 0x00, 0x00, 0x00, 0x00, 0x00, 0x00, 0x00, 0x00, 0x00, 0x00, 0x00, 0x00,
    0x00, 0x00, 0x00, 0x00, 0x00, 0x00, 0x00, 0x00, 0x00, 0x00, 0x00, 0x00, 0x00, 0x00, 0x00, 0x00,
    0x00, 0x00, 0x00, 0x00, 0x00, 0x00, 0x00, 0x00, 0x00, 0x00, 0x00, 0x00, 0x00, 0x00, 0x00, 0x00,
    0x00, 0x00, 0x00, 0x00, 0x00, 0x00, 0x00, 0x00, 0x00, 0x00, 0x00, 0x00, 0x00, 0x00, 0x00, 0x00,
    0x00, 0x00, 0x00, 0x00, 0x00, 0x00, 0x00, 0x00, 0x00, 0x00, 0x00, 0x00, 0x00, 0x00, 0x00, 0x00,
    0x00, 0x00, 0x00, 0x00, 0x00, 0x00, 0x00, 0x00, 0x00, 0x00, 0x00, 0x00, 0x00, 0x00, 0x00, 0x00,
    0x00, 0x00, 0x00, 0x00, 0x00, 0x00, 0x00, 0x00, 0x00, 0x00, 0x00, 0x00, 0x00, 0x00, 0x00, 0x00,
    0x00, 0x00, 0x00, 0x00, 0x00, 0x00, 0x00, 0x00, 0x00, 0x00, 0x00, 0x00, 0x00, 0x00, 0x00, 0x00,
    0x00, 0x00, 0x00, 0x00, 0x00, 0x00, 0x00, 0x00, 0x00, 0x00, 0x00, 0x00, 0x00, 0x00, 0x00, 0x00,
    0x00, 0x00, 0x00, 0x00, 0x00, 0x00, 0x00, 0x00, 0x00, 0x00, 0x00, 0x00, 0x00, 0x00, 0x00, 0x00,
    0x00, 0x00, 0x00, 0x00, 0x00, 0x00, 0x00, 0x00, 0x00, 0x00, 0x00, 0x00, 0x00, 0x00, 0x00, 0x00,
    0x00, 0x00, 0x00, 0x00, 0x00, 0x00, 0x00, 0x00, 0x00, 0x00, 0x00, 0x00, 0x00, 0x00, 0x00, 0x00,
    0x00, 0x00, 0x00, 0x00, 0x00, 0x00, 0x00, 0x00, 0x00, 0x00, 0x00, 0x00, 0x00, 0x00, 0x00, 0x00,
    0x00, 0x00, 0x00, 0x00, 0x00, 0x00, 0x00, 0x00, 0x00, 0x00, 0x00, 0x00, 0x00, 0x00, 0x00, 0x00,
    0x00, 0x00, 0x00, 0x00, 0x00, 0x00, 0x00, 0x00, 0x00, 0x00, 0x00, 0x00, 0x00, 0x00, 0x00, 0x00,
    0x00, 0x00, 0x00, 0x00, 0x00, 0x00, 0x00, 0x00, 0x00, 0x00, 0x00, 0x00, 0x00, 0x00, 0x00, 0x00,
    0x00, 0x00, 0x00, 0x00, 0x00, 0x00, 0x00, 0x00, 0x00, 0x00, 0x00, 0x00, 0x00, 0x00, 0x00, 0x00,
    0x00, 0x00, 0x00, 0x00, 0x00, 0x00, 0x00, 0x00, 0x00, 0x00, 0x00, 0x00, 0x00, 0x00, 0x00, 0x00,
    0x00, 0x00, 0x00, 0x00, 0xFF, 0x7F, 0x00, 0x02, 0xFF, 0x7F, 0x00, 0x02, 0x00, 0x00, 0x00, 0x00,
    0x00, 0x00, 0x00, 0x00, 0xFF, 0x8D, 0x12, 0x1B, 0xFB, 0x8D, 0x13, 0x84, 0xFA, 0x8B, 0x12, 0xD7,
    0xFF, 0x91, 0x10, 0xBD, 0xFF, 0x96, 0x10, 0x5F, 0xB6, 0x64, 0x1B, 0x1C, 0x00, 0x05, 0x34, 0x2C,
    0x0F, 0x1C, 0x2C, 0x61, 0x2B, 0x2B, 0x2B, 0x94, 0x2F, 0x2C, 0x2B, 0xBD, 0x2C, 0x2B, 0x2A, 0xD2,
    0x2A, 0x2A, 0x2A, 0xE4, 0x2A, 0x2A, 0x2A, 0xEC, 0x2A, 0x2A, 0x2A, 0xE8, 0x2B, 0x2B, 0x2B, 0xDA,
    0x2B, 0x2B, 0x2B, 0xC7, 0x2A, 0x2A, 0x2A, 0xB4, 0x2B, 0x2B, 0x2B, 0x9F, 0x2B, 0x2B, 0x2B, 0x8C,
    0x2A, 0x2A, 0x2A, 0x65, 0x2B, 0x2B, 0x2B, 0x3B, 0x29, 0x29, 0x29, 0x1F, 0x00, 0x00, 0x00, 0x00,
    0x00, 0x00, 0x00, 0x00, 0x00, 0x00, 0x00, 0x00, 0x00, 0x00, 0x00, 0x00, 0x00, 0x00, 0x00, 0x00,
    0x00, 0x00, 0x00, 0x00, 0x55, 0x55, 0x55, 0x03, 0x00, 0x00, 0x00, 0x03, 0x00, 0x00, 0x00, 0x01,
    0x00, 0x00, 0x00, 0x00, 0x00, 0x00, 0x00, 0x00, 0x00, 0x00, 0x00, 0x00, 0x00, 0x00, 0x00, 0x00,
    0x00, 0x00, 0x00, 0x00, 0x00, 0x00, 0x00, 0x00, 0xFF, 0x7F, 0x00, 0x02, 0xFF, 0x7F, 0x00, 0x02,
    0xFF, 0x8F, 0x0F, 0x10, 0xFA, 0x8A, 0x11, 0xE4, 0xF8, 0x8A, 0x12, 0x97, 0x00, 0x00, 0x00, 0x00,
    0xFF, 0x7F, 0x00, 0x02, 0x00, 0x00, 0x00, 0x00, 0x00, 0x00, 0x00, 0x00, 0x00, 0x00, 0x00, 0x00,
    0x00, 0x00, 0x00, 0x00, 0x00, 0x00, 0x00, 0x00, 0x00, 0x00, 0x00, 0x00, 0x00, 0x00, 0x00, 0x00,
    0x00, 0x00, 0x00, 0x00, 0x00, 0x00, 0x00, 0x00, 0x00, 0x00, 0x00, 0x00, 0x00, 0x00, 0x00, 0x00,
    0x00, 0x00, 0x00, 0x00, 0x00, 0x00, 0x00, 0x00, 0x00, 0x00, 0x00, 0x00, 0x00, 0x00, 0x00, 0x00,
    0x00, 0x00, 0x00, 0x00, 0x00, 0x00, 0x00, 0x00, 0x00, 0x00, 0x00, 0x00, 0x00, 0x00, 0x00, 0x00,
    0x00, 0x00, 0x00, 0x00, 0x00, 0x00, 0x00, 0x00, 0x00, 0x00, 0x00, 0x00, 0x00, 0x00, 0x00, 0x00,
    0x00, 0x00, 0x00, 0x00, 0x00, 0x00, 0x00, 0x00, 0x00, 0x00, 0x00, 0x00, 0x00, 0x00, 0x00, 0x00,
    0x00, 0x00, 0x00, 0x00, 0x00, 0x00, 0x00, 0x00, 0x00, 0x00, 0x00, 0x00, 0x00, 0x00, 0x00, 0x00,
    0x00, 0x00, 0x00, 0x00, 0x00, 0x00, 0x00, 0x00, 0x00, 0x00, 0x00, 0x00, 0x00, 0x00, 0x00, 0x00,
    0x00, 0x00, 0x00, 0x00, 0x00, 0x00, 0x00, 0x00, 0x00, 0x00, 0x00, 0x00, 0x00, 0x00, 0x00, 0x00,
    0x00, 0x00, 0x00, 0x00, 0x00, 0x00, 0x00, 0x00, 0x00, 0x00, 0x00, 0x00, 0x00, 0x00, 0x00, 0x00,
    0x00, 0x00, 0x00, 0x00, 0x00, 0x00, 0x00, 0x00, 0x00, 0x00, 0x00, 0x00, 0x00, 0x00, 0x00, 0x00,
    0x00, 0x00, 0x00, 0x00, 0x00, 0x00, 0x00, 0x00, 0x00, 0x00, 0x00, 0x00, 0x00, 0x00, 0x00, 0x00,
    0x00, 0x00, 0x00, 0x00, 0x00, 0x00, 0x00, 0x00, 0x00, 0x00, 0x00, 0x00, 0x00, 0x00, 0x00, 0x00,
    0x00, 0x00, 0x00, 0x00, 0x00, 0x00, 0x00, 0x00, 0x00, 0x00, 0x00, 0x00, 0x00, 0x00, 0x00, 0x00,
    0x00, 0x00, 0x00, 0x00, 0x00, 0x00, 0x00, 0x00, 0x00, 0x00, 0x00, 0x00, 0x00, 0x00, 0x00, 0x00,
    0x00, 0x00, 0x00, 0x00, 0x00, 0x00, 0x00, 0x00, 0x00, 0x00, 0x00, 0x00, 0x00, 0x00, 0x00, 0x00,
    0x00, 0x00, 0x00, 0x00, 0x00, 0x00, 0x00, 0x00, 0x00, 0x00, 0x00, 0x00, 0x00, 0x00, 0x00, 0x00,
    0x00, 0x00, 0x00, 0x00, 0x00, 0x00, 0x00, 0x00, 0x00, 0x00, 0x00, 0x00, 0x00, 0x00, 0x00, 0x00,
    0x00, 0x00, 0x00, 0x00, 0x00, 0x00, 0x00, 0x00, 0x00, 0x00, 0x00, 0x00, 0x00, 0x00, 0x00, 0x00,
    0x00, 0x00, 0x00, 0x00, 0x00, 0x00, 0x00, 0x00, 0x00, 0x00, 0x00, 0x00, 0x00, 0x00, 0x00, 0x00,
    0x00, 0x00, 0x00, 0x00, 0x00, 0x00, 0x00, 0x00, 0x00, 0x00, 0x00, 0x00, 0x00, 0x00, 0x00, 0x00,
    0x00, 0x00, 0x00, 0x00, 0x00, 0x00, 0x00, 0x00, 0x00, 0x00, 0x00, 0x00, 0x00, 0x00, 0x00, 0x00,
    0x00, 0x00, 0x00, 0x00, 0x00, 0x00, 0x00, 0x00, 0x00, 0x00, 0x00, 0x00, 0x00, 0x00, 0x00, 0x00,
    0x00, 0x00, 0x00, 0x00, 0x00, 0x00, 0x00, 0x00, 0x00, 0x00, 0x00, 0x00, 0x00, 0x00, 0x00, 0x00,
    0x00, 0x00, 0x00, 0x00, 0x00, 0x00, 0x00, 0x00, 0x00, 0x00, 0x00, 0x00, 0x00, 0x00, 0x00, 0x00,
    0x00, 0x00, 0x00, 0x00, 0x00, 0x00, 0x00, 0x00, 0x00, 0x00, 0x00, 0x00, 0x00, 0x00, 0x00, 0x00,
    0x00, 0x00, 0x00, 0x00, 0x00, 0x00, 0x00, 0x00, 0x00, 0x00, 0x00, 0x00, 0x00, 0x00, 0x00, 0x00,
    0x00, 0x00, 0x00, 0x00, 0x00, 0x00, 0x00, 0x00, 0x00, 0x00, 0x00, 0x00, 0x00, 0x00, 0x00, 0x00,
    0x00, 0x00, 0x00, 0x00, 0x00, 0x00, 0x00, 0x00, 0x00, 0x00, 0x00, 0x00, 0x00, 0x00, 0x00, 0x00,
    0x00, 0x00, 0x00, 0x00, 0x00, 0x00, 0x00, 0x00, 0x00, 0x00, 0x00, 0x00, 0x00, 0x00, 0x00, 0x00,
    0x00, 0x00, 0x00, 0x00, 0x00, 0x00, 0x00, 0x00, 0x00, 0x00, 0x00, 0x00, 0x00, 0x00, 0x00, 0x00,
    0x00, 0x00, 0x00, 0x00, 0x00, 0x00, 0x00, 0x00, 0x00, 0x00, 0x00, 0x00, 0x00, 0x00, 0x00, 0x00,
    0x00, 0x00, 0x00, 0x00, 0x00, 0x00, 0x00, 0x00, 0x00, 0x00, 0x00, 0x00, 0x00, 0x00, 0x00, 0x00,
    0x00, 0x00, 0x00, 0x00, 0x00, 0x00, 0x00, 0x00, 0x00, 0x00, 0x00, 0x00, 0x00, 0x00, 0x00, 0x00,
    0x00, 0x00, 0x00, 0x00, 0x00, 0x00, 0x00, 0x00, 0x00, 0x00, 0x00, 0x00, 0x00, 0x00, 0x00, 0x00,
    0x00, 0x00, 0x00, 0x00, 0x00, 0x00, 0x00, 0x00, 0x00, 0x00, 0x00, 0x00, 0x00, 0x00, 0x00, 0x00,
    0x00, 0x00, 0x00, 0x00, 0x00, 0x00, 0x00, 0x00, 0x00, 0x00, 0x00, 0x00, 0x00, 0x00, 0x00, 0x00,
    0x00, 0x00, 0x00, 0x00, 0x00, 0x00, 0x00, 0x00, 0x00, 0x00, 0x00, 0x00, 0x00, 0x00, 0x00, 0x00,
    0x00, 0x00, 0x00, 0x00, 0x00, 0x00, 0x00, 0x00, 0x00, 0x00, 0x00, 0x00, 0x00, 0x00, 0x00, 0x00,
    0x00, 0x00, 0x00, 0x00, 0x00, 0x00, 0x00, 0x00, 0x00, 0x00, 0x00, 0x00, 0x00, 0x00, 0x00, 0x00,
    0x00, 0x00, 0x00, 0x00, 0x00, 0x00, 0x00, 0x00, 0x00, 0x00, 0x00, 0x00, 0x00, 0x00, 0x00, 0x00,
    0x00, 0x00, 0x00, 0x00, 0x00, 0x00, 0x00, 0x00, 0x00, 0x00, 0x00, 0x00, 0x00, 0x00, 0x00, 0x00,
    0x00, 0x00, 0x00, 0x00, 0x00, 0x00, 0x00, 0x00, 0x00, 0x00, 0x00, 0x00, 0x00, 0x00, 0x00, 0x00,
    0x00, 0x00, 0x00, 0x00, 0x00, 0x00, 0x00, 0x00, 0x00, 0x00, 0x00, 0x00, 0x00, 0x00, 0x00, 0x00,
    0x00, 0x00, 0x00, 0x00, 0x00, 0x00, 0x00, 0x00, 0x00, 0x00, 0x00, 0x00, 0x00, 0x00, 0x00, 0x00,
    0x00, 0x00, 0x00, 0x00, 0x00, 0x00, 0x00, 0x00, 0x00, 0x00, 0x00, 0x00, 0x00, 0x00, 0x00, 0x00,
    0x00, 0x00, 0x00, 0x00, 0x00, 0x00, 0x00, 0x00, 0x00, 0x00, 0x00, 0x00, 0x00, 0x00, 0x00, 0x00,
    0x00, 0x00, 0x00, 0x00, 0x00, 0x00, 0x00, 0x00, 0x00, 0x00, 0x00, 0x00, 0xFF, 0x7F, 0x00, 0x02,
    0xFF, 0xAA, 0x00, 0x03, 0x00, 0x00, 0x00, 0x00, 0x00, 0x00, 0x00, 0x00, 0xFF, 0xFF, 0x00, 0x02,
    0xC7, 0x74, 0x18, 0x8A, 0xD8, 0x7D, 0x18, 0xFF, 0xF4, 0x8A, 0x11, 0xF5, 0xAF, 0x69, 0x1B, 0xFF,
    0x57, 0x41, 0x28, 0xFF, 0x25, 0x29, 0x2B, 0xEB, 0x13, 0x1F, 0x2C, 0xAB, 0x1E, 0x25, 0x2B, 0x9D,
    0x2E, 0x2C, 0x2A, 0x8A, 0x2F, 0x2D, 0x28, 0x70, 0x2C, 0x2C, 0x29, 0x68, 0x2B, 0x2B, 0x2B, 0x6A,
    0x2B, 0x2B, 0x2B, 0x6A, 0x2B, 0x2B, 0x2B, 0x7A, 0x2A, 0x2A, 0x2A, 0x97, 0x2A, 0x2A, 0x2A, 0xA8,
    0x2B, 0x2B, 0x2B, 0xAF, 0x2B, 0x2B, 0x2B, 0xC9, 0x2B, 0x2B, 0x2B, 0xD4, 0x2B, 0x2B, 0x2B, 0xBD,
    0x29, 0x29, 0x29, 0xA6, 0x2C, 0x2C, 0x2C, 0x79, 0x2C, 0x2C, 0x2C, 0x50, 0x2B, 0x2B, 0x2B, 0x1D,
    0x00, 0x00, 0x00, 0x00, 0x00, 0x00, 0x00, 0x00, 0x00, 0x00, 0x00, 0x00, 0x00, 0x00, 0x00, 0x00,
    0x00, 0x00, 0x00, 0x02, 0x55, 0x55, 0x55, 0x03, 0x00, 0x00, 0x00, 0x01, 0x00, 0x00, 0x00, 0x00,
    0x00, 0x00, 0x00, 0x00, 0x00, 0x00, 0x00, 0x00, 0xFF, 0xAA, 0x00, 0x03, 0x00, 0x00, 0x00, 0x00,
    0xF9, 0x88, 0x11, 0x90, 0xFB, 0x8B, 0x12, 0xFE, 0xF7, 0x87, 0x0F, 0x20, 0xFF, 0x00, 0x00, 0x01,
    0xFF, 0x7F, 0x00, 0x02, 0x00, 0x00, 0x00, 0x00, 0x00, 0x00, 0x00, 0x00, 0x00, 0x00, 0x00, 0x00,
    0x00, 0x00, 0x00, 0x00, 0x00, 0x00, 0x00, 0x00, 0x00, 0x00, 0x00, 0x00, 0x00, 0x00, 0x00, 0x00,
    0x00, 0x00, 0x00, 0x00, 0x00, 0x00, 0x00, 0x00, 0x00, 0x00, 0x00, 0x00, 0x00, 0x00, 0x00, 0x00,
    0x00, 0x00, 0x00, 0x00, 0x00, 0x00, 0x00, 0x00, 0x00, 0x00, 0x00, 0x00, 0x00, 0x00, 0x00, 0x00,
    0x00, 0x00, 0x00, 0x00, 0x00, 0x00, 0x00, 0x00, 0x00, 0x00, 0x00, 0x00, 0x00, 0x00, 0x00, 0x00,
    0x00, 0x00, 0x00, 0x00, 0x00, 0x00, 0x00, 0x00, 0x00, 0x00, 0x00, 0x00, 0x00, 0x00, 0x00, 0x00,
    0x00, 0x00, 0x00, 0x00, 0x00, 0x00, 0x00, 0x00, 0x00, 0x00, 0x00, 0x00, 0x00, 0x00, 0x00, 0x00,
    0x00, 0x00, 0x00, 0x00, 0x00, 0x00, 0x00, 0x00, 0x00, 0x00, 0x00, 0x00, 0x00, 0x00, 0x00, 0x00,
    0x00, 0x00, 0x00, 0x00, 0x00, 0x00, 0x00, 0x00, 0x00, 0x00, 0x00, 0x00, 0x00, 0x00, 0x00, 0x00,
    0x00, 0x00, 0x00, 0x00, 0x00, 0x00, 0x00, 0x00, 0x00, 0x00, 0x00, 0x00, 0x00, 0x00, 0x00, 0x00,
    0x00, 0x00, 0x00, 0x00, 0x00, 0x00, 0x00, 0x00, 0x00, 0x00, 0x00, 0x00, 0x00, 0x00, 0x00, 0x00,
    0x00, 0x00, 0x00, 0x00, 0x00, 0x00, 0x00, 0x00, 0x00, 0x00, 0x00, 0x00, 0x00, 0x00, 0x00, 0x00,
    0x00, 0x00, 0x00, 0x00, 0x00, 0x00, 0x00, 0x00, 0x00, 0x00, 0x00, 0x00, 0x00, 0x00, 0x00, 0x00,
    0x00, 0x00, 0x00, 0x00, 0x00, 0x00, 0x00, 0x00, 0x00, 0x00, 0x00, 0x00, 0x00, 0x00, 0x00, 0x00,
    0x00, 0x00, 0x00, 0x00, 0x00, 0x00, 0x00, 0x00, 0x00, 0x00, 0x00, 0x00, 0x00, 0x00, 0x00, 0x00,
    0x00, 0x00, 0x00, 0x00, 0x00, 0x00, 0x00, 0x00, 0x00, 0x00, 0x00, 0x00, 0x00, 0x00, 0x00, 0x00,
    0x00, 0x00, 0x00, 0x00, 0x00, 0x00, 0x00, 0x00, 0x00, 0x00, 0x00, 0x00, 0x00, 0x00, 0x00, 0x00,
    0x00, 0x00, 0x00, 0x00, 0x00, 0x00, 0x00, 0x00, 0x00, 0x00, 0x00, 0x00, 0x00, 0x00, 0x00, 0x00,
    0x00, 0x00, 0x00, 0x00, 0x00, 0x00, 0x00, 0x00, 0x00, 0x00, 0x00, 0x00, 0x00, 0x00, 0x00, 0x00,
    0x00, 0x00, 0x00, 0x00, 0x00, 0x00, 0x00, 0x00, 0x00, 0x00, 0x00, 0x00, 0x00, 0x00, 0x00, 0x00,
    0x00, 0x00, 0x00, 0x00, 0x00, 0x00, 0x00, 0x00, 0x00, 0x00, 0x00, 0x00, 0x00, 0x00, 0x00, 0x00,
    0x00, 0x00, 0x00, 0x00, 0x00, 0x00, 0x00, 0x00, 0x00, 0x00, 0x00, 0x00, 0x00, 0x00, 0x00, 0x00,
    0x00, 0x00, 0x00, 0x00, 0x00, 0x00, 0x00, 0x00, 0x00, 0x00, 0x00, 0x00, 0x00, 0x00, 0x00, 0x00,
    0x00, 0x00, 0x00, 0x00, 0x00, 0x00, 0x00, 0x00, 0x00, 0x00, 0x00, 0x00, 0x00, 0x00, 0x00, 0x00,
    0x00, 0x00, 0x00, 0x00, 0x00, 0x00, 0x00, 0x00, 0x00, 0x00, 0x00, 0x00, 0x00, 0x00, 0x00, 0x00,
    0x00, 0x00, 0x00, 0x00, 0x00, 0x00, 0x00, 0x00, 0x00, 0x00, 0x00, 0x00, 0x00, 0x00, 0x00, 0x00,
    0x00, 0x00, 0x00, 0x00, 0x00, 0x00, 0x00, 0x00, 0x00, 0x00, 0x00, 0x00, 0x00, 0x00, 0x00, 0x00,
    0x00, 0x00, 0x00, 0x00, 0x00, 0x00, 0x00, 0x00, 0x00, 0x00, 0x00, 0x00, 0x00, 0x00, 0x00, 0x00,
    0x00, 0x00, 0x00, 0x00, 0x00, 0x00, 0x00, 0x00, 0x00, 0x00, 0x00, 0x00, 0x00, 0x00, 0x00, 0x00,
    0x00, 0x00, 0x00, 0x00, 0x00, 0x00, 0x00, 0x00, 0x00, 0x00, 0x00, 0x00, 0x00, 0x00, 0x00, 0x00,
    0x00, 0x00, 0x00, 0x00, 0x00, 0x00, 0x00, 0x00, 0x00, 0x00, 0x00, 0x00, 0x00, 0x00, 0x00, 0x00,
    0x00, 0x00, 0x00, 0x00, 0x00, 0x00, 0x00, 0x00, 0x00, 0x00, 0x00, 0x00, 0x00, 0x00, 0x00, 0x00,
    0x00, 0x00, 0x00, 0x00, 0x00, 0x00, 0x00, 0x00, 0x00, 0x00, 0x00, 0x00, 0x00, 0x00, 0x00, 0x00,
    0x00, 0x00, 0x00, 0x00, 0x00, 0x00, 0x00, 0x00, 0x00, 0x00, 0x00, 0x00, 0x00, 0x00, 0x00, 0x00,
    0x00, 0x00, 0x00, 0x00, 0x00, 0x00, 0x00, 0x00, 0x00, 0x00, 0x00, 0x00, 0x00, 0x00, 0x00, 0x00,
    0x00, 0x00, 0x00, 0x00, 0x00, 0x00, 0x00, 0x00, 0x00, 0x00, 0x00, 0x00, 0x00, 0x00, 0x00, 0x00,
    0x00, 0x00, 0x00, 0x00, 0x00, 0x00, 0x00, 0x00, 0x00, 0x00, 0x00, 0x00, 0x00, 0x00, 0x00, 0x00,
    0x00, 0x00, 0x00, 0x00, 0x00, 0x00, 0x00, 0x00, 0x00, 0x00, 0x00, 0x00, 0x00, 0x00, 0x00, 0x00,
    0x00, 0x00, 0x00, 0x00, 0x00, 0x00, 0x00, 0x00, 0x00, 0x00, 0x00, 0x00, 0x00, 0x00, 0x00, 0x00,
    0x00, 0x00, 0x00, 0x00, 0x00, 0x00, 0x00, 0x00, 0x00, 0x00, 0x00, 0x00, 0x00, 0x00, 0x00, 0x00,
    0x00, 0x00, 0x00, 0x00, 0x00, 0x00, 0x00, 0x00, 0x00, 0x00, 0x00, 0x00, 0x00, 0x00, 0x00, 0x00,
    0x00, 0x00, 0x00, 0x00, 0x00, 0x00, 0x00, 0x00, 0x00, 0x00, 0x00, 0x00, 0x00, 0x00, 0x00, 0x00,
    0x00, 0x00, 0x00, 0x00, 0x00, 0x00, 0x00, 0x00, 0x00, 0x00, 0x00, 0x00, 0x00, 0x00, 0x00, 0x00,
    0x00, 0x00, 0x00, 0x00, 0x00, 0x00, 0x00, 0x00, 0x00, 0x00, 0x00, 0x00, 0x00, 0x00, 0x00, 0x00,
    0x00, 0x00, 0x00, 0x00, 0x00, 0x00, 0x00, 0x00, 0x00, 0x00, 0x00, 0x00, 0x00, 0x00, 0x00, 0x00,
    0x00, 0x00, 0x00, 0x00, 0x00, 0x00, 0x00, 0x00, 0x00, 0x00, 0x00, 0x00, 0x00, 0x00, 0x00, 0x00,
    0x00, 0x00, 0x00, 0x00, 0x00, 0x00, 0x00, 0x00, 0x00, 0x00, 0x00, 0x00, 0x00, 0x00, 0x00, 0x00,
    0x00, 0x00, 0x00, 0x00, 0x00, 0x00, 0x00, 0x00, 0x00, 0x00, 0x00, 0x00, 0x00, 0x00, 0x00, 0x00,
    0x00, 0x00, 0x00, 0x00, 0x00, 0x00, 0x00, 0x00, 0x00, 0x00, 0x00, 0x00, 0x00, 0x00, 0x00, 0x00,
    0x00, 0x00, 0x00, 0x00, 0x55, 0x55, 0x00, 0x03, 0x03, 0x01, 0x00, 0x00, 0x23, 0x28, 0x2A, 0x66,
    0x19, 0x24, 0x2D, 0xD4, 0x27, 0x2A, 0x2D, 0xFF, 0x6F, 0x4B, 0x23, 0xEE, 0xFF, 0x8D, 0x11, 0xC8,
    0xFF, 0x8F, 0x12, 0xFD, 0xF7, 0x8A, 0x13, 0xD3, 0xFF, 0x9C, 0x0C, 0x55, 0xFF, 0xFF, 0x00, 0x04,
    0x00, 0x00, 0x00, 0x00, 0x00, 0x00, 0x00, 0x00, 0x00, 0x00, 0x00, 0x00, 0x00, 0x00, 0x00, 0x00,
    0x00, 0x00, 0x00, 0x00, 0x00, 0x00, 0x00, 0x00, 0x00, 0x00, 0x00, 0x00, 0x00, 0x00, 0x00, 0x00,
    0x00, 0x00, 0x00, 0x00, 0x00, 0x00, 0x00, 0x02, 0x2C, 0x2C, 0x2C, 0x17, 0x2D, 0x2D, 0x2D, 0x2D,
    0x2B, 0x2B, 0x2B, 0x57, 0x2A, 0x2A, 0x2A, 0x85, 0x2A, 0x2A, 0x2A, 0xB3, 0x2A, 0x2A, 0x2A, 0xC4,
    0x2A, 0x2A, 0x2A, 0xB2, 0x2B, 0x2B, 0x2B, 0x8C, 0x2D, 0x2D, 0x2D, 0x49, 0x2E, 0x2E, 0x2E, 0x16,
    0x00, 0x00, 0x00, 0x00, 0x00, 0x00, 0x00, 0x00, 0x00, 0x00, 0x00, 0x00, 0x00, 0x00, 0x00, 0x01,
    0x00, 0x00, 0x55, 0x03, 0x7F, 0x3F, 0x00, 0x04, 0x00, 0x00, 0x00, 0x00, 0xF9, 0x87, 0x10, 0x2F,
    0xFC, 0x90, 0x13, 0xFB, 0xF8, 0x88, 0x12, 0x97, 0x00, 0x00, 0x00, 0x00, 0xFF, 0x7F, 0x00, 0x02,
    0x00, 0x00, 0x00, 0x00, 0x00, 0x00, 0x00, 0x00, 0x00, 0x00, 0x00, 0x00, 0x00, 0x00, 0x00, 0x00,
    0x00, 0x00, 0x00, 0x00, 0x00, 0x00, 0x00, 0x00, 0x00, 0x00, 0x00, 0x00, 0x00, 0x00, 0x00, 0x00,
    0x00, 0x00, 0x00, 0x00, 0x00, 0x00, 0x00, 0x00, 0x00, 0x00, 0x00, 0x00, 0x00, 0x00, 0x00, 0x00,
    0x00, 0x00, 0x00, 0x00, 0x00, 0x00, 0x00, 0x00, 0x00, 0x00, 0x00, 0x00, 0x00, 0x00, 0x00, 0x00,
    0x00, 0x00, 0x00, 0x00, 0x00, 0x00, 0x00, 0x00, 0x00, 0x00, 0x00, 0x00, 0x00, 0x00, 0x00, 0x00,
    0x00, 0x00, 0x00, 0x00, 0x00, 0x00, 0x00, 0x00, 0x00, 0x00, 0x00, 0x00, 0x00, 0x00, 0x00, 0x00,
    0x00, 0x00, 0x00, 0x00, 0x00, 0x00, 0x00, 0x00, 0x00, 0x00, 0x00, 0x00, 0x00, 0x00, 0x00, 0x00,
    0x00, 0x00, 0x00, 0x00, 0x00, 0x00, 0x00, 0x00, 0x00, 0x00, 0x00, 0x00, 0x00, 0x00, 0x00, 0x00,
    0x00, 0x00, 0x00, 0x00, 0x00, 0x00, 0x00, 0x00, 0x00, 0x00, 0x00, 0x00, 0x00, 0x00, 0x00, 0x00,
    0x00, 0x00, 0x00, 0x00, 0x00, 0x00, 0x00, 0x00, 0x00, 0x00, 0x00, 0x00, 0x00, 0x00, 0x00, 0x00,
    0x00, 0x00, 0x00, 0x00, 0x00, 0x00, 0x00, 0x00, 0x00, 0x00, 0x00, 0x00, 0x00, 0x00, 0x00, 0x00,
    0x00, 0x00, 0x00, 0x00, 0x00, 0x00, 0x00, 0x00, 0x00, 0x00, 0x00, 0x00, 0x00, 0x00, 0x00, 0x00,
    0x00, 0x00, 0x00, 0x00, 0x00, 0x00, 0x00, 0x00, 0x00, 0x00, 0x00, 0x00, 0x00, 0x00, 0x00, 0x00,
    0x00, 0x00, 0x00, 0x00, 0x00, 0x00, 0x00, 0x00, 0x00, 0x00, 0x00, 0x00, 0x00, 0x00, 0x00, 0x00,
    0x00, 0x00, 0x00, 0x00, 0x00, 0x00, 0x00, 0x00, 0x00, 0x00, 0x00, 0x00, 0x00, 0x00, 0x00, 0x00,
    0x00, 0x00, 0x00, 0x00, 0x00, 0x00, 0x00, 0x00, 0x00, 0x00, 0x00, 0x00, 0x00, 0x00, 0x00, 0x00,
    0x00, 0x00, 0x00, 0x00, 0x00, 0x00, 0x00, 0x00, 0x00, 0x00, 0x00, 0x00, 0x00, 0x00, 0x00, 0x00,
    0x00, 0x00, 0x00, 0x00, 0x00, 0x00, 0x00, 0x00, 0x00, 0x00, 0x00, 0x00, 0x00, 0x00, 0x00, 0x00,
    0x00, 0x00, 0x00, 0x00, 0x00, 0x00, 0x00, 0x00, 0x00, 0x00, 0x00, 0x00, 0x00, 0x00, 0x00, 0x00,
    0x00, 0x00, 0x00, 0x00, 0x00, 0x00, 0x00, 0x00, 0x00, 0x00, 0x00, 0x00, 0x00, 0x00, 0x00, 0x00,
    0x00, 0x00, 0x00, 0x00, 0x00, 0x00, 0x00, 0x00, 0x00, 0x00, 0x00, 0x00, 0x00, 0x00, 0x00, 0x00,
    0x00, 0x00, 0x00, 0x00, 0x00, 0x00, 0x00, 0x00, 0x00, 0x00, 0x00, 0x00, 0x00, 0x00, 0x00, 0x00,
    0x00, 0x00, 0x00, 0x00, 0x00, 0x00, 0x00, 0x00, 0x00, 0x00, 0x00, 0x00, 0x00, 0x00, 0x00, 0x00,
    0x00, 0x00, 0x00, 0x00, 0x00, 0x00, 0x00, 0x00, 0x00, 0x00, 0x00, 0x00, 0x00, 0x00, 0x00, 0x00,
    0x00, 0x00, 0x00, 0x00, 0x00, 0x00, 0x00, 0x00, 0x00, 0x00, 0x00, 0x00, 0x00, 0x00, 0x00, 0x00,
    0x00, 0x00, 0x00, 0x00, 0x00, 0x00, 0x00, 0x00, 0x00, 0x00, 0x00, 0x00, 0x00, 0x00, 0x00, 0x00,
    0x00, 0x00, 0x00, 0x00, 0x00, 0x00, 0x00, 0x00, 0x00, 0x00, 0x00, 0x00, 0x00, 0x00, 0x00, 0x00,
    0x00, 0x00, 0x00, 0x00, 0x00, 0x00, 0x00, 0x00, 0x00, 0x00, 0x00, 0x00, 0x00, 0x00, 0x00, 0x00,
    0x00, 0x00, 0x00, 0x00, 0x00, 0x00, 0x00, 0x00, 0x00, 0x00, 0x00, 0x00, 0x00, 0x00, 0x00, 0x00,
    0x00, 0x00, 0x00, 0x00, 0x00, 0x00, 0x00, 0x00, 0x00, 0x00, 0x00, 0x00, 0x00, 0x00, 0x00, 0x00,
    0x00, 0x00, 0x00, 0x00, 0x00, 0x00, 0x00, 0x00, 0x00, 0x00, 0x00, 0x00, 0x00, 0x00, 0x00, 0x00,
    0x00, 0x00, 0x00, 0x00, 0x00, 0x00, 0x00, 0x00, 0x00, 0x00, 0x00, 0x00, 0x00, 0x00, 0x00, 0x00,
    0x00, 0x00, 0x00, 0x00, 0x00, 0x00, 0x00, 0x00, 0x00, 0x00, 0x00, 0x00, 0x00, 0x00, 0x00, 0x00,
    0x00, 0x00, 0x00, 0x00, 0x00, 0x00, 0x00, 0x00, 0x00, 0x00, 0x00, 0x00, 0x00, 0x00, 0x00, 0x00,
    0x00, 0x00, 0x00, 0x00, 0x00, 0x00, 0x00, 0x00, 0x00, 0x00, 0x00, 0x00, 0x00, 0x00, 0x00, 0x00,
    0x00, 0x00, 0x00, 0x00, 0x00, 0x00, 0x00, 0x00, 0x00, 0x00, 0x00, 0x00, 0x00, 0x00, 0x00, 0x00,
    0x00, 0x00, 0x00, 0x00, 0x00, 0x00, 0x00, 0x00, 0x00, 0x00, 0x00, 0x00, 0x00, 0x00, 0x00, 0x00,
    0x00, 0x00, 0x00, 0x00, 0x00, 0x00, 0x00, 0x00, 0x00, 0x00, 0x00, 0x00, 0x00, 0x00, 0x00, 0x00,
    0x00, 0x00, 0x00, 0x00, 0x00, 0x00, 0x00, 0x00, 0x00, 0x00, 0x00, 0x00, 0x00, 0x00, 0x00, 0x00,
    0x00, 0x00, 0x00, 0x00, 0x00, 0x00, 0x00, 0x00, 0x00, 0x00, 0x00, 0x00, 0x00, 0x00, 0x00, 0x00,
    0x00, 0x00, 0x00, 0x00, 0x00, 0x00, 0x00, 0x00, 0x00, 0x00, 0x00, 0x00, 0x00, 0x00, 0x00, 0x00,
    0x00, 0x00, 0x00, 0x00, 0x00, 0x00, 0x00, 0x00, 0x00, 0x00, 0x00, 0x00, 0x00, 0x00, 0x00, 0x00,
    0x00, 0x00, 0x00, 0x00, 0x00, 0x00, 0x00, 0x00, 0x00, 0x00, 0x00, 0x00, 0x00, 0x00, 0x00, 0x00,
    0x00, 0x00, 0x00, 0x00, 0x00, 0x00, 0x00, 0x00, 0x00, 0x00, 0x00, 0x00, 0x00, 0x00, 0x00, 0x00,
    0x00, 0x00, 0x00, 0x00, 0x00, 0x00, 0x00, 0x00, 0x00, 0x00, 0x00, 0x00, 0x00, 0x00, 0x00, 0x00,
    0x00, 0x00, 0x00, 0x00, 0x00, 0x00, 0x00, 0x00, 0x00, 0x00, 0x00, 0x00, 0x00, 0x00, 0x00, 0x00,
    0x00, 0x00, 0x00, 0x00, 0x00, 0x00, 0x00, 0x00, 0x00, 0x00, 0x00, 0x00, 0x00, 0x00, 0x00, 0x00,
    0x00, 0x00, 0x00, 0x00, 0x00, 0x00, 0x00, 0x00, 0x00, 0x00, 0x00, 0x00, 0x00, 0x00, 0x00, 0x00,
    0x00, 0x00, 0x00, 0x00, 0x00, 0x00, 0x00, 0x00, 0x00, 0x00, 0x00, 0x00, 0x00, 0x00, 0x00, 0x00,
    0x00, 0x00, 0x00, 0x02, 0x00, 0x00, 0x00, 0x00, 0x2B, 0x2B, 0x2B, 0x7C, 0x2E, 0x2E, 0x2E, 0xFF,
    0x31, 0x30, 0x2E, 0xFF, 0x2B, 0x2B, 0x2B, 0xB6, 0x00, 0x00, 0x34, 0x22, 0x00, 0x00, 0x01, 0x00,
    0xFB, 0x89, 0x0F, 0x43, 0xFF, 0x8C, 0x12, 0xB4, 0xFF, 0x90, 0x13, 0xFF, 0xF9, 0x8A, 0x12, 0xFB,
    0xF8, 0x89, 0x13, 0x9C, 0xEE, 0x81, 0x14, 0x3F, 0x00, 0x00, 0x00, 0x01, 0x00, 0x00, 0x00, 0x00,
    0x00, 0x00, 0x00, 0x00, 0x7F, 0x55, 0x2A, 0x06, 0x7F, 0x55, 0x2A, 0x06, 0x3F, 0x3F, 0x3F, 0x04,
    0x55, 0x00, 0x00, 0x03, 0x00, 0x00, 0x00, 0x00, 0x00, 0x00, 0x00, 0x00, 0x00, 0x00, 0x00, 0x00,
    0x00, 0x00, 0x00, 0x00, 0x00, 0x00, 0x00, 0x00, 0x00, 0x00, 0x00, 0x00, 0x27, 0x27, 0x27, 0x0D,
    0x2B, 0x2B, 0x2B, 0x3B, 0x2B, 0x2B, 0x2B, 0x7A, 0x2C, 0x2C, 0x2C, 0xA7, 0x2C, 0x2C, 0x2C, 0xBF,
    0x2A, 0x2A, 0x2A, 0xA2, 0x2A, 0x2A, 0x2A, 0x65, 0x2A, 0x2A, 0x2A, 0x24, 0x00, 0x00, 0x00, 0x00,
    0x00, 0x00, 0x00, 0x00, 0x01, 0x00, 0x00, 0x00, 0xFF, 0x55, 0x00, 0x03, 0xF9, 0x88, 0x11, 0xC1,
    0xFC, 0x8F, 0x13, 0xFC, 0xF9, 0x88, 0x11, 0x2D, 0xFF, 0x00, 0x00, 0x01, 0xFF, 0x7F, 0x00, 0x02,
    0x00, 0x00, 0x00, 0x00, 0x00, 0x00, 0x00, 0x00, 0x00, 0x00, 0x00, 0x00, 0x00, 0x00, 0x00, 0x00,
    0x00, 0x00, 0x00, 0x00, 0x00, 0x00, 0x00, 0x00, 0x00, 0x00, 0x00, 0x00, 0x00, 0x00, 0x00, 0x00,
    0x00, 0x00, 0x00, 0x00, 0x00, 0x00, 0x00, 0x00, 0x00, 0x00, 0x00, 0x00, 0x00, 0x00, 0x00, 0x00,
    0x00, 0x00, 0x00, 0x00, 0x00, 0x00, 0x00, 0x00, 0x00, 0x00, 0x00, 0x00, 0x00, 0x00, 0x00, 0x00,
    0x00, 0x00, 0x00, 0x00, 0x00, 0x00, 0x00, 0x00, 0x00, 0x00, 0x00, 0x00, 0x00, 0x00, 0x00, 0x00,
    0x00, 0x00, 0x00, 0x00, 0x00, 0x00, 0x00, 0x00, 0x00, 0x00, 0x00, 0x00, 0x00, 0x00, 0x00, 0x00,
    0x00, 0x00, 0x00, 0x00, 0x00, 0x00, 0x00, 0x00, 0x00, 0x00, 0x00, 0x00, 0x00, 0x00, 0x00, 0x00,
    0x00, 0x00, 0x00, 0x00, 0x00, 0x00, 0x00, 0x00, 0x00, 0x00, 0x00, 0x00, 0x00, 0x00, 0x00, 0x00,
    0x00, 0x00, 0x00, 0x00, 0x00, 0x00, 0x00, 0x00, 0x00, 0x00, 0x00, 0x00, 0x00, 0x00, 0x00, 0x00,
    0x00, 0x00, 0x00, 0x00, 0x00, 0x00, 0x00, 0x00, 0x00, 0x00, 0x00, 0x00, 0x00, 0x00, 0x00, 0x00,
    0x00, 0x00, 0x00, 0x00, 0x00, 0x00, 0x00, 0x00, 0x00, 0x00, 0x00, 0x00, 0x00, 0x00, 0x00, 0x00,
    0x00, 0x00, 0x00, 0x00, 0x00, 0x00, 0x00, 0x00, 0x00, 0x00, 0x00, 0x00, 0x00, 0x00, 0x00, 0x00,
    0x00, 0x00, 0x00, 0x00, 0x00, 0x00, 0x00, 0x00, 0x00, 0x00, 0x00, 0x00, 0x00, 0x00, 0x00, 0x00,
    0x00, 0x00, 0x00, 0x00, 0x00, 0x00, 0x00, 0x00, 0x00, 0x00, 0x00, 0x00, 0x00, 0x00, 0x00, 0x00,
    0x00, 0x00, 0x00, 0x00, 0x00, 0x00, 0x00, 0x00, 0x00, 0x00, 0x00, 0x00, 0x00, 0x00, 0x00, 0x00,
    0x00, 0x00, 0x00, 0x00, 0x00, 0x00, 0x00, 0x00, 0x00, 0x00, 0x00, 0x00, 0x00, 0x00, 0x00, 0x00,
    0x00, 0x00, 0x00, 0x00, 0x00, 0x00, 0x00, 0x00, 0x00, 0x00, 0x00, 0x00, 0x00, 0x00, 0x00, 0x00,
    0x00, 0x00, 0x00, 0x00, 0x00, 0x00, 0x00, 0x00, 0x00, 0x00, 0x00, 0x00, 0x00, 0x00, 0x00, 0x00,
    0x00, 0x00, 0x00, 0x00, 0x00, 0x00, 0x00, 0x00, 0x00, 0x00, 0x00, 0x00, 0x00, 0x00, 0x00, 0x00,
    0x00, 0x00, 0x00, 0x00, 0x00, 0x00, 0x00, 0x00, 0x00, 0x00, 0x00, 0x00, 0x00, 0x00, 0x00, 0x00,
    0x00, 0x00, 0x00, 0x00, 0x00, 0x00, 0x00, 0x00, 0x00, 0x00, 0x00, 0x00, 0x00, 0x00, 0x00, 0x00,
    0x00, 0x00, 0x00, 0x00, 0x00, 0x00, 0x00, 0x00, 0x00, 0x00, 0x00, 0x00, 0x00, 0x00, 0x00, 0x00,
    0x00, 0x00, 0x00, 0x00, 0x00, 0x00, 0x00, 0x00, 0x00, 0x00, 0x00, 0x00, 0x00, 0x00, 0x00, 0x00,
    0x00, 0x00, 0x00, 0x00, 0x00, 0x00, 0x00, 0x00, 0x00, 0x00, 0x00, 0x00, 0x00, 0x00, 0x00, 0x00,
    0x00, 0x00, 0x00, 0x00, 0x00, 0x00, 0x00, 0x00, 0x00, 0x00, 0x00, 0x00, 0x00, 0x00, 0x00, 0x00,
    0x00, 0x00, 0x00, 0x00, 0x00, 0x00, 0x00, 0x00, 0x00, 0x00, 0x00, 0x00, 0x00, 0x00, 0x00, 0x00,
    0x00, 0x00, 0x00, 0x00, 0x00, 0x00, 0x00, 0x00, 0x00, 0x00, 0x00, 0x00, 0x00, 0x00, 0x00, 0x00,
    0x00, 0x00, 0x00, 0x00, 0x00, 0x00, 0x00, 0x00, 0x00, 0x00, 0x00, 0x00, 0x00, 0x00, 0x00, 0x00,
    0x00, 0x00, 0x00, 0x00, 0x00, 0x00, 0x00, 0x00, 0x00, 0x00, 0x00, 0x00, 0x00, 0x00, 0x00, 0x00,
    0x00, 0x00, 0x00, 0x00, 0x00, 0x00, 0x00, 0x00, 0x00, 0x00, 0x00, 0x00, 0x00, 0x00, 0x00, 0x00,
    0x00, 0x00, 0x00, 0x00, 0x00, 0x00, 0x00, 0x00, 0x00, 0x00, 0x00, 0x00, 0x00, 0x00, 0x00, 0x00,
    0x00, 0x00, 0x00, 0x00, 0x00, 0x00, 0x00, 0x00, 0x00, 0x00, 0x00, 0x00, 0x00, 0x00, 0x00, 0x00,
    0x00, 0x00, 0x00, 0x00, 0x00, 0x00, 0x00, 0x00, 0x00, 0x00, 0x00, 0x00, 0x00, 0x00, 0x00, 0x00,
    0x00, 0x00, 0x00, 0x00, 0x00, 0x00, 0x00, 0x00, 0x00, 0x00, 0x00, 0x00, 0x00, 0x00, 0x00, 0x00,
    0x00, 0x00, 0x00, 0x00, 0x00, 0x00, 0x00, 0x00, 0x00, 0x00, 0x00, 0x00, 0x00, 0x00, 0x00, 0x00,
    0x00, 0x00, 0x00, 0x00, 0x00, 0x00, 0x00, 0x00, 0x00, 0x00, 0x00, 0x00, 0x00, 0x00, 0x00, 0x00,
    0x00, 0x00, 0x00, 0x00, 0x00, 0x00, 0x00, 0x00, 0x00, 0x00, 0x00, 0x00, 0x00, 0x00, 0x00, 0x00,
    0x00, 0x00, 0x00, 0x00, 0x00, 0x00, 0x00, 0x00, 0x00, 0x00, 0x00, 0x00, 0x00, 0x00, 0x00, 0x00,
    0x00, 0x00, 0x00, 0x00, 0x00, 0x00, 0x00, 0x00, 0x00, 0x00, 0x00, 0x00, 0x00, 0x00, 0x00, 0x00,
    0x00, 0x00, 0x00, 0x00, 0x00, 0x00, 0x00, 0x00, 0x00, 0x00, 0x00, 0x00, 0x00, 0x00, 0x00, 0x00,
    0x00, 0x00, 0x00, 0x00, 0x00, 0x00, 0x00, 0x00, 0x00, 0x00, 0x00, 0x00, 0x00, 0x00, 0x00, 0x00,
    0x00, 0x00, 0x00, 0x00, 0x00, 0x00, 0x00, 0x00, 0x00, 0x00, 0x00, 0x00, 0x00, 0x00, 0x00, 0x00,
    0x00, 0x00, 0x00, 0x00, 0x00, 0x00, 0x00, 0x00, 0x00, 0x00, 0x00, 0x00, 0x00, 0x00, 0x00, 0x00,
    0x00, 0x00, 0x00, 0x00, 0x00, 0x00, 0x00, 0x00, 0x00, 0x00, 0x00, 0x00, 0x00, 0x00, 0x00, 0x00,
    0x00, 0x00, 0x00, 0x00, 0x00, 0x00, 0x00, 0x00, 0x00, 0x00, 0x00, 0x00, 0x00, 0x00, 0x00, 0x00,
    0x00, 0x00, 0x00, 0x00, 0x00, 0x00, 0x00, 0x00, 0x00, 0x00, 0x00, 0x00, 0x00, 0x00, 0x00, 0x00,
    0x00, 0x00, 0x00, 0x00, 0x00, 0x00, 0x00, 0x00, 0x00, 0x00, 0x00, 0x00, 0x00, 0x00, 0x00, 0x00,
    0x00, 0x00, 0x00, 0x00, 0x00, 0x00, 0x00, 0x00, 0x00, 0x00, 0x00, 0x00, 0x00, 0x00, 0x00, 0x00,
    0x00, 0x00, 0x00, 0x00, 0x00, 0x00, 0x00, 0x00, 0x00, 0x00, 0x00, 0x00, 0x00, 0x00, 0x00, 0x03,
    0x00, 0x00, 0x00, 0x00, 0x26, 0x26, 0x26, 0x35, 0x2A, 0x2A, 0x2A, 0xFB, 0x2D, 0x2D, 0x2D, 0xFF,
    0x2B, 0x2B, 0x2B, 0xB1, 0x33, 0x33, 0x33, 0x05, 0x02, 0x01, 0x00, 0x00, 0x7F, 0x7F, 0x00, 0x02,
    0x00, 0x00, 0x00, 0x00, 0x00, 0x00, 0x00, 0x00, 0xF4, 0x87, 0x0F, 0x31, 0xFB, 0x8A, 0x12, 0x99,
    0xFD, 0x8D, 0x12, 0xFF, 0xFF, 0x94, 0x13, 0xFF, 0xFC, 0x8C, 0x11, 0xC8, 0xFC, 0x8B, 0x10, 0x6E,
    0xFF, 0x8B, 0x17, 0x16, 0x00, 0x00, 0x00, 0x00, 0x00, 0x00, 0x00, 0x00, 0x00, 0x00, 0x00, 0x00,
    0xFF, 0xAA, 0x00, 0x03, 0xFF, 0x7F, 0x00, 0x02, 0x00, 0x00, 0x00, 0x01, 0x00, 0x00, 0x00, 0x02,
    0x55, 0x55, 0x55, 0x03, 0x3F, 0x3F, 0x3F, 0x04, 0x00, 0x00, 0x00, 0x01, 0x00, 0x00, 0x00, 0x00,
    0x00, 0x00, 0x00, 0x00, 0x00, 0x00, 0x00, 0x00, 0x00, 0x00, 0x00, 0x00, 0x26, 0x26, 0x26, 0x14,
    0x2B, 0x2B, 0x2B, 0x4D, 0x2A, 0x2A, 0x2A, 0x90, 0x2A, 0x2A, 0x2A, 0xBE, 0x2B, 0x2B, 0x2B, 0xB0,
    0x30, 0x2E, 0x2B, 0x69, 0x00, 0x16, 0x2C, 0x17, 0xFC, 0x8B, 0x10, 0x5F, 0xFF, 0x97, 0x14, 0xFF,
    0xFB, 0x89, 0x12, 0xA9, 0x00, 0x00, 0x00, 0x03, 0xAA, 0x55, 0x00, 0x03, 0x00, 0x00, 0x00, 0x00,
    0x00, 0x00, 0x00, 0x00, 0x00, 0x00, 0x00, 0x00, 0x00, 0x00, 0x00, 0x00, 0x00, 0x00, 0x00, 0x00,
    0x00, 0x00, 0x00, 0x00, 0x00, 0x00, 0x00, 0x00, 0x00, 0x00, 0x00, 0x00, 0x00, 0x00, 0x00, 0x00,
    0x00, 0x00, 0x00, 0x00, 0x00, 0x00, 0x00, 0x00, 0x00, 0x00, 0x00, 0x00, 0x00, 0x00, 0x00, 0x00,
    0x00, 0x00, 0x00, 0x00, 0x00, 0x00, 0x00, 0x00, 0x00, 0x00, 0x00, 0x00, 0x00, 0x00, 0x00, 0x00,
    0x00, 0x00, 0x00, 0x00, 0x00, 0x00, 0x00, 0x00, 0x00, 0x00, 0x00, 0x00, 0x00, 0x00, 0x00, 0x00,
    0x00, 0x00, 0x00, 0x00, 0x00, 0x00, 0x00, 0x00, 0x00, 0x00, 0x00, 0x00, 0x00, 0x00, 0x00, 0x00,
    0x00, 0x00, 0x00, 0x00, 0x00, 0x00, 0x00, 0x00, 0x00, 0x00, 0x00, 0x00, 0x00, 0x00, 0x00, 0x00,
    0x00, 0x00, 0x00, 0x00, 0x00, 0x00, 0x00, 0x00, 0x00, 0x00, 0x00, 0x00, 0x00, 0x00, 0x00, 0x00,
    0x00, 0x00, 0x00, 0x00, 0x00, 0x00, 0x00, 0x00, 0x00, 0x00, 0x00, 0x00, 0x00, 0x00, 0x00, 0x00,
    0x00, 0x00, 0x00, 0x00, 0x00, 0x00, 0x00, 0x00, 0x00, 0x00, 0x00, 0x00, 0x00, 0x00, 0x00, 0x00,
    0x00, 0x00, 0x00, 0x00, 0x00, 0x00, 0x00, 0x00, 0x00, 0x00, 0x00, 0x00, 0x00, 0x00, 0x00, 0x00,
    0x00, 0x00, 0x00, 0x00, 0x00, 0x00, 0x00, 0x00, 0x00, 0x00, 0x00, 0x00, 0x00, 0x00, 0x00, 0x00,
    0x00, 0x00, 0x00, 0x00, 0x00, 0x00, 0x00, 0x00, 0x00, 0x00, 0x00, 0x00, 0x00, 0x00, 0x00, 0x00,
    0x00, 0x00, 0x00, 0x00, 0x00, 0x00, 0x00, 0x00, 0x00, 0x00, 0x00, 0x00, 0x00, 0x00, 0x00, 0x00,
    0x00, 0x00, 0x00, 0x00, 0x00, 0x00, 0x00, 0x00, 0x00, 0x00, 0x00, 0x00, 0x00, 0x00, 0x00, 0x00,
    0x00, 0x00, 0x00, 0x00, 0x00, 0x00, 0x00, 0x00, 0x00, 0x00, 0x00, 0x00, 0x00, 0x00, 0x00, 0x00,
    0x00, 0x00, 0x00, 0x00, 0x00, 0x00, 0x00, 0x00, 0x00, 0x00, 0x00, 0x00, 0x00, 0x00, 0x00, 0x00,
    0x00, 0x00, 0x00, 0x00, 0x00, 0x00, 0x00, 0x00, 0x00, 0x00, 0x00, 0x00, 0x00, 0x00, 0x00, 0x00,
    0x00, 0x00, 0x00, 0x00, 0x00, 0x00, 0x00, 0x00, 0x00, 0x00, 0x00, 0x00, 0x00, 0x00, 0x00, 0x00,
    0x00, 0x00, 0x00, 0x00, 0x00, 0x00, 0x00, 0x00, 0x00, 0x00, 0x00, 0x00, 0x00, 0x00, 0x00, 0x00,
    0x00, 0x00, 0x00, 0x00, 0x00, 0x00, 0x00, 0x00, 0x00, 0x00, 0x00, 0x00, 0x00, 0x00, 0x00, 0x00,
    0x00, 0x00, 0x00, 0x00, 0x00, 0x00, 0x00, 0x00, 0x00, 0x00, 0x00, 0x00, 0x00, 0x00, 0x00, 0x00,
    0x00, 0x00, 0x00, 0x00, 0x00, 0x00, 0x00, 0x00, 0x00, 0x00, 0x00, 0x00, 0x00, 0x00, 0x00, 0x00,
    0x00, 0x00, 0x00, 0x00, 0x00, 0x00, 0x00, 0x00, 0x00, 0x00, 0x00, 0x00, 0x00, 0x00, 0x00, 0x00,
    0x00, 0x00, 0x00, 0x00, 0x00, 0x00, 0x00, 0x00, 0x00, 0x00, 0x00, 0x00, 0x00, 0x00, 0x00, 0x00,
    0x00, 0x00, 0x00, 0x00, 0x00, 0x00, 0x00, 0x00, 0x00, 0x00, 0x00, 0x00, 0x00, 0x00, 0x00, 0x00,
    0x00, 0x00, 0x00, 0x00, 0x00, 0x00, 0x00, 0x00, 0x00, 0x00, 0x00, 0x00, 0x00, 0x00, 0x00, 0x00,
    0x00, 0x00, 0x00, 0x00, 0x00, 0x00, 0x00, 0x00, 0x00, 0x00, 0x00, 0x00, 0x00, 0x00, 0x00, 0x00,
    0x00, 0x00, 0x00, 0x00, 0x00, 0x00, 0x00, 0x00, 0x00, 0x00, 0x00, 0x00, 0x00, 0x00, 0x00, 0x00,
    0x00, 0x00, 0x00, 0x00, 0x00, 0x00, 0x00, 0x00, 0x00, 0x00, 0x00, 0x00, 0x00, 0x00, 0x00, 0x00,
    0x00, 0x00, 0x00, 0x00, 0x00, 0x00, 0x00, 0x00, 0x00, 0x00, 0x00, 0x00, 0x00, 0x00, 0x00, 0x00,
    0x00, 0x00, 0x00, 0x00, 0x00, 0x00, 0x00, 0x00, 0x00, 0x00, 0x00, 0x00, 0x00, 0x00, 0x00, 0x00,
    0x00, 0x00, 0x00, 0x00, 0x00, 0x00, 0x00, 0x00, 0x00, 0x00, 0x00, 0x00, 0x00, 0x00, 0x00, 0x00,
    0x00, 0x00, 0x00, 0x00, 0x00, 0x00, 0x00, 0x00, 0x00, 0x00, 0x00, 0x00, 0x00, 0x00, 0x00, 0x00,
    0x00, 0x00, 0x00, 0x00, 0x00, 0x00, 0x00, 0x00, 0x00, 0x00, 0x00, 0x00, 0x00, 0x00, 0x00, 0x00,
    0x00, 0x00, 0x00, 0x00, 0x00, 0x00, 0x00, 0x00, 0x00, 0x00, 0x00, 0x00, 0x00, 0x00, 0x00, 0x00,
    0x00, 0x00, 0x00, 0x00, 0x00, 0x00, 0x00, 0x00, 0x00, 0x00, 0x00, 0x00, 0x00, 0x00, 0x00, 0x00,
    0x00, 0x00, 0x00, 0x00, 0x00, 0x00, 0x00, 0x00, 0x00, 0x00, 0x00, 0x00, 0x00, 0x00, 0x00, 0x00,
    0x00, 0x00, 0x00, 0x00, 0x00, 0x00, 0x00, 0x00, 0x00, 0x00, 0x00, 0x00, 0x00, 0x00, 0x00, 0x00,
    0x00, 0x00, 0x00, 0x00, 0x00, 0x00, 0x00, 0x00, 0x00, 0x00, 0x00, 0x00, 0x00, 0x00, 0x00, 0x00,
    0x00, 0x00, 0x00, 0x00, 0x00, 0x00, 0x00, 0x00, 0x00, 0x00, 0x00, 0x00, 0x00, 0x00, 0x00, 0x00,
    0x00, 0x00, 0x00, 0x00, 0x00, 0x00, 0x00, 0x00, 0x00, 0x00, 0x00, 0x00, 0x00, 0x00, 0x00, 0x00,
    0x00, 0x00, 0x00, 0x00, 0x00, 0x00, 0x00, 0x00, 0x00, 0x00, 0x00, 0x00, 0x00, 0x00, 0x00, 0x00,
    0x00, 0x00, 0x00, 0x00, 0x00, 0x00, 0x00, 0x00, 0x00, 0x00, 0x00, 0x00, 0x00, 0x00, 0x00, 0x00,
    0x00, 0x00, 0x00, 0x00, 0x00, 0x00, 0x00, 0x00, 0x00, 0x00, 0x00, 0x00, 0x00, 0x00, 0x00, 0x00,
    0x00, 0x00, 0x00, 0x00, 0x00, 0x00, 0x00, 0x00, 0x00, 0x00, 0x00, 0x00, 0x00, 0x00, 0x00, 0x00,
    0x00, 0x00, 0x00, 0x00, 0x00, 0x00, 0x00, 0x00, 0x00, 0x00, 0x00, 0x00, 0x00, 0x00, 0x00, 0x00,
    0x00, 0x00, 0x00, 0x00, 0x00, 0x00, 0x00, 0x00, 0x00, 0x00, 0x00, 0x00, 0x00, 0x00, 0x00, 0x00,
    0x00, 0x00, 0x00, 0x00, 0x00, 0x00, 0x00, 0x00, 0x00, 0x00, 0x00, 0x00, 0x00, 0x00, 0x00, 0x03,
    0x00, 0x00, 0x00, 0x00, 0x2B, 0x2B, 0x2B, 0x93, 0x2E, 0x2E, 0x2E, 0xFF, 0x2A, 0x2A, 0x2A, 0xEE,
    0x2A, 0x2A, 0x2A, 0x2A, 0x00, 0x00, 0x00, 0x00, 0x3F, 0x3F, 0x3F, 0x04, 0x00, 0x00, 0x00, 0x00,
    0xAA, 0x55, 0x00, 0x03, 0xFF, 0xFF, 0x00, 0x01, 0x00, 0x00, 0x00, 0x00, 0x00, 0x00, 0x00, 0x00,
    0xFF, 0x90, 0x11, 0x1E, 0xFB, 0x8A, 0x11, 0x85, 0xFC, 0x8C, 0x11, 0xF2, 0xFF, 0x99, 0x14, 0xFF,
    0xFC, 0x8C, 0x12, 0xEE, 0xFB, 0x8A, 0x11, 0x9E, 0xFA, 0x88, 0x11, 0x3A, 0xFF, 0x66, 0x00, 0x05,
    0x00, 0x00, 0x00, 0x00, 0x00, 0x00, 0x00, 0x00, 0xFF, 0x7F, 0x00, 0x02, 0xFF, 0xAA, 0x00, 0x03,
    0xFF, 0x00, 0x00, 0x01, 0x00, 0x00, 0x00, 0x00, 0x00, 0x00, 0x00, 0x00, 0x00, 0x00, 0x00, 0x01,
    0x00, 0x00, 0x00, 0x02, 0x55, 0x55, 0x55, 0x03, 0x00, 0x00, 0x00, 0x02, 0x00, 0x00, 0x00, 0x00,
    0x00, 0x00, 0x00, 0x00, 0x00, 0x00, 0x00, 0x00, 0x24, 0x24, 0x24, 0x07, 0x31, 0x2D, 0x29, 0x43,
    0x27, 0x2A, 0x2C, 0x8F, 0x41, 0x35, 0x27, 0xB6, 0xF1, 0x86, 0x13, 0xEF, 0xFA, 0x8F, 0x13, 0xFF,
    0xE3, 0x83, 0x17, 0x40, 0x00, 0x00, 0x00, 0x00, 0x01, 0x00, 0x00, 0x00, 0x00, 0x55, 0x55, 0x03,
    0x00, 0x00, 0x00, 0x02, 0x00, 0x00, 0x00, 0x00, 0x00, 0x00, 0x00, 0x00, 0x00, 0x00, 0x00, 0x00,
    0x00, 0x00, 0x00, 0x00, 0x00, 0x00, 0x00, 0x00, 0x00, 0x00, 0x00, 0x00, 0x00, 0x00, 0x00, 0x00,
    0x00, 0x00, 0x00, 0x00, 0x00, 0x00, 0x00, 0x00, 0x00, 0x00, 0x00, 0x00, 0x00, 0x00, 0x00, 0x00,
    0x00, 0x00, 0x00, 0x00, 0x00, 0x00, 0x00, 0x00, 0x00, 0x00, 0x00, 0x00, 0x00, 0x00, 0x00, 0x00,
    0x00, 0x00, 0x00, 0x00, 0x00, 0x00, 0x00, 0x00, 0x00, 0x00, 0x00, 0x00, 0x00, 0x00, 0x00, 0x00,
    0x00, 0x00, 0x00, 0x00, 0x00, 0x00, 0x00, 0x00, 0x00, 0x00, 0x00, 0x00, 0x00, 0x00, 0x00, 0x00,
    0x00, 0x00, 0x00, 0x00, 0x00, 0x00, 0x00, 0x00, 0x00, 0x00, 0x00, 0x00, 0x00, 0x00, 0x00, 0x00,
    0x00, 0x00, 0x00, 0x00, 0x00, 0x00, 0x00, 0x00, 0x00, 0x00, 0x00, 0x00, 0x00, 0x00, 0x00, 0x00,
    0x00, 0x00, 0x00, 0x00, 0x00, 0x00, 0x00, 0x00, 0x00, 0x00, 0x00, 0x00, 0x00, 0x00, 0x00, 0x00,
    0x00, 0x00, 0x00, 0x00, 0x00, 0x00, 0x00, 0x00, 0x00, 0x00, 0x00, 0x00, 0x00, 0x00, 0x00, 0x00,
    0x00, 0x00, 0x00, 0x00, 0x00, 0x00, 0x00, 0x00, 0x00, 0x00, 0x00, 0x00, 0x00, 0x00, 0x00, 0x00,
    0x00, 0x00, 0x00, 0x00, 0x00, 0x00, 0x00, 0x00, 0x00, 0x00, 0x00, 0x00, 0x00, 0x00, 0x00, 0x00,
    0x00, 0x00, 0x00, 0x00, 0x00, 0x00, 0x00, 0x00, 0x00, 0x00, 0x00, 0x00, 0x00, 0x00, 0x00, 0x00,
    0x00, 0x00, 0x00, 0x00, 0x00, 0x00, 0x00, 0x00, 0x00, 0x00, 0x00, 0x00, 0x00, 0x00, 0x00, 0x00,
    0x00, 0x00, 0x00, 0x00, 0x00, 0x00, 0x00, 0x00, 0x00, 0x00, 0x00, 0x00, 0x00, 0x00, 0x00, 0x00,
    0x00, 0x00, 0x00, 0x00, 0x00, 0x00, 0x00, 0x00, 0x00, 0x00, 0x00, 0x00, 0x00, 0x00, 0x00, 0x00,
    0x00, 0x00, 0x00, 0x00, 0x00, 0x00, 0x00, 0x00, 0x00, 0x00, 0x00, 0x00, 0x00, 0x00, 0x00, 0x00,
    0x00, 0x00, 0x00, 0x00, 0x00, 0x00, 0x00, 0x00, 0x00, 0x00, 0x00, 0x00, 0x00, 0x00, 0x00, 0x00,
    0x00, 0x00, 0x00, 0x00, 0x00, 0x00, 0x00, 0x00, 0x00, 0x00, 0x00, 0x00, 0x00, 0x00, 0x00, 0x00,
    0x00, 0x00, 0x00, 0x00, 0x00, 0x00, 0x00, 0x00, 0x00, 0x00, 0x00, 0x00, 0x00, 0x00, 0x00, 0x00,
    0x00, 0x00, 0x00, 0x00, 0x00, 0x00, 0x00, 0x00, 0x00, 0x00, 0x00, 0x00, 0x00, 0x00, 0x00, 0x00,
    0x00, 0x00, 0x00, 0x00, 0x00, 0x00, 0x00, 0x00, 0x00, 0x00, 0x00, 0x00, 0x00, 0x00, 0x00, 0x00,
    0x00, 0x00, 0x00, 0x00, 0x00, 0x00, 0x00, 0x00, 0x00, 0x00, 0x00, 0x00, 0x00, 0x00, 0x00, 0x00,
    0x00, 0x00, 0x00, 0x00, 0x00, 0x00, 0x00, 0x00, 0x00, 0x00, 0x00, 0x00, 0x00, 0x00, 0x00, 0x00,
    0x00, 0x00, 0x00, 0x00, 0x00, 0x00, 0x00, 0x00, 0x00, 0x00, 0x00, 0x00, 0x00, 0x00, 0x00, 0x00,
    0x00, 0x00, 0x00, 0x00, 0x00, 0x00, 0x00, 0x00, 0x00, 0x00, 0x00, 0x00, 0x00, 0x00, 0x00, 0x00,
    0x00, 0x00, 0x00, 0x00, 0x00, 0x00, 0x00, 0x00, 0x00, 0x00, 0x00, 0x00, 0x00, 0x00, 0x00, 0x00,
    0x00, 0x00, 0x00, 0x00, 0x00, 0x00, 0x00, 0x00, 0x00, 0x00, 0x00, 0x00, 0x00, 0x00, 0x00, 0x00,
    0x00, 0x00, 0x00, 0x00, 0x00, 0x00, 0x00, 0x00, 0x00, 0x00, 0x00, 0x00, 0x00, 0x00, 0x00, 0x00,
    0x00, 0x00, 0x00, 0x00, 0x00, 0x00, 0x00, 0x00, 0x00, 0x00, 0x00, 0x00, 0x00, 0x00, 0x00, 0x00,
    0x00, 0x00, 0x00, 0x00, 0x00, 0x00, 0x00, 0x00, 0x00, 0x00, 0x00, 0x00, 0x00, 0x00, 0x00, 0x00,
    0x00, 0x00, 0x00, 0x00, 0x00, 0x00, 0x00, 0x00, 0x00, 0x00, 0x00, 0x00, 0x00, 0x00, 0x00, 0x00,
    0x00, 0x00, 0x00, 0x00, 0x00, 0x00, 0x00, 0x00, 0x00, 0x00, 0x00, 0x00, 0x00, 0x00, 0x00, 0x00,
    0x00, 0x00, 0x00, 0x00, 0x00, 0x00, 0x00, 0x00, 0x00, 0x00, 0x00, 0x00, 0x00, 0x00, 0x00, 0x00,
    0x00, 0x00, 0x00, 0x00, 0x00, 0x00, 0x00, 0x00, 0x00, 0x00, 0x00, 0x00, 0x00, 0x00, 0x00, 0x00,
    0x00, 0x00, 0x00, 0x00, 0x00, 0x00, 0x00, 0x00, 0x00, 0x00, 0x00, 0x00, 0x00, 0x00, 0x00, 0x00,
    0x00, 0x00, 0x00, 0x00, 0x00, 0x00, 0x00, 0x00, 0x00, 0x00, 0x00, 0x00, 0x00, 0x00, 0x00, 0x00,
    0x00, 0x00, 0x00, 0x00, 0x00, 0x00, 0x00, 0x00, 0x00, 0x00, 0x00, 0x00, 0x00, 0x00, 0x00, 0x00,
    0x00, 0x00, 0x00, 0x00, 0x00, 0x00, 0x00, 0x00, 0x00, 0x00, 0x00, 0x00, 0x00, 0x00, 0x00, 0x00,
    0x00, 0x00, 0x00, 0x00, 0x00, 0x00, 0x00, 0x00, 0x00, 0x00, 0x00, 0x00, 0x00, 0x00, 0x00, 0x00,
    0x00, 0x00, 0x00, 0x00, 0x00, 0x00, 0x00, 0x00, 0x00, 0x00, 0x00, 0x00, 0x00, 0x00, 0x00, 0x00,
    0x00, 0x00, 0x00, 0x00, 0x00, 0x00, 0x00, 0x00, 0x00, 0x00, 0x00, 0x00, 0x00, 0x00, 0x00, 0x00,
    0x00, 0x00, 0x00, 0x00, 0x00, 0x00, 0x00, 0x00, 0x00, 0x00, 0x00, 0x00, 0x00, 0x00, 0x00, 0x00,
    0x00, 0x00, 0x00, 0x00, 0x00, 0x00, 0x00, 0x00, 0x00, 0x00, 0x00, 0x00, 0x00, 0x00, 0x00, 0x00,
    0x00, 0x00, 0x00, 0x00, 0x00, 0x00, 0x00, 0x00, 0x00, 0x00, 0x00, 0x00, 0x00, 0x00, 0x00, 0x00,
    0x00, 0x00, 0x00, 0x00, 0x00, 0x00, 0x00, 0x00, 0x00, 0x00, 0x00, 0x00, 0x00, 0x00, 0x00, 0x00,
    0x00, 0x00, 0x00, 0x00, 0x00, 0x00, 0x00, 0x00, 0x00, 0x00, 0x00, 0x00, 0x00, 0x00, 0x00, 0x00,
    0x00, 0x00, 0x00, 0x00, 0x00, 0x00, 0x00, 0x00, 0x00, 0x00, 0x00, 0x00, 0x00, 0x00, 0x00, 0x00,
    0x00, 0x00, 0x00, 0x00, 0x00, 0x00, 0x00, 0x00, 0x00, 0x00, 0x00, 0x00, 0x00, 0x00, 0x00, 0x02,
    0x00, 0x00, 0x00, 0x00, 0x2A, 0x2A, 0x2A, 0xAD, 0x30, 0x30, 0x30, 0xFE, 0x2A, 0x2A, 0x2A, 0xB4,
    0x00, 0x00, 0x00, 0x00, 0x00, 0x00, 0x00, 0x01, 0x00, 0x00, 0x00, 0x00, 0x00, 0x00, 0x00, 0x00,
    0x00, 0x00, 0x00, 0x00, 0x00, 0x00, 0x00, 0x00, 0xFF, 0x7F, 0x00, 0x02, 0xFF, 0xAA, 0x00, 0x03,
    0x00, 0x00, 0x00, 0x00, 0x00, 0x00, 0x00, 0x00, 0xFF, 0x85, 0x0B, 0x17, 0xFC, 0x8B, 0x11, 0x75,
    0xFB, 0x8A, 0x12, 0xDE, 0xFF, 0x99, 0x14, 0xFF, 0xFF, 0x92, 0x13, 0xFF, 0xFC, 0x8B, 0x11, 0xCB,
    0xFC, 0x8C, 0x12, 0x6F, 0xF7, 0x8B, 0x0F, 0x21, 0x00, 0x00, 0x00, 0x00, 0x00, 0x00, 0x00, 0x00,
    0x00, 0x00, 0x00, 0x00, 0xFF, 0xAA, 0x00, 0x03, 0xFF, 0x7F, 0x00, 0x02, 0x00, 0x00, 0x00, 0x00,
    0x00, 0x00, 0x00, 0x00, 0x00, 0x00, 0x00, 0x00, 0x00, 0x00, 0x00, 0x00, 0x00, 0x00, 0x00, 0x01,
    0x00, 0x00, 0x00, 0x03, 0x55, 0x55, 0x55, 0x03, 0x00, 0x00, 0x00, 0x00, 0x00, 0x00, 0x00, 0x00,
    0x00, 0x00, 0x00, 0x00, 0xF6, 0x88, 0x12, 0x99, 0xFF, 0x97, 0x13, 0xFF, 0xD2, 0x78, 0x17, 0xDD,
    0x1E, 0x26, 0x2D, 0xB5, 0x2D, 0x2D, 0x2B, 0x81, 0x2F, 0x2F, 0x2F, 0x1B, 0x00, 0x00, 0x00, 0x00,
    0x00, 0x00, 0x00, 0x00, 0x00, 0x00, 0x00, 0x02, 0x00, 0x00, 0x00, 0x02, 0x00, 0x00, 0x00, 0x00,
    0x00, 0x00, 0x00, 0x00, 0x00, 0x00, 0x00, 0x00, 0x00, 0x00, 0x00, 0x00, 0x00, 0x00, 0x00, 0x00,
    0x00, 0x00, 0x00, 0x00, 0x00, 0x00, 0x00, 0x00, 0x00, 0x00, 0x00, 0x00, 0x00, 0x00, 0x00, 0x00,
    0x00, 0x00, 0x00, 0x00, 0x00, 0x00, 0x00, 0x00, 0x00, 0x00, 0x00, 0x00, 0x00, 0x00, 0x00, 0x00,
    0x00, 0x00, 0x00, 0x00, 0x00, 0x00, 0x00, 0x00, 0x00, 0x00, 0x00, 0x00, 0x00, 0x00, 0x00, 0x00,
    0x00, 0x00, 0x00, 0x00, 0x00, 0x00, 0x00, 0x00, 0x00, 0x00, 0x00, 0x00, 0x00, 0x00, 0x00, 0x00,
    0x00, 0x00, 0x00, 0x00, 0x00, 0x00, 0x00, 0x00, 0x00, 0x00, 0x00, 0x00, 0x00, 0x00, 0x00, 0x00,
    0x00, 0x00, 0x00, 0x00, 0x00, 0x00, 0x00, 0x00, 0x00, 0x00, 0x00, 0x00, 0x00, 0x00, 0x00, 0x00,
    0x00, 0x00, 0x00, 0x00, 0x00, 0x00, 0x00, 0x00, 0x00, 0x00, 0x00, 0x00, 0x00, 0x00, 0x00, 0x00,
    0x00, 0x00, 0x00, 0x00, 0x00, 0x00, 0x00, 0x00, 0x00, 0x00, 0x00, 0x00, 0x00, 0x00, 0x00, 0x00,
    0x00, 0x00, 0x00, 0x00, 0x00, 0x00, 0x00, 0x00, 0x00, 0x00, 0x00, 0x00, 0x00, 0x00, 0x00, 0x00,
    0x00, 0x00, 0x00, 0x00, 0x00, 0x00, 0x00, 0x00, 0x00, 0x00, 0x00, 0x00, 0x00, 0x00, 0x00, 0x00,
    0x00, 0x00, 0x00, 0x00, 0x00, 0x00, 0x00, 0x00, 0x00, 0x00, 0x00, 0x00, 0x00, 0x00, 0x00, 0x00,
    0x00, 0x00, 0x00, 0x00, 0x00, 0x00, 0x00, 0x00, 0x00, 0x00, 0x00, 0x00, 0x00, 0x00, 0x00, 0x00,
    0x00, 0x00, 0x00, 0x00, 0x00, 0x00, 0x00, 0x00, 0x00, 0x00, 0x00, 0x00, 0x00, 0x00, 0x00, 0x00,
    0x00, 0x00, 0x00, 0x00, 0x00, 0x00, 0x00, 0x00, 0x00, 0x00, 0x00, 0x00, 0x00, 0x00, 0x00, 0x00,
    0x00, 0x00, 0x00, 0x00, 0x00, 0x00, 0x00, 0x00, 0x00, 0x00, 0x00, 0x00, 0x00, 0x00, 0x00, 0x00,
    0x00, 0x00, 0x00, 0x00, 0x00, 0x00, 0x00, 0x00, 0x00, 0x00, 0x00, 0x00, 0x00, 0x00, 0x00, 0x00,
    0x00, 0x00, 0x00, 0x00, 0x00, 0x00, 0x00, 0x00, 0x00, 0x00, 0x00, 0x00, 0x00, 0x00, 0x00, 0x00,
    0x00, 0x00, 0x00, 0x00, 0x00, 0x00, 0x00, 0x00, 0x00, 0x00, 0x00, 0x00, 0x00, 0x00, 0x00, 0x00,
    0x00, 0x00, 0x00, 0x00, 0x00, 0x00, 0x00, 0x00, 0x00, 0x00, 0x00, 0x00, 0x00, 0x00, 0x00, 0x00,
    0x00, 0x00, 0x00, 0x00, 0x00, 0x00, 0x00, 0x00, 0x00, 0x00, 0x00, 0x00, 0x00, 0x00, 0x00, 0x00,
    0x00, 0x00, 0x00, 0x00, 0x00, 0x00, 0x00, 0x00, 0x00, 0x00, 0x00, 0x00, 0x00, 0x00, 0x00, 0x00,
    0x00, 0x00, 0x00, 0x00, 0x00, 0x00, 0x00, 0x00, 0x00, 0x00, 0x00, 0x00, 0x00, 0x00, 0x00, 0x00,
    0x00, 0x00, 0x00, 0x00, 0x00, 0x00, 0x00, 0x00, 0x00, 0x00, 0x00, 0x00, 0x00, 0x00, 0x00, 0x00,
    0x00, 0x00, 0x00, 0x00, 0x00, 0x00, 0x00, 0x00, 0x00, 0x00, 0x00, 0x00, 0x00, 0x00, 0x00, 0x00,
    0x00, 0x00, 0x00, 0x00, 0x00, 0x00, 0x00, 0x00, 0x00, 0x00, 0x00, 0x00, 0x00, 0x00, 0x00, 0x00,
    0x00, 0x00, 0x00, 0x00, 0x00, 0x00, 0x00, 0x00, 0x00, 0x00, 0x00, 0x00, 0x00, 0x00, 0x00, 0x00,
    0x00, 0x00, 0x00, 0x00, 0x00, 0x00, 0x00, 0x00, 0x00, 0x00, 0x00, 0x00, 0x00, 0x00, 0x00, 0x00,
    0x00, 0x00, 0x00, 0x00, 0x00, 0x00, 0x00, 0x00, 0x00, 0x00, 0x00, 0x00, 0x00, 0x00, 0x00, 0x00,
    0x00, 0x00, 0x00, 0x00, 0x00, 0x00, 0x00, 0x00, 0x00, 0x00, 0x00, 0x00, 0x00, 0x00, 0x00, 0x00,
    0x00, 0x00, 0x00, 0x00, 0x00, 0x00, 0x00, 0x00, 0x00, 0x00, 0x00, 0x00, 0x00, 0x00, 0x00, 0x00,
    0x00, 0x00, 0x00, 0x00, 0x00, 0x00, 0x00, 0x00, 0x00, 0x00, 0x00, 0x00, 0x00, 0x00, 0x00, 0x00,
    0x00, 0x00, 0x00, 0x00, 0x00, 0x00, 0x00, 0x00, 0x00, 0x00, 0x00, 0x00, 0x00, 0x00, 0x00, 0x00,
    0x00, 0x00, 0x00, 0x00, 0x00, 0x00, 0x00, 0x00, 0x00, 0x00, 0x00, 0x00, 0x00, 0x00, 0x00, 0x00,
    0x00, 0x00, 0x00, 0x00, 0x00, 0x00, 0x00, 0x00, 0x00, 0x00, 0x00, 0x00, 0x00, 0x00, 0x00, 0x00,
    0x00, 0x00, 0x00, 0x00, 0x00, 0x00, 0x00, 0x00, 0x00, 0x00, 0x00, 0x00, 0x00, 0x00, 0x00, 0x00,
    0x00, 0x00, 0x00, 0x00, 0x00, 0x00, 0x00, 0x00, 0x00, 0x00, 0x00, 0x00, 0x00, 0x00, 0x00, 0x00,
    0x00, 0x00, 0x00, 0x00, 0x00, 0x00, 0x00, 0x00, 0x00, 0x00, 0x00, 0x00, 0x00, 0x00, 0x00, 0x00,
    0x00, 0x00, 0x00, 0x00, 0x00, 0x00, 0x00, 0x00, 0x00, 0x00, 0x00, 0x00, 0x00, 0x00, 0x00, 0x00,
    0x00, 0x00, 0x00, 0x00, 0x00, 0x00, 0x00, 0x00, 0x00, 0x00, 0x00, 0x00, 0x00, 0x00, 0x00, 0x00,
    0x00, 0x00, 0x00, 0x00, 0x00, 0x00, 0x00, 0x00, 0x00, 0x00, 0x00, 0x00, 0x00, 0x00, 0x00, 0x00,
    0x00, 0x00, 0x00, 0x00, 0x00, 0x00, 0x00, 0x00, 0x00, 0x00, 0x00, 0x00, 0x00, 0x00, 0x00, 0x00,
    0x00, 0x00, 0x00, 0x00, 0x00, 0x00, 0x00, 0x00, 0x00, 0x00, 0x00, 0x00, 0x00, 0x00, 0x00, 0x00,
    0x00, 0x00, 0x00, 0x00, 0x00, 0x00, 0x00, 0x00, 0x00, 0x00, 0x00, 0x00, 0x00, 0x00, 0x00, 0x00,
    0x00, 0x00, 0x00, 0x00, 0x00, 0x00, 0x00, 0x00, 0x00, 0x00, 0x00, 0x00, 0x00, 0x00, 0x00, 0x00,
    0x00, 0x00, 0x00, 0x00, 0x00, 0x00, 0x00, 0x00, 0x00, 0x00, 0x00, 0x00, 0x00, 0x00, 0x00, 0x00,
    0x00, 0x00, 0x00, 0x00, 0x00, 0x00, 0x00, 0x00, 0x00, 0x00, 0x00, 0x00, 0x00, 0x00, 0x00, 0x00,
    0x00, 0x00, 0x00, 0x00, 0x00, 0x00, 0x00, 0x00, 0x00, 0x00, 0x00, 0x00, 0x00, 0x00, 0x00, 0x03,
    0x00, 0x00, 0x00, 0x00, 0x2B, 0x2B, 0x2B, 0x8C, 0x30, 0x30, 0x30, 0xFE, 0x2A, 0x2A, 0x2A, 0xA1,
    0x00, 0x00, 0x00, 0x01, 0x00, 0x00, 0x00, 0x02, 0x00, 0x00, 0x00, 0x00, 0x00, 0x00, 0x00, 0x00,
    0x00, 0x00, 0x00, 0x00, 0x00, 0x00, 0x00, 0x00, 0x00, 0x00, 0x00, 0x00, 0x00, 0x00, 0x00, 0x00,
    0xFF, 0x7F, 0x00, 0x02, 0xFF, 0xAA, 0x00, 0x03, 0x00, 0x00, 0x00, 0x00, 0x00, 0x00, 0x00, 0x00,
    0xFF, 0x7F, 0x12, 0x0E, 0xF9, 0x88, 0x10, 0x5F, 0xFB, 0x8A, 0x11, 0xCB, 0xFF, 0x94, 0x13, 0xFF,
    0xFF, 0x98, 0x14, 0xFF, 0xFB, 0x8B, 0x11, 0xEE, 0xFB, 0x8A, 0x13, 0x9E, 0xFF, 0x8D, 0x11, 0x48,
    0xFF, 0x91, 0x00, 0x07, 0x00, 0x00, 0x00, 0x00, 0x00, 0x00, 0x00, 0x00, 0xFF, 0x7F, 0x00, 0x02,
    0xFF, 0xAA, 0x00, 0x03, 0xFF, 0x00, 0x00, 0x01, 0x00, 0x00, 0x00, 0x00, 0x00, 0x00, 0x00, 0x00,
    0x00, 0x00, 0x00, 0x00, 0x00, 0x00, 0x00, 0x00, 0xAA, 0xAA, 0x00, 0x03, 0x00, 0x00, 0x00, 0x02,
    0xEE, 0x85, 0x10, 0x3F, 0xFC, 0x8C, 0x11, 0xF6, 0xFC, 0x8D, 0x13, 0xFA, 0xFF, 0x8B, 0x0F, 0x40,
    0x0E, 0x1C, 0x31, 0x24, 0x30, 0x2E, 0x2C, 0x83, 0x2C, 0x2C, 0x2C, 0xB9, 0x2C, 0x2C, 0x2C, 0x96,
    0x29, 0x29, 0x29, 0x37, 0x00, 0x00, 0x00, 0x00, 0x00, 0x00, 0x00, 0x00, 0x00, 0x00, 0x00, 0x02,
    0x00, 0x00, 0x00, 0x02, 0x00, 0x00, 0x00, 0x00, 0x00, 0x00, 0x00, 0x00, 0x00, 0x00, 0x00, 0x00,
    0x00, 0x00, 0x00, 0x00, 0x00, 0x00, 0x00, 0x00, 0x00, 0x00, 0x00, 0x00, 0x00, 0x00, 0x00, 0x00,
    0x00, 0x00, 0x00, 0x00, 0x00, 0x00, 0x00, 0x00, 0x00, 0x00, 0x00, 0x00, 0x00, 0x00, 0x00, 0x00,
    0x00, 0x00, 0x00, 0x00, 0x00, 0x00, 0x00, 0x00, 0x00, 0x00, 0x00, 0x00, 0x00, 0x00, 0x00, 0x00,
    0x00, 0x00, 0x00, 0x00, 0x00, 0x00, 0x00, 0x00, 0x00, 0x00, 0x00, 0x00, 0x00, 0x00, 0x00, 0x00,
    0x00, 0x00, 0x00, 0x00, 0x00, 0x00, 0x00, 0x00, 0x00, 0x00, 0x00, 0x00, 0x00, 0x00, 0x00, 0x00,
    0x00, 0x00, 0x00, 0x00, 0x00, 0x00, 0x00, 0x00, 0x00, 0x00, 0x00, 0x00, 0x00, 0x00, 0x00, 0x00,
    0x00, 0x00, 0x00, 0x00, 0x00, 0x00, 0x00, 0x00, 0x00, 0x00, 0x00, 0x00, 0x00, 0x00, 0x00, 0x00,
    0x00, 0x00, 0x00, 0x00, 0x00, 0x00, 0x00, 0x00, 0x00, 0x00, 0x00, 0x00, 0x00, 0x00, 0x00, 0x00,
    0x00, 0x00, 0x00, 0x00, 0x00, 0x00, 0x00, 0x00, 0x00, 0x00, 0x00, 0x00, 0x00, 0x00, 0x00, 0x00,
    0x00, 0x00, 0x00, 0x00, 0x00, 0x00, 0x00, 0x00, 0x00, 0x00, 0x00, 0x00, 0x00, 0x00, 0x00, 0x00,
    0x00, 0x00, 0x00, 0x00, 0x00, 0x00, 0x00, 0x00, 0x00, 0x00, 0x00, 0x00, 0x00, 0x00, 0x00, 0x00,
    0x00, 0x00, 0x00, 0x00, 0x00, 0x00, 0x00, 0x00, 0x00, 0x00, 0x00, 0x00, 0x00, 0x00, 0x00, 0x00,
    0x00, 0x00, 0x00, 0x00, 0x00, 0x00, 0x00, 0x00, 0x00, 0x00, 0x00, 0x00, 0x00, 0x00, 0x00, 0x00,
    0x00, 0x00, 0x00, 0x00, 0x00, 0x00, 0x00, 0x00, 0x00, 0x00, 0x00, 0x00, 0x00, 0x00, 0x00, 0x00,
    0x00, 0x00, 0x00, 0x00, 0x00, 0x00, 0x00, 0x00, 0x00, 0x00, 0x00, 0x00, 0x00, 0x00, 0x00, 0x00,
    0x00, 0x00, 0x00, 0x00, 0x00, 0x00, 0x00, 0x00, 0x00, 0x00, 0x00, 0x00, 0x00, 0x00, 0x00, 0x00,
    0x00, 0x00, 0x00, 0x00, 0x00, 0x00, 0x00, 0x00, 0x00, 0x00, 0x00, 0x00, 0x00, 0x00, 0x00, 0x00,
    0x00, 0x00, 0x00, 0x00, 0x00, 0x00, 0x00, 0x00, 0x00, 0x00, 0x00, 0x00, 0x00, 0x00, 0x00, 0x00,
    0x00, 0x00, 0x00, 0x00, 0x00, 0x00, 0x00, 0x00, 0x00, 0x00, 0x00, 0x00, 0x00, 0x00, 0x00, 0x00,
    0x00, 0x00, 0x00, 0x00, 0x00, 0x00, 0x00, 0x00, 0x00, 0x00, 0x00, 0x00, 0x00, 0x00, 0x00, 0x00,
    0x00, 0x00, 0x00, 0x00, 0x00, 0x00, 0x00, 0x00, 0x00, 0x00, 0x00, 0x00, 0x00, 0x00, 0x00, 0x00,
    0x00, 0x00, 0x00, 0x00, 0x00, 0x00, 0x00, 0x00, 0x00, 0x00, 0x00, 0x00, 0x00, 0x00, 0x00, 0x00,
    0x00, 0x00, 0x00, 0x00, 0x00, 0x00, 0x00, 0x00, 0x00, 0x00, 0x00, 0x00, 0x00, 0x00, 0x00, 0x00,
    0x00, 0x00, 0x00, 0x00, 0x00, 0x00, 0x00, 0x00, 0x00, 0x00, 0x00, 0x00, 0x00, 0x00, 0x00, 0x00,
    0x00, 0x00, 0x00, 0x00, 0x00, 0x00, 0x00, 0x00, 0x00, 0x00, 0x00, 0x00, 0x00, 0x00, 0x00, 0x00,
    0x00, 0x00, 0x00, 0x00, 0x00, 0x00, 0x00, 0x00, 0x00, 0x00, 0x00, 0x00, 0x00, 0x00, 0x00, 0x00,
    0x00, 0x00, 0x00, 0x00, 0x00, 0x00, 0x00, 0x00, 0x00, 0x00, 0x00, 0x00, 0x00, 0x00, 0x00, 0x00,
    0x00, 0x00, 0x00, 0x00, 0x00, 0x00, 0x00, 0x00, 0x00, 0x00, 0x00, 0x00, 0x00, 0x00, 0x00, 0x00,
    0x00, 0x00, 0x00, 0x00, 0x00, 0x00, 0x00, 0x00, 0x00, 0x00, 0x00, 0x00, 0x00, 0x00, 0x00, 0x00,
    0x00, 0x00, 0x00, 0x00, 0x00, 0x00, 0x00, 0x00, 0x00, 0x00, 0x00, 0x00, 0x00, 0x00, 0x00, 0x00,
    0x00, 0x00, 0x00, 0x00, 0x00, 0x00, 0x00, 0x00, 0x00, 0x00, 0x00, 0x00, 0x00, 0x00, 0x00, 0x00,
    0x00, 0x00, 0x00, 0x00, 0x00, 0x00, 0x00, 0x00, 0x00, 0x00, 0x00, 0x00, 0x00, 0x00, 0x00, 0x00,
    0x00, 0x00, 0x00, 0x00, 0x00, 0x00, 0x00, 0x00, 0x00, 0x00, 0x00, 0x00, 0x00, 0x00, 0x00, 0x00,
    0x00, 0x00, 0x00, 0x00, 0x00, 0x00, 0x00, 0x00, 0x00, 0x00, 0x00, 0x00, 0x00, 0x00, 0x00, 0x00,
    0x00, 0x00, 0x00, 0x00, 0x00, 0x00, 0x00, 0x00, 0x00, 0x00, 0x00, 0x00, 0x00, 0x00, 0x00, 0x00,
    0x00, 0x00, 0x00, 0x00, 0x00, 0x00, 0x00, 0x00, 0x00, 0x00, 0x00, 0x00, 0x00, 0x00, 0x00, 0x00,
    0x00, 0x00, 0x00, 0x00, 0x00, 0x00, 0x00, 0x00, 0x00, 0x00, 0x00, 0x00, 0x00, 0x00, 0x00, 0x00,
    0x00, 0x00, 0x00, 0x00, 0x00, 0x00, 0x00, 0x00, 0x00, 0x00, 0x00, 0x00, 0x00, 0x00, 0x00, 0x00,
    0x00, 0x00, 0x00, 0x00, 0x00, 0x00, 0x00, 0x00, 0x00, 0x00, 0x00, 0x00, 0x00, 0x00, 0x00, 0x00,
    0x00, 0x00, 0x00, 0x00, 0x00, 0x00, 0x00, 0x00, 0x00, 0x00, 0x00, 0x00, 0x00, 0x00, 0x00, 0x00,
    0x00, 0x00, 0x00, 0x00, 0x00, 0x00, 0x00, 0x00, 0x00, 0x00, 0x00, 0x00, 0x00, 0x00, 0x00, 0x00,
    0x00, 0x00, 0x00, 0x00, 0x00, 0x00, 0x00, 0x00, 0x00, 0x00, 0x00, 0x00, 0x00, 0x00, 0x00, 0x00,
    0x00, 0x00, 0x00, 0x00, 0x00, 0x00, 0x00, 0x00, 0x00, 0x00, 0x00, 0x00, 0x00, 0x00, 0x00, 0x00,
    0x00, 0x00, 0x00, 0x00, 0x00, 0x00, 0x00, 0x00, 0x00, 0x00, 0x00, 0x00, 0x00, 0x00, 0x00, 0x00,
    0x00, 0x00, 0x00, 0x00, 0x00, 0x00, 0x00, 0x00, 0x00, 0x00, 0x00, 0x00, 0x00, 0x00, 0x00, 0x00,
    0x00, 0x00, 0x00, 0x00, 0x00, 0x00, 0x00, 0x00, 0x00, 0x00, 0x00, 0x00, 0x00, 0x00, 0x00, 0x00,
    0x00, 0x00, 0x00, 0x00, 0x00, 0x00, 0x00, 0x00, 0x00, 0x00, 0x00, 0x00, 0x00, 0x00, 0x00, 0x03,
    0x00, 0x00, 0x00, 0x00, 0x2B, 0x2B, 0x2B, 0x40, 0x2D, 0x2D, 0x2D, 0xFF, 0x2B, 0x2B, 0x2B, 0xBD,
    0x00, 0x00, 0x00, 0x00, 0x00, 0x00, 0x00, 0x01, 0x00, 0x00, 0x00, 0x00, 0x00, 0x00, 0x00, 0x00,
    0x00, 0x00, 0x00, 0x00, 0x00, 0x00, 0x00, 0x00, 0x00, 0x00, 0x00, 0x00, 0x00, 0x00, 0x00, 0x00,
    0x00, 0x00, 0x00, 0x00, 0x00, 0x00, 0x00, 0x00, 0xFF, 0xFF, 0x00, 0x01, 0xFF, 0xAA, 0x00, 0x03,
    0x00, 0x00, 0x00, 0x00, 0x00, 0x00, 0x00, 0x00, 0xFF, 0x7F, 0x00, 0x02, 0xFB, 0x8B, 0x0F, 0x52,
    0xFD, 0x8B, 0x13, 0xBA, 0xFF, 0x8D, 0x13, 0xFF, 0xFF, 0x9A, 0x14, 0xFF, 0xFF, 0x8F, 0x13, 0xFF,
    0xFC, 0x8C, 0x12, 0xCC, 0xFA, 0x8D, 0x11, 0x77, 0xF8, 0x89, 0x14, 0x25, 0x00, 0x00, 0x00, 0x00,
    0x00, 0x00, 0x00, 0x00, 0x00, 0x00, 0x00, 0x00, 0xFF, 0xAA, 0x00, 0x03, 0xFF, 0x7F, 0x00, 0x02,
    0x00, 0x00, 0x00, 0x00, 0xFF, 0xFF, 0x00, 0x01, 0xFF, 0x7F, 0x00, 0x02, 0xFF, 0x99, 0x00, 0x05,
    0xF9, 0x89, 0x11, 0xC9, 0xFF, 0x97, 0x14, 0xFF, 0xFA, 0x88, 0x12, 0xB3, 0xFF, 0xFF, 0x00, 0x01,
    0x01, 0x00, 0x00, 0x00, 0x00, 0x00, 0x00, 0x00, 0x2A, 0x2A, 0x2A, 0x0C, 0x2B, 0x2B, 0x2B, 0x6A,
    0x2A, 0x2A, 0x2A, 0xC4, 0x2A, 0x2A, 0x2A, 0xAF, 0x29, 0x29, 0x29, 0x3D, 0x00, 0x00, 0x00, 0x00,
    0x00, 0x00, 0x00, 0x00, 0x00, 0x00, 0x00, 0x02, 0x00, 0x00, 0x00, 0x02, 0x00, 0x00, 0x00, 0x00,
    0x00, 0x00, 0x00, 0x00, 0x00, 0x00, 0x00, 0x00, 0x00, 0x00, 0x00, 0x00, 0x00, 0x00, 0x00, 0x00,
    0x00, 0x00, 0x00, 0x00, 0x00, 0x00, 0x00, 0x00, 0x00, 0x00, 0x00, 0x00, 0x00, 0x00, 0x00, 0x00,
    0x00, 0x00, 0x00, 0x00, 0x00, 0x00, 0x00, 0x00, 0x00, 0x00, 0x00, 0x00, 0x00, 0x00, 0x00, 0x00,
    0x00, 0x00, 0x00, 0x00, 0x00, 0x00, 0x00, 0x00, 0x00, 0x00, 0x00, 0x00, 0x00, 0x00, 0x00, 0x00,
    0x00, 0x00, 0x00, 0x00, 0x00, 0x00, 0x00, 0x00, 0x00, 0x00, 0x00, 0x00, 0x00, 0x00, 0x00, 0x00,
    0x00, 0x00, 0x00, 0x00, 0x00, 0x00, 0x00, 0x00, 0x00, 0x00, 0x00, 0x00, 0x00, 0x00, 0x00, 0x00,
    0x00, 0x00, 0x00, 0x00, 0x00, 0x00, 0x00, 0x00, 0x00, 0x00, 0x00, 0x00, 0x00, 0x00, 0x00, 0x00,
    0x00, 0x00, 0x00, 0x00, 0x00, 0x00, 0x00, 0x00, 0x00, 0x00, 0x00, 0x00, 0x00, 0x00, 0x00, 0x00,
    0x00, 0x00, 0x00, 0x00, 0x00, 0x00, 0x00, 0x00, 0x00, 0x00, 0x00, 0x00, 0x00, 0x00, 0x00, 0x00,
    0x00, 0x00, 0x00, 0x00, 0x00, 0x00, 0x00, 0x00, 0x00, 0x00, 0x00, 0x00, 0x00, 0x00, 0x00, 0x00,
    0x00, 0x00, 0x00, 0x00, 0x00, 0x00, 0x00, 0x00, 0x00, 0x00, 0x00, 0x00, 0x00, 0x00, 0x00, 0x00,
    0x00, 0x00, 0x00, 0x00, 0x00, 0x00, 0x00, 0x00, 0x00, 0x00, 0x00, 0x00, 0x00, 0x00, 0x00, 0x00,
    0x00, 0x00, 0x00, 0x00, 0x00, 0x00, 0x00, 0x00, 0x00, 0x00, 0x00, 0x00, 0x00, 0x00, 0x00, 0x00,
    0x00, 0x00, 0x00, 0x00, 0x00, 0x00, 0x00, 0x00, 0x00, 0x00, 0x00, 0x00, 0x00, 0x00, 0x00, 0x00,
    0x00, 0x00, 0x00, 0x00, 0x00, 0x00, 0x00, 0x00, 0x00, 0x00, 0x00, 0x00, 0x00, 0x00, 0x00, 0x00,
    0x00, 0x00, 0x00, 0x00, 0x00, 0x00, 0x00, 0x00, 0x00, 0x00, 0x00, 0x00, 0x00, 0x00, 0x00, 0x00,
    0x00, 0x00, 0x00, 0x00, 0x00, 0x00, 0x00, 0x00, 0x00, 0x00, 0x00, 0x00, 0x00, 0x00, 0x00, 0x00,
    0x00, 0x00, 0x00, 0x00, 0x00, 0x00, 0x00, 0x00, 0x00, 0x00, 0x00, 0x00, 0x00, 0x00, 0x00, 0x00,
    0x00, 0x00, 0x00, 0x00, 0x00, 0x00, 0x00, 0x00, 0x00, 0x00, 0x00, 0x00, 0x00, 0x00, 0x00, 0x00,
    0x00, 0x00, 0x00, 0x00, 0x00, 0x00, 0x00, 0x00, 0x00, 0x00, 0x00, 0x00, 0x00, 0x00, 0x00, 0x00,
    0x00, 0x00, 0x00, 0x00, 0x00, 0x00, 0x00, 0x00, 0x00, 0x00, 0x00, 0x00, 0x00, 0x00, 0x00, 0x00,
    0x00, 0x00, 0x00, 0x00, 0x00, 0x00, 0x00, 0x00, 0x00, 0x00, 0x00, 0x00, 0x00, 0x00, 0x00, 0x00,
    0x00, 0x00, 0x00, 0x00, 0x00, 0x00, 0x00, 0x00, 0x00, 0x00, 0x00, 0x00, 0x00, 0x00, 0x00, 0x00,
    0x00, 0x00, 0x00, 0x00, 0x00, 0x00, 0x00, 0x00, 0x00, 0x00, 0x00, 0x00, 0x00, 0x00, 0x00, 0x00,
    0x00, 0x00, 0x00, 0x00, 0x00, 0x00, 0x00, 0x00, 0x00, 0x00, 0x00, 0x00, 0x00, 0x00, 0x00, 0x00,
    0x00, 0x00, 0x00, 0x00, 0x00, 0x00, 0x00, 0x00, 0x00, 0x00, 0x00, 0x00, 0x00, 0x00, 0x00, 0x00,
    0x00, 0x00, 0x00, 0x00, 0x00, 0x00, 0x00, 0x00, 0x00, 0x00, 0x00, 0x00, 0x00, 0x00, 0x00, 0x00,
    0x00, 0x00, 0x00, 0x00, 0x00, 0x00, 0x00, 0x00, 0x00, 0x00, 0x00, 0x00, 0x00, 0x00, 0x00, 0x00,
    0x00, 0x00, 0x00, 0x00, 0x00, 0x00, 0x00, 0x00, 0x00, 0x00, 0x00, 0x00, 0x00, 0x00, 0x00, 0x00,
    0x00, 0x00, 0x00, 0x00, 0x00, 0x00, 0x00, 0x00, 0x00, 0x00, 0x00, 0x00, 0x00, 0x00, 0x00, 0x00,
    0x00, 0x00, 0x00, 0x00, 0x00, 0x00, 0x00, 0x00, 0x00, 0x00, 0x00, 0x00, 0x00, 0x00, 0x00, 0x00,
    0x00, 0x00, 0x00, 0x00, 0x00, 0x00, 0x00, 0x00, 0x00, 0x00, 0x00, 0x00, 0x00, 0x00, 0x00, 0x00,
    0x00, 0x00, 0x00, 0x00, 0x00, 0x00, 0x00, 0x00, 0x00, 0x00, 0x00, 0x00, 0x00, 0x00, 0x00, 0x00,
    0x00, 0x00, 0x00, 0x00, 0x00, 0x00, 0x00, 0x00, 0x00, 0x00, 0x00, 0x00, 0x00, 0x00, 0x00, 0x00,
    0x00, 0x00, 0x00, 0x00, 0x00, 0x00, 0x00, 0x00, 0x00, 0x00, 0x00, 0x00, 0x00, 0x00, 0x00, 0x00,
    0x00, 0x00, 0x00, 0x00, 0x00, 0x00, 0x00, 0x00, 0x00, 0x00, 0x00, 0x00, 0x00, 0x00, 0x00, 0x00,
    0x00, 0x00, 0x00, 0x00, 0x00, 0x00, 0x00, 0x00, 0x00, 0x00, 0x00, 0x00, 0x00, 0x00, 0x00, 0x00,
    0x00, 0x00, 0x00, 0x00, 0x00, 0x00, 0x00, 0x00, 0x00, 0x00, 0x00, 0x00, 0x00, 0x00, 0x00, 0x00,
    0x00, 0x00, 0x00, 0x00, 0x00, 0x00, 0x00, 0x00, 0x00, 0x00, 0x00, 0x00, 0x00, 0x00, 0x00, 0x00,
    0x00, 0x00, 0x00, 0x00, 0x00, 0x00, 0x00, 0x00, 0x00, 0x00, 0x00, 0x00, 0x00, 0x00, 0x00, 0x00,
    0x00, 0x00, 0x00, 0x00, 0x00, 0x00, 0x00, 0x00, 0x00, 0x00, 0x00, 0x00, 0x00, 0x00, 0x00, 0x00,
    0x00, 0x00, 0x00, 0x00, 0x00, 0x00, 0x00, 0x00, 0x00, 0x00, 0x00, 0x00, 0x00, 0x00, 0x00, 0x00,
    0x00, 0x00, 0x00, 0x00, 0x00, 0x00, 0x00, 0x00, 0x00, 0x00, 0x00, 0x00, 0x00, 0x00, 0x00, 0x00,
    0x00, 0x00, 0x00, 0x00, 0x00, 0x00, 0x00, 0x00, 0x00, 0x00, 0x00, 0x00, 0x00, 0x00, 0x00, 0x00,
    0x00, 0x00, 0x00, 0x00, 0x00, 0x00, 0x00, 0x00, 0x00, 0x00, 0x00, 0x00, 0x00, 0x00, 0x00, 0x00,
    0x00, 0x00, 0x00, 0x00, 0x00, 0x00, 0x00, 0x00, 0x00, 0x00, 0x00, 0x00, 0x00, 0x00, 0x00, 0x00,
    0x00, 0x00, 0x00, 0x00, 0x00, 0x00, 0x00, 0x00, 0x00, 0x00, 0x00, 0x00, 0x00, 0x00, 0x00, 0x01,
    0x00, 0x00, 0x00, 0x00, 0x1F, 0x1F, 0x1F, 0x08, 0x29, 0x29, 0x29, 0xD5, 0x2C, 0x2C, 0x2C, 0xF2,
    0x2D, 0x2D, 0x2D, 0x22, 0x00, 0x00, 0x00, 0x01, 0x00, 0x00, 0x00, 0x02, 0x00, 0x00, 0x00, 0x00,
    0x00, 0x00, 0x00, 0x00, 0x00, 0x00, 0x00, 0x00, 0x00, 0x00, 0x00, 0x00, 0x00, 0x00, 0x00, 0x00,
    0x00, 0x00, 0x00, 0x00, 0x00, 0x00, 0x00, 0x00, 0x00, 0x00, 0x00, 0x00, 0x00, 0x00, 0x00, 0x00,
    0xFF, 0xFF, 0x00, 0x01, 0xFF, 0xAA, 0x00, 0x03, 0x00, 0x00, 0x00, 0x00, 0x00, 0x00, 0x00, 0x00,
    0x00, 0x00, 0x00, 0x00, 0xFB, 0x89, 0x13, 0x43, 0xFB, 0x8B, 0x12, 0xA5, 0xFA, 0x8A, 0x12, 0xFA,
    0xFF, 0x97, 0x14, 0xFF, 0xFF, 0x94, 0x13, 0xFF, 0xFB, 0x8B, 0x12, 0xED, 0xFB, 0x8D, 0x12, 0xA6,
    0xFB, 0x8A, 0x0F, 0x51, 0xE5, 0x7F, 0x00, 0x0A, 0x00, 0x00, 0x00, 0x00, 0x00, 0x00, 0x00, 0x00,
    0xFF, 0xFF, 0x00, 0x01, 0xFF, 0x7F, 0x00, 0x06, 0x00, 0x00, 0x00, 0x00, 0xFA, 0x88, 0x10, 0x6C,
    0xFD, 0x90, 0x13, 0xFF, 0xFB, 0x8C, 0x12, 0xFA, 0xFB, 0x89, 0x13, 0x41, 0x00, 0x00, 0x00, 0x00,
    0xBF, 0x7F, 0x00, 0x04, 0x3F, 0x3F, 0x3F, 0x04, 0x00, 0x00, 0x00, 0x00, 0x00, 0x00, 0x00, 0x00,
    0x33, 0x33, 0x33, 0x05, 0x2A, 0x2A, 0x2A, 0x67, 0x2B, 0x2B, 0x2B, 0xC7, 0x2B, 0x2B, 0x2B, 0xAB,
    0x2B, 0x2B, 0x2B, 0x3B, 0x00, 0x00, 0x00, 0x00, 0x00, 0x00, 0x00, 0x00, 0x3F, 0x3F, 0x3F, 0x04,
    0x00, 0x00, 0x00, 0x01, 0x00, 0x00, 0x00, 0x00, 0x00, 0x00, 0x00, 0x00, 0x00, 0x00, 0x00, 0x00,
    0x00, 0x00, 0x00, 0x00, 0x00, 0x00, 0x00, 0x00, 0x00, 0x00, 0x00, 0x00, 0x00, 0x00, 0x00, 0x00,
    0x00, 0x00, 0x00, 0x00, 0x00, 0x00, 0x00, 0x00, 0x00, 0x00, 0x00, 0x00, 0x00, 0x00, 0x00, 0x00,
    0x00, 0x00, 0x00, 0x00, 0x00, 0x00, 0x00, 0x00, 0x00, 0x00, 0x00, 0x00, 0x00, 0x00, 0x00, 0x00,
    0x00, 0x00, 0x00, 0x00, 0x00, 0x00, 0x00, 0x00, 0x00, 0x00, 0x00, 0x00, 0x00, 0x00, 0x00, 0x00,
    0x00, 0x00, 0x00, 0x00, 0x00, 0x00, 0x00, 0x00, 0x00, 0x00, 0x00, 0x00, 0x00, 0x00, 0x00, 0x00,
    0x00, 0x00, 0x00, 0x00, 0x00, 0x00, 0x00, 0x00, 0x00, 0x00, 0x00, 0x00, 0x00, 0x00, 0x00, 0x00,
    0x00, 0x00, 0x00, 0x00, 0x00, 0x00, 0x00, 0x00, 0x00, 0x00, 0x00, 0x00, 0x00, 0x00, 0x00, 0x00,
    0x00, 0x00, 0x00, 0x00, 0x00, 0x00, 0x00, 0x00, 0x00, 0x00, 0x00, 0x00, 0x00, 0x00, 0x00, 0x00,
    0x00, 0x00, 0x00, 0x00, 0x00, 0x00, 0x00, 0x00, 0x00, 0x00, 0x00, 0x00, 0x00, 0x00, 0x00, 0x00,
    0x00, 0x00, 0x00, 0x00, 0x00, 0x00, 0x00, 0x00, 0x00, 0x00, 0x00, 0x00, 0x00, 0x00, 0x00, 0x00,
    0x00, 0x00, 0x00, 0x00, 0x00, 0x00, 0x00, 0x00, 0x00, 0x00, 0x00, 0x00, 0x00, 0x00, 0x00, 0x00,
    0x00, 0x00, 0x00, 0x00, 0x00, 0x00, 0x00, 0x00, 0x00, 0x00, 0x00, 0x00, 0x00, 0x00, 0x00, 0x00,
    0x00, 0x00, 0x00, 0x00, 0x00, 0x00, 0x00, 0x00, 0x00, 0x00, 0x00, 0x00, 0x00, 0x00, 0x00, 0x00,
    0x00, 0x00, 0x00, 0x00, 0x00, 0x00, 0x00, 0x00, 0x00, 0x00, 0x00, 0x00, 0x00, 0x00, 0x00, 0x00,
    0x00, 0x00, 0x00, 0x00, 0x00, 0x00, 0x00, 0x00, 0x00, 0x00, 0x00, 0x00, 0x00, 0x00, 0x00, 0x00,
    0x00, 0x00, 0x00, 0x00, 0x00, 0x00, 0x00, 0x00, 0x00, 0x00, 0x00, 0x00, 0x00, 0x00, 0x00, 0x00,
    0x00, 0x00, 0x00, 0x00, 0x00, 0x00, 0x00, 0x00, 0x00, 0x00, 0x00, 0x00, 0x00, 0x00, 0x00, 0x00,
    0x00, 0x00, 0x00, 0x00, 0x00, 0x00, 0x00, 0x00, 0x00, 0x00, 0x00, 0x00, 0x00, 0x00, 0x00, 0x00,
    0x00, 0x00, 0x00, 0x00, 0x00, 0x00, 0x00, 0x00, 0x00, 0x00, 0x00, 0x00, 0x00, 0x00, 0x00, 0x00,
    0x00, 0x00, 0x00, 0x00, 0x00, 0x00, 0x00, 0x00, 0x00, 0x00, 0x00, 0x00, 0x00, 0x00, 0x00, 0x00,
    0x00, 0x00, 0x00, 0x00, 0x00, 0x00, 0x00, 0x00, 0x00, 0x00, 0x00, 0x00, 0x00, 0x00, 0x00, 0x00,
    0x00, 0x00, 0x00, 0x00, 0x00, 0x00, 0x00, 0x00, 0x00, 0x00, 0x00, 0x00, 0x00, 0x00, 0x00, 0x00,
    0x00, 0x00, 0x00, 0x00, 0x00, 0x00, 0x00, 0x00, 0x00, 0x00, 0x00, 0x00, 0x00, 0x00, 0x00, 0x00,
    0x00, 0x00, 0x00, 0x00, 0x00, 0x00, 0x00, 0x00, 0x00, 0x00, 0x00, 0x00, 0x00, 0x00, 0x00, 0x00,
    0x00, 0x00, 0x00, 0x00, 0x00, 0x00, 0x00, 0x00, 0x00, 0x00, 0x00, 0x00, 0x00, 0x00, 0x00, 0x00,
    0x00, 0x00, 0x00, 0x00, 0x00, 0x00, 0x00, 0x00, 0x00, 0x00, 0x00, 0x00, 0x00, 0x00, 0x00, 0x00,
    0x00, 0x00, 0x00, 0x00, 0x00, 0x00, 0x00, 0x00, 0x00, 0x00, 0x00, 0x00, 0x00, 0x00, 0x00, 0x00,
    0x00, 0x00, 0x00, 0x00, 0x00, 0x00, 0x00, 0x00, 0x00, 0x00, 0x00, 0x00, 0x00, 0x00, 0x00, 0x00,
    0x00, 0x00, 0x00, 0x00, 0x00, 0x00, 0x00, 0x00, 0x00, 0x00, 0x00, 0x00, 0x00, 0x00, 0x00, 0x00,
    0x00, 0x00, 0x00, 0x00, 0x00, 0x00, 0x00, 0x00, 0x00, 0x00, 0x00, 0x00, 0x00, 0x00, 0x00, 0x00,
    0x00, 0x00, 0x00, 0x00, 0x00, 0x00, 0x00, 0x00, 0x00, 0x00, 0x00, 0x00, 0x00, 0x00, 0x00, 0x00,
    0x00, 0x00, 0x00, 0x00, 0x00, 0x00, 0x00, 0x00, 0x00, 0x00, 0x00, 0x00, 0x00, 0x00, 0x00, 0x00,
    0x00, 0x00, 0x00, 0x00, 0x00, 0x00, 0x00, 0x00, 0x00, 0x00, 0x00, 0x00, 0x00, 0x00, 0x00, 0x00,
    0x00, 0x00, 0x00, 0x00, 0x00, 0x00, 0x00, 0x00, 0x00, 0x00, 0x00, 0x00, 0x00, 0x00, 0x00, 0x00,
    0x00, 0x00, 0x00, 0x00, 0x00, 0x00, 0x00, 0x00, 0x00, 0x00, 0x00, 0x00, 0x00, 0x00, 0x00, 0x00,
    0x00, 0x00, 0x00, 0x00, 0x00, 0x00, 0x00, 0x00, 0x00, 0x00, 0x00, 0x00, 0x00, 0x00, 0x00, 0x00,
    0x00, 0x00, 0x00, 0x00, 0x00, 0x00, 0x00, 0x00, 0x00, 0x00, 0x00, 0x00, 0x00, 0x00, 0x00, 0x00,
    0x00, 0x00, 0x00, 0x00, 0x00, 0x00, 0x00, 0x00, 0x00, 0x00, 0x00, 0x00, 0x00, 0x00, 0x00, 0x00,
    0x00, 0x00, 0x00, 0x00, 0x00, 0x00, 0x00, 0x00, 0x00, 0x00, 0x00, 0x00, 0x00, 0x00, 0x00, 0x00,
    0x00, 0x00, 0x00, 0x00, 0x00, 0x00, 0x00, 0x00, 0x00, 0x00, 0x00, 0x00, 0x00, 0x00, 0x00, 0x00,
    0x00, 0x00, 0x00, 0x00, 0x00, 0x00, 0x00, 0x00, 0x00, 0x00, 0x00, 0x00, 0x00, 0x00, 0x00, 0x00,
    0x00, 0x00, 0x00, 0x00, 0x00, 0x00, 0x00, 0x00, 0x00, 0x00, 0x00, 0x00, 0x00, 0x00, 0x00, 0x00,
    0x00, 0x00, 0x00, 0x00, 0x00, 0x00, 0x00, 0x00, 0x00, 0x00, 0x00, 0x00, 0x00, 0x00, 0x00, 0x00,
    0x00, 0x00, 0x00, 0x00, 0x00, 0x00, 0x00, 0x00, 0x00, 0x00, 0x00, 0x00, 0x00, 0x00, 0x00, 0x00,
    0x00, 0x00, 0x00, 0x00, 0x00, 0x00, 0x00, 0x00, 0x00, 0x00, 0x00, 0x00, 0x00, 0x00, 0x00, 0x00,
    0x00, 0x00, 0x00, 0x00, 0x00, 0x00, 0x00, 0x00, 0x00, 0x00, 0x00, 0x00, 0x00, 0x00, 0x00, 0x00,
    0x00, 0x00, 0x00, 0x03, 0x00, 0x00, 0x00, 0x00, 0x2B, 0x2B, 0x2B, 0x58, 0x2F, 0x2F, 0x2F, 0xFF,
    0x29, 0x29, 0x29, 0x80, 0x00, 0x00, 0x00, 0x00, 0x55, 0x55, 0x55, 0x03, 0x00, 0x00, 0x00, 0x00,
    0x00, 0x00, 0x00, 0x00, 0x00, 0x00, 0x00, 0x00, 0x00, 0x00, 0x00, 0x00, 0x00, 0x00, 0x00, 0x00,
    0x00, 0x00, 0x00, 0x00, 0x00, 0x00, 0x00, 0x00, 0x00, 0x00, 0x00, 0x00, 0x00, 0x00, 0x00, 0x00,
    0x00, 0x00, 0x00, 0x00, 0x00, 0x00, 0x00, 0x00, 0xFF, 0x00, 0x00, 0x01, 0xFF, 0xAA, 0x00, 0x03,
    0x00, 0x00, 0x00, 0x00, 0x00, 0x00, 0x00, 0x00, 0x00, 0x00, 0x00, 0x00, 0xFF, 0x8C, 0x14, 0x33,
    0xFB, 0x88, 0x10, 0x97, 0xFA, 0x8A, 0x11, 0xF1, 0xFF, 0x94, 0x13, 0xFF, 0xFF, 0x95, 0x14, 0xFF,
    0xFF, 0x8D, 0x13, 0xFF, 0xFC, 0x8B, 0x12, 0xD4, 0xFD, 0x8B, 0x11, 0x80, 0xF8, 0x8C, 0x13, 0x28,
    0x00, 0x00, 0x00, 0x00, 0x00, 0x00, 0x00, 0x00, 0xF7, 0x87, 0x0F, 0x22, 0xFA, 0x8B, 0x12, 0xED,
    0xFF, 0x93, 0x13, 0xFF, 0xF9, 0x89, 0x12, 0xB8, 0xFF, 0x7F, 0x00, 0x02, 0xFF, 0x7F, 0x00, 0x02,
    0x00, 0x00, 0x00, 0x00, 0x00, 0x00, 0x00, 0x00, 0x00, 0x00, 0x00, 0x01, 0x55, 0x55, 0x55, 0x03,
    0x00, 0x00, 0x00, 0x00, 0x00, 0x00, 0x00, 0x00, 0x3F, 0x3F, 0x3F, 0x04, 0x2C, 0x2C, 0x2C, 0x68,
    0x2A, 0x2A, 0x2A, 0xCB, 0x2A, 0x2A, 0x2A, 0xAD, 0x2A, 0x2A, 0x2A, 0x24, 0x00, 0x00, 0x00, 0x00,
    0x00, 0x00, 0x00, 0x00, 0x00, 0x00, 0x00, 0x03, 0x00, 0x00, 0x00, 0x00, 0x00, 0x00, 0x00, 0x00,
    0x00, 0x00, 0x00, 0x00, 0x00, 0x00, 0x00, 0x00, 0x00, 0x00, 0x00, 0x00, 0x00, 0x00, 0x00, 0x00,
    0x00, 0x00, 0x00, 0x00, 0x00, 0x00, 0x00, 0x00, 0x00, 0x00, 0x00, 0x00, 0x00, 0x00, 0x00, 0x00,
    0x00, 0x00, 0x00, 0x00, 0x00, 0x00, 0x00, 0x00, 0x00, 0x00, 0x00, 0x00, 0x00, 0x00, 0x00, 0x00,
    0x00, 0x00, 0x00, 0x00, 0x00, 0x00, 0x00, 0x00, 0x00, 0x00, 0x00, 0x00, 0x00, 0x00, 0x00, 0x00,
    0x00, 0x00, 0x00, 0x00, 0x00, 0x00, 0x00, 0x00, 0x00, 0x00, 0x00, 0x00, 0x00, 0x00, 0x00, 0x00,
    0x00, 0x00, 0x00, 0x00, 0x00, 0x00, 0x00, 0x00, 0x00, 0x00, 0x00, 0x00, 0x00, 0x00, 0x00, 0x00,
    0x00, 0x00, 0x00, 0x00, 0x00, 0x00, 0x00, 0x00, 0x00, 0x00, 0x00, 0x00, 0x00, 0x00, 0x00, 0x00,
    0x00, 0x00, 0x00, 0x00, 0x00, 0x00, 0x00, 0x00, 0x00, 0x00, 0x00, 0x00, 0x00, 0x00, 0x00, 0x00,
    0x00, 0x00, 0x00, 0x00, 0x00, 0x00, 0x00, 0x00, 0x00, 0x00, 0x00, 0x00, 0x00, 0x00, 0x00, 0x00,
    0x00, 0x00, 0x00, 0x00, 0x00, 0x00, 0x00, 0x00, 0x00, 0x00, 0x00, 0x00, 0x00, 0x00, 0x00, 0x00,
    0x00, 0x00, 0x00, 0x00, 0x00, 0x00, 0x00, 0x00, 0x00, 0x00, 0x00, 0x00, 0x00, 0x00, 0x00, 0x00,
    0x00, 0x00, 0x00, 0x00, 0x00, 0x00, 0x00, 0x00, 0x00, 0x00, 0x00, 0x00, 0x00, 0x00, 0x00, 0x00,
    0x00, 0x00, 0x00, 0x00, 0x00, 0x00, 0x00, 0x00, 0x00, 0x00, 0x00, 0x00, 0x00, 0x00, 0x00, 0x00,
    0x00, 0x00, 0x00, 0x00, 0x00, 0x00, 0x00, 0x00, 0x00, 0x00, 0x00, 0x00, 0x00, 0x00, 0x00, 0x00,
    0x00, 0x00, 0x00, 0x00, 0x00, 0x00, 0x00, 0x00, 0x00, 0x00, 0x00, 0x00, 0x00, 0x00, 0x00, 0x00,
    0x00, 0x00, 0x00, 0x00, 0x00, 0x00, 0x00, 0x00, 0x00, 0x00, 0x00, 0x00, 0x00, 0x00, 0x00, 0x00,
    0x00, 0x00, 0x00, 0x00, 0x00, 0x00, 0x00, 0x00, 0x00, 0x00, 0x00, 0x00, 0x00, 0x00, 0x00, 0x00,
    0x00, 0x00, 0x00, 0x00, 0x00, 0x00, 0x00, 0x00, 0x00, 0x00, 0x00, 0x00, 0x00, 0x00, 0x00, 0x00,
    0x00, 0x00, 0x00, 0x00, 0x00, 0x00, 0x00, 0x00, 0x00, 0x00, 0x00, 0x00, 0x00, 0x00, 0x00, 0x00,
    0x00, 0x00, 0x00, 0x00, 0x00, 0x00, 0x00, 0x00, 0x00, 0x00, 0x00, 0x00, 0x00, 0x00, 0x00, 0x00,
    0x00, 0x00, 0x00, 0x00, 0x00, 0x00, 0x00, 0x00, 0x00, 0x00, 0x00, 0x00, 0x00, 0x00, 0x00, 0x00,
    0x00, 0x00, 0x00, 0x00, 0x00, 0x00, 0x00, 0x00, 0x00, 0x00, 0x00, 0x00, 0x00, 0x00, 0x00, 0x00,
    0x00, 0x00, 0x00, 0x00, 0x00, 0x00, 0x00, 0x00, 0x00, 0x00, 0x00, 0x00, 0x00, 0x00, 0x00, 0x00,
    0x00, 0x00, 0x00, 0x00, 0x00, 0x00, 0x00, 0x00, 0x00, 0x00, 0x00, 0x00, 0x00, 0x00, 0x00, 0x00,
    0x00, 0x00, 0x00, 0x00, 0x00, 0x00, 0x00, 0x00, 0x00, 0x00, 0x00, 0x00, 0x00, 0x00, 0x00, 0x00,
    0x00, 0x00, 0x00, 0x00, 0x00, 0x00, 0x00, 0x00, 0x00, 0x00, 0x00, 0x00, 0x00, 0x00, 0x00, 0x00,
    0x00, 0x00, 0x00, 0x00, 0x00, 0x00, 0x00, 0x00, 0x00, 0x00, 0x00, 0x00, 0x00, 0x00, 0x00, 0x00,
    0x00, 0x00, 0x00, 0x00, 0x00, 0x00, 0x00, 0x00, 0x00, 0x00, 0x00, 0x00, 0x00, 0x00, 0x00, 0x00,
    0x00, 0x00, 0x00, 0x00, 0x00, 0x00, 0x00, 0x00, 0x00, 0x00, 0x00, 0x00, 0x00, 0x00, 0x00, 0x00,
    0x00, 0x00, 0x00, 0x00, 0x00, 0x00, 0x00, 0x00, 0x00, 0x00, 0x00, 0x00, 0x00, 0x00, 0x00, 0x00,
    0x00, 0x00, 0x00, 0x00, 0x00, 0x00, 0x00, 0x00, 0x00, 0x00, 0x00, 0x00, 0x00, 0x00, 0x00, 0x00,
    0x00, 0x00, 0x00, 0x00, 0x00, 0x00, 0x00, 0x00, 0x00, 0x00, 0x00, 0x00, 0x00, 0x00, 0x00, 0x00,
    0x00, 0x00, 0x00, 0x00, 0x00, 0x00, 0x00, 0x00, 0x00, 0x00, 0x00, 0x00, 0x00, 0x00, 0x00, 0x00,
    0x00, 0x00, 0x00, 0x00, 0x00, 0x00, 0x00, 0x00, 0x00, 0x00, 0x00, 0x00, 0x00, 0x00, 0x00, 0x00,
    0x00, 0x00, 0x00, 0x00, 0x00, 0x00, 0x00, 0x00, 0x00, 0x00, 0x00, 0x00, 0x00, 0x00, 0x00, 0x00,
    0x00, 0x00, 0x00, 0x00, 0x00, 0x00, 0x00, 0x00, 0x00, 0x00, 0x00, 0x00, 0x00, 0x00, 0x00, 0x00,
    0x00, 0x00, 0x00, 0x00, 0x00, 0x00, 0x00, 0x00, 0x00, 0x00, 0x00, 0x00, 0x00, 0x00, 0x00, 0x00,
    0x00, 0x00, 0x00, 0x00, 0x00, 0x00, 0x00, 0x00, 0x00, 0x00, 0x00, 0x00, 0x00, 0x00, 0x00, 0x00,
    0x00, 0x00, 0x00, 0x00, 0x00, 0x00, 0x00, 0x00, 0x00, 0x00, 0x00, 0x00, 0x00, 0x00, 0x00, 0x00,
    0x00, 0x00, 0x00, 0x00, 0x00, 0x00, 0x00, 0x00, 0x00, 0x00, 0x00, 0x00, 0x00, 0x00, 0x00, 0x00,
    0x00, 0x00, 0x00, 0x00, 0x00, 0x00, 0x00, 0x00, 0x00, 0x00, 0x00, 0x00, 0x00, 0x00, 0x00, 0x00,
    0x00, 0x00, 0x00, 0x00, 0x00, 0x00, 0x00, 0x00, 0x00, 0x00, 0x00, 0x00, 0x00, 0x00, 0x00, 0x00,
    0x00, 0x00, 0x00, 0x00, 0x00, 0x00, 0x00, 0x00, 0x00, 0x00, 0x00, 0x00, 0x00, 0x00, 0x00, 0x00,
    0x00, 0x00, 0x00, 0x00, 0x00, 0x00, 0x00, 0x00, 0x00, 0x00, 0x00, 0x00, 0x00, 0x00, 0x00, 0x00,
    0x00, 0x00, 0x00, 0x00, 0x00, 0x00, 0x00, 0x00, 0x00, 0x00, 0x00, 0x00, 0x00, 0x00, 0x00, 0x00,
    0x00, 0x00, 0x00, 0x00, 0x00, 0x00, 0x00, 0x00, 0x00, 0x00, 0x00, 0x00, 0x00, 0x00, 0x00, 0x00,
    0x00, 0x00, 0x00, 0x01, 0x00, 0x00, 0x00, 0x01, 0x00, 0x00, 0x00, 0x04, 0x29, 0x29, 0x29, 0xBD,
    0x2C, 0x2C, 0x2C, 0xF5, 0x2A, 0x2A, 0x2A, 0x24, 0x00, 0x00, 0x00, 0x00, 0x00, 0x00, 0x00, 0x03,
    0x00, 0x00, 0x00, 0x00, 0x00, 0x00, 0x00, 0x00, 0x00, 0x00, 0x00, 0x00, 0x00, 0x00, 0x00, 0x00,
    0x00, 0x00, 0x00, 0x00, 0x00, 0x00, 0x00, 0x00, 0x00, 0x00, 0x00, 0x00, 0x00, 0x00, 0x00, 0x00,
    0x00, 0x00, 0x00, 0x00, 0x00, 0x00, 0x00, 0x00, 0x00, 0x00, 0x00, 0x00, 0x00, 0x00, 0x00, 0x00,
    0x00, 0x00, 0x00, 0x00, 0xAA, 0x55, 0x00, 0x03, 0xFF, 0x7F, 0x00, 0x02, 0x00, 0x00, 0x00, 0x00,
    0x00, 0x00, 0x00, 0x00, 0xFF, 0x89, 0x13, 0x27, 0xFD, 0x8A, 0x13, 0x86, 0xFC, 0x8B, 0x12, 0xE1,
    0xFF, 0x91, 0x13, 0xFF, 0xFF, 0x92, 0x13, 0xFF, 0xFF, 0x91, 0x13, 0xFF, 0xFB, 0x8B, 0x11, 0xF3,
    0xFA, 0x89, 0x11, 0xB0, 0xF9, 0x88, 0x11, 0x58, 0xF9, 0x89, 0x12, 0xB8, 0xFF, 0x90, 0x13, 0xFF,
    0xFC, 0x8C, 0x12, 0xFE, 0xFB, 0x8F, 0x11, 0x49, 0xFF, 0xFF, 0x00, 0x01, 0xFF, 0xAA, 0x00, 0x03,
    0x00, 0x00, 0x00, 0x00, 0x00, 0x00, 0x00, 0x00, 0x00, 0x00, 0x00, 0x00, 0x00, 0x00, 0x00, 0x00,
    0x00, 0x00, 0x00, 0x01, 0x55, 0x55, 0x55, 0x03, 0x00, 0x00, 0x00, 0x00, 0x00, 0x00, 0x00, 0x00,
    0x2A, 0x2A, 0x2A, 0x06, 0x2A, 0x2A, 0x2A, 0x89, 0x2B, 0x2B, 0x2B, 0xDA, 0x2A, 0x2A, 0x2A, 0x85,
    0x2E, 0x2E, 0x2E, 0x0B, 0x00, 0x00, 0x00, 0x00, 0x00, 0x00, 0x00, 0x03, 0x00, 0x00, 0x00, 0x01,
    0x00, 0x00, 0x00, 0x00, 0x00, 0x00, 0x00, 0x00, 0x00, 0x00, 0x00, 0x00, 0x00, 0x00, 0x00, 0x00,
    0x00, 0x00, 0x00, 0x00, 0x00, 0x00, 0x00, 0x00, 0x00, 0x00, 0x00, 0x00, 0x00, 0x00, 0x00, 0x00,
    0x00, 0x00, 0x00, 0x00, 0x00, 0x00, 0x00, 0x00, 0x00, 0x00, 0x00, 0x00, 0x00, 0x00, 0x00, 0x00,
    0x00, 0x00, 0x00, 0x00, 0x00, 0x00, 0x00, 0x00, 0x00, 0x00, 0x00, 0x00, 0x00, 0x00, 0x00, 0x00,
    0x00, 0x00, 0x00, 0x00, 0x00, 0x00, 0x00, 0x00, 0x00, 0x00, 0x00, 0x00, 0x00, 0x00, 0x00, 0x00,
    0x00, 0x00, 0x00, 0x00, 0x00, 0x00, 0x00, 0x00, 0x00, 0x00, 0x00, 0x00, 0x00, 0x00, 0x00, 0x00,
    0x00, 0x00, 0x00, 0x00, 0x00, 0x00, 0x00, 0x00, 0x00, 0x00, 0x00, 0x00, 0x00, 0x00, 0x00, 0x00,
    0x00, 0x00, 0x00, 0x00, 0x00, 0x00, 0x00, 0x00, 0x00, 0x00, 0x00, 0x00, 0x00, 0x00, 0x00, 0x00,
    0x00, 0x00, 0x00, 0x00, 0x00, 0x00, 0x00, 0x00, 0x00, 0x00, 0x00, 0x00, 0x00, 0x00, 0x00, 0x00,
    0x00, 0x00, 0x00, 0x00, 0x00, 0x00, 0x00, 0x00, 0x00, 0x00, 0x00, 0x00, 0x00, 0x00, 0x00, 0x00,
    0x00, 0x00, 0x00, 0x00, 0x00, 0x00, 0x00, 0x00, 0x00, 0x00, 0x00, 0x00, 0x00, 0x00, 0x00, 0x00,
    0x00, 0x00, 0x00, 0x00, 0x00, 0x00, 0x00, 0x00, 0x00, 0x00, 0x00, 0x00, 0x00, 0x00, 0x00, 0x00,
    0x00, 0x00, 0x00, 0x00, 0x00, 0x00, 0x00, 0x00, 0x00, 0x00, 0x00, 0x00, 0x00, 0x00, 0x00, 0x00,
    0x00, 0x00, 0x00, 0x00, 0x00, 0x00, 0x00, 0x00, 0x00, 0x00, 0x00, 0x00, 0x00, 0x00, 0x00, 0x00,
    0x00, 0x00, 0x00, 0x00, 0x00, 0x00, 0x00, 0x00, 0x00, 0x00, 0x00, 0x00, 0x00, 0x00, 0x00, 0x00,
    0x00, 0x00, 0x00, 0x00, 0x00, 0x00, 0x00, 0x00, 0x00, 0x00, 0x00, 0x00, 0x00, 0x00, 0x00, 0x00,
    0x00, 0x00, 0x00, 0x00, 0x00, 0x00, 0x00, 0x00, 0x00, 0x00, 0x00, 0x00, 0x00, 0x00, 0x00, 0x00,
    0x00, 0x00, 0x00, 0x00, 0x00, 0x00, 0x00, 0x00, 0x00, 0x00, 0x00, 0x00, 0x00, 0x00, 0x00, 0x00,
    0x00, 0x00, 0x00, 0x00, 0x00, 0x00, 0x00, 0x00, 0x00, 0x00, 0x00, 0x00, 0x00, 0x00, 0x00, 0x00,
    0x00, 0x00, 0x00, 0x00, 0x00, 0x00, 0x00, 0x00, 0x00, 0x00, 0x00, 0x00, 0x00, 0x00, 0x00, 0x00,
    0x00, 0x00, 0x00, 0x00, 0x00, 0x00, 0x00, 0x00, 0x00, 0x00, 0x00, 0x00, 0x00, 0x00, 0x00, 0x00,
    0x00, 0x00, 0x00, 0x00, 0x00, 0x00, 0x00, 0x00, 0x00, 0x00, 0x00, 0x00, 0x00, 0x00, 0x00, 0x00,
    0x00, 0x00, 0x00, 0x00, 0x00, 0x00, 0x00, 0x00, 0x00, 0x00, 0x00, 0x00, 0x00, 0x00, 0x00, 0x00,
    0x00, 0x00, 0x00, 0x00, 0x00, 0x00, 0x00, 0x00, 0x00, 0x00, 0x00, 0x00, 0x00, 0x00, 0x00, 0x00,
    0x00, 0x00, 0x00, 0x00, 0x00, 0x00, 0x00, 0x00, 0x00, 0x00, 0x00, 0x00, 0x00, 0x00, 0x00, 0x00,
    0x00, 0x00, 0x00, 0x00, 0x00, 0x00, 0x00, 0x00, 0x00, 0x00, 0x00, 0x00, 0x00, 0x00, 0x00, 0x00,
    0x00, 0x00, 0x00, 0x00, 0x00, 0x00, 0x00, 0x00, 0x00, 0x00, 0x00, 0x00, 0x00, 0x00, 0x00, 0x00,
    0x00, 0x00, 0x00, 0x00, 0x00, 0x00, 0x00, 0x00, 0x00, 0x00, 0x00, 0x00, 0x00, 0x00, 0x00, 0x00,
    0x00, 0x00, 0x00, 0x00, 0x00, 0x00, 0x00, 0x00, 0x00, 0x00, 0x00, 0x00, 0x00, 0x00, 0x00, 0x00,
    0x00, 0x00, 0x00, 0x00, 0x00, 0x00, 0x00, 0x00, 0x00, 0x00, 0x00, 0x00, 0x00, 0x00, 0x00, 0x00,
    0x00, 0x00, 0x00, 0x00, 0x00, 0x00, 0x00, 0x00, 0x00, 0x00, 0x00, 0x00, 0x00, 0x00, 0x00, 0x00,
    0x00, 0x00, 0x00, 0x00, 0x00, 0x00, 0x00, 0x00, 0x00, 0x00, 0x00, 0x00, 0x00, 0x00, 0x00, 0x00,
    0x00, 0x00, 0x00, 0x00, 0x00, 0x00, 0x00, 0x00, 0x00, 0x00, 0x00, 0x00, 0x00, 0x00, 0x00, 0x00,
    0x00, 0x00, 0x00, 0x00, 0x00, 0x00, 0x00, 0x00, 0x00, 0x00, 0x00, 0x00, 0x00, 0x00, 0x00, 0x00,
    0x00, 0x00, 0x00, 0x00, 0x00, 0x00, 0x00, 0x00, 0x00, 0x00, 0x00, 0x00, 0x00, 0x00, 0x00, 0x00,
    0x00, 0x00, 0x00, 0x00, 0x00, 0x00, 0x00, 0x00, 0x00, 0x00, 0x00, 0x00, 0x00, 0x00, 0x00, 0x00,
    0x00, 0x00, 0x00, 0x00, 0x00, 0x00, 0x00, 0x00, 0x00, 0x00, 0x00, 0x00, 0x00, 0x00, 0x00, 0x00,
    0x00, 0x00, 0x00, 0x00, 0x00, 0x00, 0x00, 0x00, 0x00, 0x00, 0x00, 0x00, 0x00, 0x00, 0x00, 0x00,
    0x00, 0x00, 0x00, 0x00, 0x00, 0x00, 0x00, 0x00, 0x00, 0x00, 0x00, 0x00, 0x00, 0x00, 0x00, 0x00,
    0x00, 0x00, 0x00, 0x00, 0x00, 0x00, 0x00, 0x00, 0x00, 0x00, 0x00, 0x00, 0x00, 0x00, 0x00, 0x00,
    0x00, 0x00, 0x00, 0x00, 0x00, 0x00, 0x00, 0x00, 0x00, 0x00, 0x00, 0x00, 0x00, 0x00, 0x00, 0x00,
    0x00, 0x00, 0x00, 0x00, 0x00, 0x00, 0x00, 0x00, 0x00, 0x00, 0x00, 0x00, 0x00, 0x00, 0x00, 0x00,
    0x00, 0x00, 0x00, 0x00, 0x00, 0x00, 0x00, 0x00, 0x00, 0x00, 0x00, 0x00, 0x00, 0x00, 0x00, 0x00,
    0x00, 0x00, 0x00, 0x00, 0x00, 0x00, 0x00, 0x00, 0x00, 0x00, 0x00, 0x00, 0x00, 0x00, 0x00, 0x00,
    0x00, 0x00, 0x00, 0x00, 0x00, 0x00, 0x00, 0x00, 0x00, 0x00, 0x00, 0x00, 0x00, 0x00, 0x00, 0x00,
    0x00, 0x00, 0x00, 0x00, 0x00, 0x00, 0x00, 0x00, 0x00, 0x00, 0x00, 0x00, 0x00, 0x00, 0x00, 0x00,
    0x00, 0x00, 0x00, 0x00, 0x00, 0x00, 0x00, 0x02, 0x00, 0x00, 0x00, 0x00, 0x27, 0x27, 0x27, 0x1A,
    0x2C, 0x2C, 0x2C, 0xE7, 0x2B, 0x2B, 0x2B, 0xC0, 0x00, 0x00, 0x00, 0x02, 0x00, 0x00, 0x00, 0x02,
    0x00, 0x00, 0x00, 0x01, 0x00, 0x00, 0x00, 0x00, 0x00, 0x00, 0x00, 0x00, 0x00, 0x00, 0x00, 0x00,
    0x00, 0x00, 0x00, 0x00, 0x00, 0x00, 0x00, 0x00, 0x00, 0x00, 0x00, 0x00, 0x00, 0x00, 0x00, 0x00,
    0x00, 0x00, 0x00, 0x00, 0x00, 0x00, 0x00, 0x00, 0x00, 0x00, 0x00, 0x00, 0x00, 0x00, 0x00, 0x00,
    0x00, 0x00, 0x00, 0x00, 0x00, 0x00, 0x00, 0x00, 0x00, 0x00, 0x00, 0x00, 0xFF, 0x7F, 0x00, 0x02,
    0xFF, 0xAA, 0x00, 0x03, 0x00, 0x00, 0x00, 0x00, 0x00, 0x00, 0x00, 0x00, 0xFF, 0x8A, 0x15, 0x18,
    0xFA, 0x8A, 0x11, 0x76, 0xFC, 0x8B, 0x11, 0xD9, 0xFF, 0x8F, 0x13, 0xFF, 0xFF, 0x90, 0x13, 0xFF,
    0xFF, 0x92, 0x13, 0xFF, 0xFF, 0x90, 0x13, 0xFF, 0xFE, 0x8C, 0x13, 0xFF, 0xFF, 0x8F, 0x12, 0xFE,
    0xF9, 0x89, 0x12, 0xB8, 0x00, 0x00, 0x00, 0x00, 0x00, 0x00, 0x00, 0x00, 0xFF, 0xAA, 0x00, 0x03,
    0xFF, 0x7F, 0x00, 0x02, 0x00, 0x00, 0x00, 0x00, 0x00, 0x00, 0x00, 0x00, 0x00, 0x00, 0x00, 0x00,
    0x00, 0x00, 0x00, 0x00, 0x00, 0x00, 0x00, 0x00, 0x00, 0x00, 0x00, 0x01, 0x55, 0x55, 0x55, 0x03,
    0x00, 0x00, 0x00, 0x00, 0x00, 0x00, 0x00, 0x00, 0x2A, 0x2A, 0x2A, 0x24, 0x2B, 0x2B, 0x2B, 0xB0,
    0x2A, 0x2A, 0x2A, 0xD9, 0x2B, 0x2B, 0x2B, 0x47, 0x00, 0x00, 0x00, 0x00, 0x00, 0x00, 0x00, 0x00,
    0x00, 0x00, 0x00, 0x03, 0x00, 0x00, 0x00, 0x00, 0x00, 0x00, 0x00, 0x00, 0x00, 0x00, 0x00, 0x00,
    0x00, 0x00, 0x00, 0x00, 0x00, 0x00, 0x00, 0x00, 0x00, 0x00, 0x00, 0x00, 0x00, 0x00, 0x00, 0x00,
    0x00, 0x00, 0x00, 0x00, 0x00, 0x00, 0x00, 0x00, 0x00, 0x00, 0x00, 0x00, 0x00, 0x00, 0x00, 0x00,
    0x00, 0x00, 0x00, 0x00, 0x00, 0x00, 0x00, 0x00, 0x00, 0x00, 0x00, 0x00, 0x00, 0x00, 0x00, 0x00,
    0x00, 0x00, 0x00, 0x00, 0x00, 0x00, 0x00, 0x00, 0x00, 0x00, 0x00, 0x00, 0x00, 0x00, 0x00, 0x00,
    0x00, 0x00, 0x00, 0x00, 0x00, 0x00, 0x00, 0x00, 0x00, 0x00, 0x00, 0x00, 0x00, 0x00, 0x00, 0x00,
    0x00, 0x00, 0x00, 0x00, 0x00, 0x00, 0x00, 0x00, 0x00, 0x00, 0x00, 0x00, 0x00, 0x00, 0x00, 0x00,
    0x00, 0x00, 0x00, 0x00, 0x00, 0x00, 0x00, 0x00, 0x00, 0x00, 0x00, 0x00, 0x00, 0x00, 0x00, 0x00,
    0x00, 0x00, 0x00, 0x00, 0x00, 0x00, 0x00, 0x00, 0x00, 0x00, 0x00, 0x00, 0x00, 0x00, 0x00, 0x00,
    0x00, 0x00, 0x00, 0x00, 0x00, 0x00, 0x00, 0x00, 0x00, 0x00, 0x00, 0x00, 0x00, 0x00, 0x00, 0x00,
    0x00, 0x00, 0x00, 0x00, 0x00, 0x00, 0x00, 0x00, 0x00, 0x00, 0x00, 0x00, 0x00, 0x00, 0x00, 0x00,
    0x00, 0x00, 0x00, 0x00, 0x00, 0x00, 0x00, 0x00, 0x00, 0x00, 0x00, 0x00, 0x00, 0x00, 0x00, 0x00,
    0x00, 0x00, 0x00, 0x00, 0x00, 0x00, 0x00, 0x00, 0x00, 0x00, 0x00, 0x00, 0x00, 0x00, 0x00, 0x00,
    0x00, 0x00, 0x00, 0x00, 0x00, 0x00, 0x00, 0x00, 0x00, 0x00, 0x00, 0x00, 0x00, 0x00, 0x00, 0x00,
    0x00, 0x00, 0x00, 0x00, 0x00, 0x00, 0x00, 0x00, 0x00, 0x00, 0x00, 0x00, 0x00, 0x00, 0x00, 0x00,
    0x00, 0x00, 0x00, 0x00, 0x00, 0x00, 0x00, 0x00, 0x00, 0x00, 0x00, 0x00, 0x00, 0x00, 0x00, 0x00,
    0x00, 0x00, 0x00, 0x00, 0x00, 0x00, 0x00, 0x00, 0x00, 0x00, 0x00, 0x00, 0x00, 0x00, 0x00, 0x00,
    0x00, 0x00, 0x00, 0x00, 0x00, 0x00, 0x00, 0x00, 0x00, 0x00, 0x00, 0x00, 0x00, 0x00, 0x00, 0x00,
    0x00, 0x00, 0x00, 0x00, 0x00, 0x00, 0x00, 0x00, 0x00, 0x00, 0x00, 0x00, 0x00, 0x00, 0x00, 0x00,
    0x00, 0x00, 0x00, 0x00, 0x00, 0x00, 0x00, 0x00, 0x00, 0x00, 0x00, 0x00, 0x00, 0x00, 0x00, 0x00,
    0x00, 0x00, 0x00, 0x00, 0x00, 0x00, 0x00, 0x00, 0x00, 0x00, 0x00, 0x00, 0x00, 0x00, 0x00, 0x00,
    0x00, 0x00, 0x00, 0x00, 0x00, 0x00, 0x00, 0x00, 0x00, 0x00, 0x00, 0x00, 0x00, 0x00, 0x00, 0x00,
    0x00, 0x00, 0x00, 0x00, 0x00, 0x00, 0x00, 0x00, 0x00, 0x00, 0x00, 0x00, 0x00, 0x00, 0x00, 0x00,
    0x00, 0x00, 0x00, 0x00, 0x00, 0x00, 0x00, 0x00, 0x00, 0x00, 0x00, 0x00, 0x00, 0x00, 0x00, 0x00,
    0x00, 0x00, 0x00, 0x00, 0x00, 0x00, 0x00, 0x00, 0x00, 0x00, 0x00, 0x00, 0x00, 0x00, 0x00, 0x00,
    0x00, 0x00, 0x00, 0x00, 0x00, 0x00, 0x00, 0x00, 0x00, 0x00, 0x00, 0x00, 0x00, 0x00, 0x00, 0x00,
    0x00, 0x00, 0x00, 0x00, 0x00, 0x00, 0x00, 0x00, 0x00, 0x00, 0x00, 0x00, 0x00, 0x00, 0x00, 0x00,
    0x00, 0x00, 0x00, 0x00, 0x00, 0x00, 0x00, 0x00, 0x00, 0x00, 0x00, 0x00, 0x00, 0x00, 0x00, 0x00,
    0x00, 0x00, 0x00, 0x00, 0x00, 0x00, 0x00, 0x00, 0x00, 0x00, 0x00, 0x00, 0x00, 0x00, 0x00, 0x00,
    0x00, 0x00, 0x00, 0x00, 0x00, 0x00, 0x00, 0x00, 0x00, 0x00, 0x00, 0x00, 0x00, 0x00, 0x00, 0x00,
    0x00, 0x00, 0x00, 0x00, 0x00, 0x00, 0x00, 0x00, 0x00, 0x00, 0x00, 0x00, 0x00, 0x00, 0x00, 0x00,
    0x00, 0x00, 0x00, 0x00, 0x00, 0x00, 0x00, 0x00, 0x00, 0x00, 0x00, 0x00, 0x00, 0x00, 0x00, 0x00,
    0x00, 0x00, 0x00, 0x00, 0x00, 0x00, 0x00, 0x00, 0x00, 0x00, 0x00, 0x00, 0x00, 0x00, 0x00, 0x00,
    0x00, 0x00, 0x00, 0x00, 0x00, 0x00, 0x00, 0x00, 0x00, 0x00, 0x00, 0x00, 0x00, 0x00, 0x00, 0x00,
    0x00, 0x00, 0x00, 0x00, 0x00, 0x00, 0x00, 0x00, 0x00, 0x00, 0x00, 0x00, 0x00, 0x00, 0x00, 0x00,
    0x00, 0x00, 0x00, 0x00, 0x00, 0x00, 0x00, 0x00, 0x00, 0x00, 0x00, 0x00, 0x00, 0x00, 0x00, 0x00,
    0x00, 0x00, 0x00, 0x00, 0x00, 0x00, 0x00, 0x00, 0x00, 0x00, 0x00, 0x00, 0x00, 0x00, 0x00, 0x00,
    0x00, 0x00, 0x00, 0x00, 0x00, 0x00, 0x00, 0x00, 0x00, 0x00, 0x00, 0x00, 0x00, 0x00, 0x00, 0x00,
    0x00, 0x00, 0x00, 0x00, 0x00, 0x00, 0x00, 0x00, 0x00, 0x00, 0x00, 0x00, 0x00, 0x00, 0x00, 0x00,
    0x00, 0x00, 0x00, 0x00, 0x00, 0x00, 0x00, 0x00, 0x00, 0x00, 0x00, 0x00, 0x00, 0x00, 0x00, 0x00,
    0x00, 0x00, 0x00, 0x00, 0x00, 0x00, 0x00, 0x00, 0x00, 0x00, 0x00, 0x00, 0x00, 0x00, 0x00, 0x00,
    0x00, 0x00, 0x00, 0x00, 0x00, 0x00, 0x00, 0x00, 0x00, 0x00, 0x00, 0x00, 0x00, 0x00, 0x00, 0x00,
    0x00, 0x00, 0x00, 0x00, 0x00, 0x00, 0x00, 0x00, 0x00, 0x00, 0x00, 0x00, 0x00, 0x00, 0x00, 0x00,
    0x00, 0x00, 0x00, 0x00, 0x00, 0x00, 0x00, 0x00, 0x00, 0x00, 0x00, 0x00, 0x00, 0x00, 0x00, 0x00,
    0x00, 0x00, 0x00, 0x00, 0x00, 0x00, 0x00, 0x00, 0x00, 0x00, 0x00, 0x00, 0x00, 0x00, 0x00, 0x00,
    0x00, 0x00, 0x00, 0x00, 0x00, 0x00, 0x00, 0x00, 0x00, 0x00, 0x00, 0x00, 0x00, 0x00, 0x00, 0x00,
    0x00, 0x00, 0x00, 0x00, 0x00, 0x00, 0x00, 0x00, 0x00, 0x00, 0x00, 0x02, 0x00, 0x00, 0x00, 0x00,
    0x28, 0x28, 0x28, 0x32, 0x2C, 0x2C, 0x2C, 0xF9, 0x2C, 0x2C, 0x2C, 0x9C, 0x00, 0x00, 0x00, 0x00,
    0x55, 0x55, 0x55, 0x03, 0x00, 0x00, 0x00, 0x01, 0x00, 0x00, 0x00, 0x00, 0x00, 0x00, 0x00, 0x00,
    0x00, 0x00, 0x00, 0x00, 0x00, 0x00, 0x00, 0x00, 0x00, 0x00, 0x00, 0x00, 0x00, 0x00, 0x00, 0x00,
    0x00, 0x00, 0x00, 0x00, 0x00, 0x00, 0x00, 0x00, 0x00, 0x00, 0x00, 0x00, 0x00, 0x00, 0x00, 0x00,
    0x00, 0x00, 0x00, 0x00, 0x00, 0x00, 0x00, 0x00, 0x00, 0x00, 0x00, 0x00, 0x00, 0x00, 0x00, 0x00,
    0x00, 0x00, 0x00, 0x00, 0xFF, 0x7F, 0x00, 0x02, 0xFF, 0xAA, 0x00, 0x03, 0x00, 0x00, 0x00, 0x00,
    0x00, 0x00, 0x00, 0x00, 0xFF, 0x7F, 0x12, 0x0E, 0xFC, 0x89, 0x11, 0x66, 0xFB, 0x8A, 0x11, 0xCB,
    0xF9, 0x8A, 0x12, 0xF7, 0xFA, 0x8A, 0x12, 0xFC, 0xF9, 0x89, 0x12, 0xFB, 0xFB, 0x8C, 0x12, 0xFB,
    0xFB, 0x8B, 0x12, 0xE1, 0xFA, 0x8B, 0x11, 0x77, 0xFF, 0x8B, 0x0B, 0x16, 0x00, 0x00, 0x00, 0x00,
    0x00, 0x00, 0x00, 0x00, 0xFF, 0xAA, 0x00, 0x03, 0xFF, 0x7F, 0x00, 0x02, 0x00, 0x00, 0x00, 0x00,
    0x00, 0x00, 0x00, 0x00, 0x00, 0x00, 0x00, 0x00, 0x00, 0x00, 0x00, 0x00, 0x00, 0x00, 0x00, 0x00,
    0x00, 0x00, 0x00, 0x01, 0x00, 0x00, 0x00, 0x03, 0x00, 0x00, 0x00, 0x00, 0x00, 0x00, 0x00, 0x00,
    0x2A, 0x2A, 0x2A, 0x5F, 0x2C, 0x2C, 0x2C, 0xE2, 0x2A, 0x2A, 0x2A, 0xA1, 0x33, 0x33, 0x33, 0x0F,
    0x00, 0x00, 0x00, 0x00, 0x00, 0x00, 0x00, 0x04, 0x00, 0x00, 0x00, 0x00, 0x00, 0x00, 0x00, 0x00,
    0x00, 0x00, 0x00, 0x00, 0x00, 0x00, 0x00, 0x00, 0x00, 0x00, 0x00, 0x00, 0x00, 0x00, 0x00, 0x00,
    0x00, 0x00, 0x00, 0x00, 0x00, 0x00, 0x00, 0x00, 0x00, 0x00, 0x00, 0x00, 0x00, 0x00, 0x00, 0x00,
    0x00, 0x00, 0x00, 0x00, 0x00, 0x00, 0x00, 0x00, 0x00, 0x00, 0x00, 0x00, 0x00, 0x00, 0x00, 0x00,
    0x00, 0x00, 0x00, 0x00, 0x00, 0x00, 0x00, 0x00, 0x00, 0x00, 0x00, 0x00, 0x00, 0x00, 0x00, 0x00,
    0x00, 0x00, 0x00, 0x00, 0x00, 0x00, 0x00, 0x00, 0x00, 0x00, 0x00, 0x00, 0x00, 0x00, 0x00, 0x00,
    0x00, 0x00, 0x00, 0x00, 0x00, 0x00, 0x00, 0x00, 0x00, 0x00, 0x00, 0x00, 0x00, 0x00, 0x00, 0x00,
    0x00, 0x00, 0x00, 0x00, 0x00, 0x00, 0x00, 0x00, 0x00, 0x00, 0x00, 0x00, 0x00, 0x00, 0x00, 0x00,
    0x00, 0x00, 0x00, 0x00, 0x00, 0x00, 0x00, 0x00, 0x00, 0x00, 0x00, 0x00, 0x00, 0x00, 0x00, 0x00,
    0x00, 0x00, 0x00, 0x00, 0x00, 0x00, 0x00, 0x00, 0x00, 0x00, 0x00, 0x00, 0x00, 0x00, 0x00, 0x00,
    0x00, 0x00, 0x00, 0x00, 0x00, 0x00, 0x00, 0x00, 0x00, 0x00, 0x00, 0x00, 0x00, 0x00, 0x00, 0x00,
    0x00, 0x00, 0x00, 0x00, 0x00, 0x00, 0x00, 0x00, 0x00, 0x00, 0x00, 0x00, 0x00, 0x00, 0x00, 0x00,
    0x00, 0x00, 0x00, 0x00, 0x00, 0x00, 0x00, 0x00, 0x00, 0x00, 0x00, 0x00, 0x00, 0x00, 0x00, 0x00,
    0x00, 0x00, 0x00, 0x00, 0x00, 0x00, 0x00, 0x00, 0x00, 0x00, 0x00, 0x00, 0x00, 0x00, 0x00, 0x00,
    0x00, 0x00, 0x00, 0x00, 0x00, 0x00, 0x00, 0x00, 0x00, 0x00, 0x00, 0x00, 0x00, 0x00, 0x00, 0x00,
    0x00, 0x00, 0x00, 0x00, 0x00, 0x00, 0x00, 0x00, 0x00, 0x00, 0x00, 0x00, 0x00, 0x00, 0x00, 0x00,
    0x00, 0x00, 0x00, 0x00, 0x00, 0x00, 0x00, 0x00, 0x00, 0x00, 0x00, 0x00, 0x00, 0x00, 0x00, 0x00,
    0x00, 0x00, 0x00, 0x00, 0x00, 0x00, 0x00, 0x00, 0x00, 0x00, 0x00, 0x00, 0x00, 0x00, 0x00, 0x00,
    0x00, 0x00, 0x00, 0x00, 0x00, 0x00, 0x00, 0x00, 0x00, 0x00, 0x00, 0x00, 0x00, 0x00, 0x00, 0x00,
    0x00, 0x00, 0x00, 0x00, 0x00, 0x00, 0x00, 0x00, 0x00, 0x00, 0x00, 0x00, 0x00, 0x00, 0x00, 0x00,
    0x00, 0x00, 0x00, 0x00, 0x00, 0x00, 0x00, 0x00, 0x00, 0x00, 0x00, 0x00, 0x00, 0x00, 0x00, 0x00,
    0x00, 0x00, 0x00, 0x00, 0x00, 0x00, 0x00, 0x00, 0x00, 0x00, 0x00, 0x00, 0x00, 0x00, 0x00, 0x00,
    0x00, 0x00, 0x00, 0x00, 0x00, 0x00, 0x00, 0x00, 0x00, 0x00, 0x00, 0x00, 0x00, 0x00, 0x00, 0x00,
    0x00, 0x00, 0x00, 0x00, 0x00, 0x00, 0x00, 0x00, 0x00, 0x00, 0x00, 0x00, 0x00, 0x00, 0x00, 0x00,
    0x00, 0x00, 0x00, 0x00, 0x00, 0x00, 0x00, 0x00, 0x00, 0x00, 0x00, 0x00, 0x00, 0x00, 0x00, 0x00,
    0x00, 0x00, 0x00, 0x00, 0x00, 0x00, 0x00, 0x00, 0x00, 0x00, 0x00, 0x00, 0x00, 0x00, 0x00, 0x00,
    0x00, 0x00, 0x00, 0x00, 0x00, 0x00, 0x00, 0x00, 0x00, 0x00, 0x00, 0x00, 0x00, 0x00, 0x00, 0x00,
    0x00, 0x00, 0x00, 0x00, 0x00, 0x00, 0x00, 0x00, 0x00, 0x00, 0x00, 0x00, 0x00, 0x00, 0x00, 0x00,
    0x00, 0x00, 0x00, 0x00, 0x00, 0x00, 0x00, 0x00, 0x00, 0x00, 0x00, 0x00, 0x00, 0x00, 0x00, 0x00,
    0x00, 0x00, 0x00, 0x00, 0x00, 0x00, 0x00, 0x00, 0x00, 0x00, 0x00, 0x00, 0x00, 0x00, 0x00, 0x00,
    0x00, 0x00, 0x00, 0x00, 0x00, 0x00, 0x00, 0x00, 0x00, 0x00, 0x00, 0x00, 0x00, 0x00, 0x00, 0x00,
    0x00, 0x00, 0x00, 0x00, 0x00, 0x00, 0x00, 0x00, 0x00, 0x00, 0x00, 0x00, 0x00, 0x00, 0x00, 0x00,
    0x00, 0x00, 0x00, 0x00, 0x00, 0x00, 0x00, 0x00, 0x00, 0x00, 0x00, 0x00, 0x00, 0x00, 0x00, 0x00,
    0x00, 0x00, 0x00, 0x00, 0x00, 0x00, 0x00, 0x00, 0x00, 0x00, 0x00, 0x00, 0x00, 0x00, 0x00, 0x00,
    0x00, 0x00, 0x00, 0x00, 0x00, 0x00, 0x00, 0x00, 0x00, 0x00, 0x00, 0x00, 0x00, 0x00, 0x00, 0x00,
    0x00, 0x00, 0x00, 0x00, 0x00, 0x00, 0x00, 0x00, 0x00, 0x00, 0x00, 0x00, 0x00, 0x00, 0x00, 0x00,
    0x00, 0x00, 0x00, 0x00, 0x00, 0x00, 0x00, 0x00, 0x00, 0x00, 0x00, 0x00, 0x00, 0x00, 0x00, 0x00,
    0x00, 0x00, 0x00, 0x00, 0x00, 0x00, 0x00, 0x00, 0x00, 0x00, 0x00, 0x00, 0x00, 0x00, 0x00, 0x00,
    0x00, 0x00, 0x00, 0x00, 0x00, 0x00, 0x00, 0x00, 0x00, 0x00, 0x00, 0x00, 0x00, 0x00, 0x00, 0x00,
    0x00, 0x00, 0x00, 0x00, 0x00, 0x00, 0x00, 0x00, 0x00, 0x00, 0x00, 0x00, 0x00, 0x00, 0x00, 0x00,
    0x00, 0x00, 0x00, 0x00, 0x00, 0x00, 0x00, 0x00, 0x00, 0x00, 0x00, 0x00, 0x00, 0x00, 0x00, 0x00,
    0x00, 0x00, 0x00, 0x00, 0x00, 0x00, 0x00, 0x00, 0x00, 0x00, 0x00, 0x00, 0x00, 0x00, 0x00, 0x00,
    0x00, 0x00, 0x00, 0x00, 0x00, 0x00, 0x00, 0x00, 0x00, 0x00, 0x00, 0x00, 0x00, 0x00, 0x00, 0x00,
    0x00, 0x00, 0x00, 0x00, 0x00, 0x00, 0x00, 0x00, 0x00, 0x00, 0x00, 0x00, 0x00, 0x00, 0x00, 0x00,
    0x00, 0x00, 0x00, 0x00, 0x00, 0x00, 0x00, 0x00, 0x00, 0x00, 0x00, 0x00, 0x00, 0x00, 0x00, 0x00,
    0x00, 0x00, 0x00, 0x00, 0x00, 0x00, 0x00, 0x00, 0x00, 0x00, 0x00, 0x00, 0x00, 0x00, 0x00, 0x00,
    0x00, 0x00, 0x00, 0x00, 0x00, 0x00, 0x00, 0x00, 0x00, 0x00, 0x00, 0x00, 0x00, 0x00, 0x00, 0x03,
    0x00, 0x00, 0x00, 0x00, 0x2B, 0x2B, 0x2B, 0x47, 0x2C, 0x2C, 0x2C, 0xFD, 0x2A, 0x2A, 0x2A, 0x89,
    0x00, 0x00, 0x00, 0x00, 0x00, 0x00, 0x00, 0x03, 0x00, 0x00, 0x00, 0x01, 0x00, 0x00, 0x00, 0x00,
    0x00, 0x00, 0x00, 0x00, 0x00, 0x00, 0x00, 0x00, 0x00, 0x00, 0x00, 0x00, 0x00, 0x00, 0x00, 0x00,
    0x00, 0x00, 0x00, 0x00, 0x00, 0x00, 0x00, 0x00, 0x00, 0x00, 0x00, 0x00, 0x00, 0x00, 0x00, 0x00,
    0x00, 0x00, 0x00, 0x00, 0x00, 0x00, 0x00, 0x00, 0x00, 0x00, 0x00, 0x00, 0x00, 0x00, 0x00, 0x00,
    0x00, 0x00, 0x00, 0x00, 0x00, 0x00, 0x00, 0x00, 0x00, 0x00, 0x00, 0x00, 0xFF, 0xFF, 0x00, 0x01,
    0xFF, 0xAA, 0x00, 0x03, 0x00, 0x00, 0x00, 0x00, 0x00, 0x00, 0x00, 0x00, 0xE5, 0x7F, 0x00, 0x0A,
    0xFA, 0x89, 0x12, 0xD1, 0xFD, 0x8D, 0x13, 0xFE, 0xFC, 0x8B, 0x12, 0xFF, 0xFF, 0x92, 0x13, 0xFF,
    0xFF, 0x91, 0x13, 0xFF, 0xFF, 0x91, 0x13, 0xFF, 0xFB, 0x8B, 0x12, 0xDF, 0xFD, 0x8B, 0x11, 0x84,
    0xF7, 0x83, 0x0F, 0x21, 0x00, 0x00, 0x00, 0x00, 0x00, 0x00, 0x00, 0x00, 0xFF, 0x7F, 0x00, 0x02,
    0xFF, 0x7F, 0x00, 0x02, 0x00, 0x00, 0x00, 0x00, 0x00, 0x00, 0x00, 0x00, 0x00, 0x00, 0x00, 0x00,
    0x00, 0x00, 0x00, 0x00, 0x00, 0x00, 0x00, 0x00, 0x00, 0x00, 0x00, 0x02, 0x00, 0x00, 0x00, 0x02,
    0x00, 0x00, 0x00, 0x00, 0x25, 0x25, 0x25, 0x1B, 0x2B, 0x2B, 0x2B, 0xB4, 0x2B, 0x2B, 0x2B, 0xDB,
    0x29, 0x29, 0x29, 0x3E, 0x00, 0x00, 0x00, 0x00, 0x00, 0x00, 0x00, 0x02, 0x00, 0x00, 0x00, 0x01,
    0x00, 0x00, 0x00, 0x00, 0x00, 0x00, 0x00, 0x00, 0x00, 0x00, 0x00, 0x00, 0x00, 0x00, 0x00, 0x00,
    0x00, 0x00, 0x00, 0x00, 0x00, 0x00, 0x00, 0x00, 0x00, 0x00, 0x00, 0x00, 0x00, 0x00, 0x00, 0x00,
    0x00, 0x00, 0x00, 0x00, 0x00, 0x00, 0x00, 0x00, 0x00, 0x00, 0x00, 0x00, 0x00, 0x00, 0x00, 0x00,
    0x00, 0x00, 0x00, 0x00, 0x00, 0x00, 0x00, 0x00, 0x00, 0x00, 0x00, 0x00, 0x00, 0x00, 0x00, 0x00,
    0x00, 0x00, 0x00, 0x00, 0x00, 0x00, 0x00, 0x00, 0x00, 0x00, 0x00, 0x00, 0x00, 0x00, 0x00, 0x00,
    0x00, 0x00, 0x00, 0x00, 0x00, 0x00, 0x00, 0x00, 0x00, 0x00, 0x00, 0x00, 0x00, 0x00, 0x00, 0x00,
    0x00, 0x00, 0x00, 0x00, 0x00, 0x00, 0x00, 0x00, 0x00, 0x00, 0x00, 0x00, 0x00, 0x00, 0x00, 0x00,
    0x00, 0x00, 0x00, 0x00, 0x00, 0x00, 0x00, 0x00, 0x00, 0x00, 0x00, 0x00, 0x00, 0x00, 0x00, 0x00,
    0x00, 0x00, 0x00, 0x00, 0x00, 0x00, 0x00, 0x00, 0x00, 0x00, 0x00, 0x00, 0x00, 0x00, 0x00, 0x00,
    0x00, 0x00, 0x00, 0x00, 0x00, 0x00, 0x00, 0x00, 0x00, 0x00, 0x00, 0x00, 0x00, 0x00, 0x00, 0x00,
    0x00, 0x00, 0x00, 0x00, 0x00, 0x00, 0x00, 0x00, 0x00, 0x00, 0x00, 0x00, 0x00, 0x00, 0x00, 0x00,
    0x00, 0x00, 0x00, 0x00, 0x00, 0x00, 0x00, 0x00, 0x00, 0x00, 0x00, 0x00, 0x00, 0x00, 0x00, 0x00,
    0x00, 0x00, 0x00, 0x00, 0x00, 0x00, 0x00, 0x00, 0x00, 0x00, 0x00, 0x00, 0x00, 0x00, 0x00, 0x00,
    0x00, 0x00, 0x00, 0x00, 0x00, 0x00, 0x00, 0x00, 0x00, 0x00, 0x00, 0x00, 0x00, 0x00, 0x00, 0x00,
    0x00, 0x00, 0x00, 0x00, 0x00, 0x00, 0x00, 0x00, 0x00, 0x00, 0x00, 0x00, 0x00, 0x00, 0x00, 0x00,
    0x00, 0x00, 0x00, 0x00, 0x00, 0x00, 0x00, 0x00, 0x00, 0x00, 0x00, 0x00, 0x00, 0x00, 0x00, 0x00,
    0x00, 0x00, 0x00, 0x00, 0x00, 0x00, 0x00, 0x00, 0x00, 0x00, 0x00, 0x00, 0x00, 0x00, 0x00, 0x00,
    0x00, 0x00, 0x00, 0x00, 0x00, 0x00, 0x00, 0x00, 0x00, 0x00, 0x00, 0x00, 0x00, 0x00, 0x00, 0x00,
    0x00, 0x00, 0x00, 0x00, 0x00, 0x00, 0x00, 0x00, 0x00, 0x00, 0x00, 0x00, 0x00, 0x00, 0x00, 0x00,
    0x00, 0x00, 0x00, 0x00, 0x00, 0x00, 0x00, 0x00, 0x00, 0x00, 0x00, 0x00, 0x00, 0x00, 0x00, 0x00,
    0x00, 0x00, 0x00, 0x00, 0x00, 0x00, 0x00, 0x00, 0x00, 0x00, 0x00, 0x00, 0x00, 0x00, 0x00, 0x00,
    0x00, 0x00, 0x00, 0x00, 0x00, 0x00, 0x00, 0x00, 0x00, 0x00, 0x00, 0x00, 0x00, 0x00, 0x00, 0x00,
    0x00, 0x00, 0x00, 0x00, 0x00, 0x00, 0x00, 0x00, 0x00, 0x00, 0x00, 0x00, 0x00, 0x00, 0x00, 0x00,
    0x00, 0x00, 0x00, 0x00, 0x00, 0x00, 0x00, 0x00, 0x00, 0x00, 0x00, 0x00, 0x00, 0x00, 0x00, 0x00,
    0x00, 0x00, 0x00, 0x00, 0x00, 0x00, 0x00, 0x00, 0x00, 0x00, 0x00, 0x00, 0x00, 0x00, 0x00, 0x00,
    0x00, 0x00, 0x00, 0x00, 0x00, 0x00, 0x00, 0x00, 0x00, 0x00, 0x00, 0x00, 0x00, 0x00, 0x00, 0x00,
    0x00, 0x00, 0x00, 0x00, 0x00, 0x00, 0x00, 0x00, 0x00, 0x00, 0x00, 0x00, 0x00, 0x00, 0x00, 0x00,
    0x00, 0x00, 0x00, 0x00, 0x00, 0x00, 0x00, 0x00, 0x00, 0x00, 0x00, 0x00, 0x00, 0x00, 0x00, 0x00,
    0x00, 0x00, 0x00, 0x00, 0x00, 0x00, 0x00, 0x00, 0x00, 0x00, 0x00, 0x00, 0x00, 0x00, 0x00, 0x00,
    0x00, 0x00, 0x00, 0x00, 0x00, 0x00, 0x00, 0x00, 0x00, 0x00, 0x00, 0x00, 0x00, 0x00, 0x00, 0x00,
    0x00, 0x00, 0x00, 0x00, 0x00, 0x00, 0x00, 0x00, 0x00, 0x00, 0x00, 0x00, 0x00, 0x00, 0x00, 0x00,
    0x00, 0x00, 0x00, 0x00, 0x00, 0x00, 0x00, 0x00, 0x00, 0x00, 0x00, 0x00, 0x00, 0x00, 0x00, 0x00,
    0x00, 0x00, 0x00, 0x00, 0x00, 0x00, 0x00, 0x00, 0x00, 0x00, 0x00, 0x00, 0x00, 0x00, 0x00, 0x00,
    0x00, 0x00, 0x00, 0x00, 0x00, 0x00, 0x00, 0x00, 0x00, 0x00, 0x00, 0x00, 0x00, 0x00, 0x00, 0x00,
    0x00, 0x00, 0x00, 0x00, 0x00, 0x00, 0x00, 0x00, 0x00, 0x00, 0x00, 0x00, 0x00, 0x00, 0x00, 0x00,
    0x00, 0x00, 0x00, 0x00, 0x00, 0x00, 0x00, 0x00, 0x00, 0x00, 0x00, 0x00, 0x00, 0x00, 0x00, 0x00,
    0x00, 0x00, 0x00, 0x00, 0x00, 0x00, 0x00, 0x00, 0x00, 0x00, 0x00, 0x00, 0x00, 0x00, 0x00, 0x00,
    0x00, 0x00, 0x00, 0x00, 0x00, 0x00, 0x00, 0x00, 0x00, 0x00, 0x00, 0x00, 0x00, 0x00, 0x00, 0x00,
    0x00, 0x00, 0x00, 0x00, 0x00, 0x00, 0x00, 0x00, 0x00, 0x00, 0x00, 0x00, 0x00, 0x00, 0x00, 0x00,
    0x00, 0x00, 0x00, 0x00, 0x00, 0x00, 0x00, 0x00, 0x00, 0x00, 0x00, 0x00, 0x00, 0x00, 0x00, 0x00,
    0x00, 0x00, 0x00, 0x00, 0x00, 0x00, 0x00, 0x00, 0x00, 0x00, 0x00, 0x00, 0x00, 0x00, 0x00, 0x00,
    0x00, 0x00, 0x00, 0x00, 0x00, 0x00, 0x00, 0x00, 0x00, 0x00, 0x00, 0x00, 0x00, 0x00, 0x00, 0x00,
    0x00, 0x00, 0x00, 0x00, 0x00, 0x00, 0x00, 0x00, 0x00, 0x00, 0x00, 0x00, 0x00, 0x00, 0x00, 0x00,
    0x00, 0x00, 0x00, 0x00, 0x00, 0x00, 0x00, 0x00, 0x00, 0x00, 0x00, 0x00, 0x00, 0x00, 0x00, 0x00,
    0x00, 0x00, 0x00, 0x00, 0x00, 0x00, 0x00, 0x00, 0x00, 0x00, 0x00, 0x00, 0x00, 0x00, 0x00, 0x00,
    0x00, 0x00, 0x00, 0x00, 0x00, 0x00, 0x00, 0x00, 0x00, 0x00, 0x00, 0x00, 0x00, 0x00, 0x00, 0x00,
    0x00, 0x00, 0x00, 0x03, 0x00, 0x00, 0x00, 0x00, 0x28, 0x28, 0x28, 0x39, 0x2B, 0x2B, 0x2B, 0xF1,
    0x2B, 0x2B, 0x2B, 0x8C, 0x00, 0x00, 0x00, 0x00, 0x00, 0x00, 0x00, 0x01, 0x00, 0x00, 0x00, 0x02,
    0x00, 0x00, 0x00, 0x00, 0x00, 0x00, 0x00, 0x00, 0x00, 0x00, 0x00, 0x00, 0x00, 0x00, 0x00, 0x00,
    0x00, 0x00, 0x00, 0x00, 0x00, 0x00, 0x00, 0x00, 0x00, 0x00, 0x00, 0x00, 0x00, 0x00, 0x00, 0x00,
    0x00, 0x00, 0x00, 0x00, 0x00, 0x00, 0x00, 0x00, 0x00, 0x00, 0x00, 0x00, 0x00, 0x00, 0x00, 0x00,
    0x00, 0x00, 0x00, 0x00, 0x00, 0x00, 0x00, 0x00, 0x00, 0x00, 0x00, 0x00, 0x00, 0x00, 0x00, 0x00,
    0x00, 0x00, 0x00, 0x00, 0xFF, 0x7F, 0x00, 0x04, 0xFF, 0x55, 0x00, 0x03, 0xFC, 0x8D, 0x12, 0x55,
    0xFC, 0x8D, 0x12, 0xFD, 0xFE, 0x8E, 0x12, 0xFF, 0xFA, 0x8A, 0x11, 0xDD, 0xFB, 0x8A, 0x11, 0x83,
    0xFB, 0x8A, 0x11, 0xD7, 0xFF, 0x8E, 0x12, 0xFF, 0xFF, 0x94, 0x14, 0xFF, 0xFF, 0x93, 0x13, 0xFF,
    0xFB, 0x8A, 0x11, 0xEA, 0xFB, 0x8B, 0x11, 0x8F, 0xF9, 0x88, 0x11, 0x2B, 0x00, 0x00, 0x00, 0x00,
    0x00, 0x00, 0x00, 0x00, 0xFF, 0x7F, 0x00, 0x02, 0xFF, 0x7F, 0x00, 0x02, 0x00, 0x00, 0x00, 0x00,
    0x00, 0x00, 0x00, 0x00, 0x00, 0x00, 0x00, 0x00, 0x00, 0x00, 0x00, 0x00, 0x00, 0x00, 0x00, 0x00,
    0x00, 0x00, 0x00, 0x03, 0x00, 0x00, 0x00, 0x00, 0x00, 0x00, 0x00, 0x00, 0x29, 0x29, 0x29, 0x6F,
    0x2B, 0x2B, 0x2B, 0xF7, 0x2B, 0x2B, 0x2B, 0x74, 0x00, 0x00, 0x00, 0x00, 0x00, 0x00, 0x00, 0x00,
    0x00, 0x00, 0x00, 0x02, 0x00, 0x00, 0x00, 0x00, 0x00, 0x00, 0x00, 0x00, 0x00, 0x00, 0x00, 0x00,
    0x00, 0x00, 0x00, 0x00, 0x00, 0x00, 0x00, 0x00, 0x00, 0x00, 0x00, 0x00, 0x00, 0x00, 0x00, 0x00,
    0x00, 0x00, 0x00, 0x00, 0x00, 0x00, 0x00, 0x00, 0x00, 0x00, 0x00, 0x00, 0x00, 0x00, 0x00, 0x00,
    0x00, 0x00, 0x00, 0x00, 0x00, 0x00, 0x00, 0x00, 0x00, 0x00, 0x00, 0x00, 0x00, 0x00, 0x00, 0x00,
    0x00, 0x00, 0x00, 0x00, 0x00, 0x00, 0x00, 0x00, 0x00, 0x00, 0x00, 0x00, 0x00, 0x00, 0x00, 0x00,
    0x00, 0x00, 0x00, 0x00, 0x00, 0x00, 0x00, 0x00, 0x00, 0x00, 0x00, 0x00, 0x00, 0x00, 0x00, 0x00,
    0x00, 0x00, 0x00, 0x00, 0x00, 0x00, 0x00, 0x00, 0x00, 0x00, 0x00, 0x00, 0x00, 0x00, 0x00, 0x00,
    0x00, 0x00, 0x00, 0x00, 0x00, 0x00, 0x00, 0x00, 0x00, 0x00, 0x00, 0x00, 0x00, 0x00, 0x00, 0x00,
    0x00, 0x00, 0x00, 0x00, 0x00, 0x00, 0x00, 0x00, 0x00, 0x00, 0x00, 0x00, 0x00, 0x00, 0x00, 0x00,
    0x00, 0x00, 0x00, 0x00, 0x00, 0x00, 0x00, 0x00, 0x00, 0x00, 0x00, 0x00, 0x00, 0x00, 0x00, 0x00,
    0x00, 0x00, 0x00, 0x00, 0x00, 0x00, 0x00, 0x00, 0x00, 0x00, 0x00, 0x00, 0x00, 0x00, 0x00, 0x00,
    0x00, 0x00, 0x00, 0x00, 0x00, 0x00, 0x00, 0x00, 0x00, 0x00, 0x00, 0x00, 0x00, 0x00, 0x00, 0x00,
    0x00, 0x00, 0x00, 0x00, 0x00, 0x00, 0x00, 0x00, 0x00, 0x00, 0x00, 0x00, 0x00, 0x00, 0x00, 0x00,
    0x00, 0x00, 0x00, 0x00, 0x00, 0x00, 0x00, 0x00, 0x00, 0x00, 0x00, 0x00, 0x00, 0x00, 0x00, 0x00,
    0x00, 0x00, 0x00, 0x00, 0x00, 0x00, 0x00, 0x00, 0x00, 0x00, 0x00, 0x00, 0x00, 0x00, 0x00, 0x00,
    0x00, 0x00, 0x00, 0x00, 0x00, 0x00, 0x00, 0x00, 0x00, 0x00, 0x00, 0x00, 0x00, 0x00, 0x00, 0x00,
    0x00, 0x00, 0x00, 0x00, 0x00, 0x00, 0x00, 0x00, 0x00, 0x00, 0x00, 0x00, 0x00, 0x00, 0x00, 0x00,
    0x00, 0x00, 0x00, 0x00, 0x00, 0x00, 0x00, 0x00, 0x00, 0x00, 0x00, 0x00, 0x00, 0x00, 0x00, 0x00,
    0x00, 0x00, 0x00, 0x00, 0x00, 0x00, 0x00, 0x00, 0x00, 0x00, 0x00, 0x00, 0x00, 0x00, 0x00, 0x00,
    0x00, 0x00, 0x00, 0x00, 0x00, 0x00, 0x00, 0x00, 0x00, 0x00, 0x00, 0x00, 0x00, 0x00, 0x00, 0x00,
    0x00, 0x00, 0x00, 0x00, 0x00, 0x00, 0x00, 0x00, 0x00, 0x00, 0x00, 0x00, 0x00, 0x00, 0x00, 0x00,
    0x00, 0x00, 0x00, 0x00, 0x00, 0x00, 0x00, 0x00, 0x00, 0x00, 0x00, 0x00, 0x00, 0x00, 0x00, 0x00,
    0x00, 0x00, 0x00, 0x00, 0x00, 0x00, 0x00, 0x00, 0x00, 0x00, 0x00, 0x00, 0x00, 0x00, 0x00, 0x00,
    0x00, 0x00, 0x00, 0x00, 0x00, 0x00, 0x00, 0x00, 0x00, 0x00, 0x00, 0x00, 0x00, 0x00, 0x00, 0x00,
    0x00, 0x00, 0x00, 0x00, 0x00, 0x00, 0x00, 0x00, 0x00, 0x00, 0x00, 0x00, 0x00, 0x00, 0x00, 0x00,
    0x00, 0x00, 0x00, 0x00, 0x00, 0x00, 0x00, 0x00, 0x00, 0x00, 0x00, 0x00, 0x00, 0x00, 0x00, 0x00,
    0x00, 0x00, 0x00, 0x00, 0x00, 0x00, 0x00, 0x00, 0x00, 0x00, 0x00, 0x00, 0x00, 0x00, 0x00, 0x00,
    0x00, 0x00, 0x00, 0x00, 0x00, 0x00, 0x00, 0x00, 0x00, 0x00, 0x00, 0x00, 0x00, 0x00, 0x00, 0x00,
    0x00, 0x00, 0x00, 0x00, 0x00, 0x00, 0x00, 0x00, 0x00, 0x00, 0x00, 0x00, 0x00, 0x00, 0x00, 0x00,
    0x00, 0x00, 0x00, 0x00, 0x00, 0x00, 0x00, 0x00, 0x00, 0x00, 0x00, 0x00, 0x00, 0x00, 0x00, 0x00,
    0x00, 0x00, 0x00, 0x00, 0x00, 0x00, 0x00, 0x00, 0x00, 0x00, 0x00, 0x00, 0x00, 0x00, 0x00, 0x00,
    0x00, 0x00, 0x00, 0x00, 0x00, 0x00, 0x00, 0x00, 0x00, 0x00, 0x00, 0x00, 0x00, 0x00, 0x00, 0x00,
    0x00, 0x00, 0x00, 0x00, 0x00, 0x00, 0x00, 0x00, 0x00, 0x00, 0x00, 0x00, 0x00, 0x00, 0x00, 0x00,
    0x00, 0x00, 0x00, 0x00, 0x00, 0x00, 0x00, 0x00, 0x00, 0x00, 0x00, 0x00, 0x00, 0x00, 0x00, 0x00,
    0x00, 0x00, 0x00, 0x00, 0x00, 0x00, 0x00, 0x00, 0x00, 0x00, 0x00, 0x00, 0x00, 0x00, 0x00, 0x00,
    0x00, 0x00, 0x00, 0x00, 0x00, 0x00, 0x00, 0x00, 0x00, 0x00, 0x00, 0x00, 0x00, 0x00, 0x00, 0x00,
    0x00, 0x00, 0x00, 0x00, 0x00, 0x00, 0x00, 0x00, 0x00, 0x00, 0x00, 0x00, 0x00, 0x00, 0x00, 0x00,
    0x00, 0x00, 0x00, 0x00, 0x00, 0x00, 0x00, 0x00, 0x00, 0x00, 0x00, 0x00, 0x00, 0x00, 0x00, 0x00,
    0x00, 0x00, 0x00, 0x00, 0x00, 0x00, 0x00, 0x00, 0x00, 0x00, 0x00, 0x00, 0x00, 0x00, 0x00, 0x00,
    0x00, 0x00, 0x00, 0x00, 0x00, 0x00, 0x00, 0x00, 0x00, 0x00, 0x00, 0x00, 0x00, 0x00, 0x00, 0x00,
    0x00, 0x00, 0x00, 0x00, 0x00, 0x00, 0x00, 0x00, 0x00, 0x00, 0x00, 0x00, 0x00, 0x00, 0x00, 0x00,
    0x00, 0x00, 0x00, 0x00, 0x00, 0x00, 0x00, 0x00, 0x00, 0x00, 0x00, 0x00, 0x00, 0x00, 0x00, 0x00,
    0x00, 0x00, 0x00, 0x00, 0x00, 0x00, 0x00, 0x00, 0x00, 0x00, 0x00, 0x00, 0x00, 0x00, 0x00, 0x00,
    0x00, 0x00, 0x00, 0x00, 0x00, 0x00, 0x00, 0x00, 0x00, 0x00, 0x00, 0x00, 0x00, 0x00, 0x00, 0x00,
    0x00, 0x00, 0x00, 0x00, 0x00, 0x00, 0x00, 0x00, 0x00, 0x00, 0x00, 0x00, 0x00, 0x00, 0x00, 0x00,
    0x00, 0x00, 0x00, 0x00, 0x00, 0x00, 0x00, 0x00, 0x00, 0x00, 0x00, 0x00, 0x00, 0x00, 0x00, 0x00,
    0x00, 0x00, 0x00, 0x00, 0x3F, 0x3F, 0x3F, 0x04, 0x00, 0x00, 0x00, 0x00, 0x2B, 0x2B, 0x2B, 0x2F,
    0x2C, 0x2C, 0x2C, 0xE7, 0x2B, 0x2B, 0x2B, 0xAF, 0x00, 0x00, 0x00, 0x00, 0x00, 0x00, 0x00, 0x00,
    0x00, 0x00, 0x00, 0x04, 0x00, 0x00, 0x00, 0x00, 0x00, 0x00, 0x00, 0x00, 0x00, 0x00, 0x00, 0x00,
    0x00, 0x00, 0x00, 0x00, 0x00, 0x00, 0x00, 0x00, 0x00, 0x00, 0x00, 0x00, 0x00, 0x00, 0x00, 0x00,
    0x00, 0x00, 0x00, 0x00, 0x00, 0x00, 0x00, 0x00, 0x00, 0x00, 0x00, 0x00, 0x00, 0x00, 0x00, 0x00,
    0x00, 0x00, 0x00, 0x00, 0x00, 0x00, 0x00, 0x00, 0x00, 0x00, 0x00, 0x00, 0x00, 0x00, 0x00, 0x00,
    0xFF, 0x00, 0x00, 0x01, 0xFF, 0xFF, 0x00, 0x01, 0xFF, 0x91, 0x24, 0x07, 0xFA, 0x89, 0x12, 0xCE,
    0xFF, 0x8F, 0x13, 0xFF, 0xFE, 0x8D, 0x12, 0xFF, 0xF9, 0x88, 0x11, 0x58, 0x00, 0x00, 0x00, 0x00,
    0xFF, 0x89, 0x13, 0x0D, 0xFC, 0x8A, 0x12, 0x55, 0xFC, 0x8A, 0x12, 0xB2, 0xFB, 0x8B, 0x11, 0xF2,
    0xFF, 0x94, 0x14, 0xFF, 0xFF, 0x97, 0x14, 0xFF, 0xFB, 0x8B, 0x12, 0xF3, 0xFD, 0x8C, 0x12, 0x99,
    0xF9, 0x89, 0x0F, 0x32, 0x00, 0x00, 0x00, 0x00, 0x00, 0x00, 0x00, 0x00, 0xFF, 0xFF, 0x00, 0x01,
    0xAA, 0x55, 0x00, 0x03, 0x00, 0x00, 0x00, 0x00, 0x00, 0x00, 0x00, 0x00, 0x00, 0x00, 0x00, 0x00,
    0x00, 0x00, 0x00, 0x00, 0x00, 0x00, 0x00, 0x02, 0x00, 0x00, 0x00, 0x03, 0x00, 0x00, 0x00, 0x00,
    0x29, 0x29, 0x29, 0x44, 0x2C, 0x2C, 0x2C, 0xF9, 0x2B, 0x2B, 0x2B, 0xA6, 0x2A, 0x2A, 0x2A, 0x06,
    0x00, 0x00, 0x00, 0x00, 0x00, 0x00, 0x00, 0x02, 0x00, 0x00, 0x00, 0x00, 0x00, 0x00, 0x00, 0x00,
    0x00, 0x00, 0x00, 0x00, 0x00, 0x00, 0x00, 0x00, 0x00, 0x00, 0x00, 0x00, 0x00, 0x00, 0x00, 0x00,
    0x00, 0x00, 0x00, 0x00, 0x00, 0x00, 0x00, 0x00, 0x00, 0x00, 0x00, 0x00, 0x00, 0x00, 0x00, 0x00,
    0x00, 0x00, 0x00, 0x00, 0x00, 0x00, 0x00, 0x00, 0x00, 0x00, 0x00, 0x00, 0x00, 0x00, 0x00, 0x00,
    0x00, 0x00, 0x00, 0x00, 0x00, 0x00, 0x00, 0x00, 0x00, 0x00, 0x00, 0x00, 0x00, 0x00, 0x00, 0x00,
    0x00, 0x00, 0x00, 0x00, 0x00, 0x00, 0x00, 0x00, 0x00, 0x00, 0x00, 0x00, 0x00, 0x00, 0x00, 0x00,
    0x00, 0x00, 0x00, 0x00, 0x00, 0x00, 0x00, 0x00, 0x00, 0x00, 0x00, 0x00, 0x00, 0x00, 0x00, 0x00,
    0x00, 0x00, 0x00, 0x00, 0x00, 0x00, 0x00, 0x00, 0x00, 0x00, 0x00, 0x00, 0x00, 0x00, 0x00, 0x00,
    0x00, 0x00, 0x00, 0x00, 0x00, 0x00, 0x00, 0x00, 0x00, 0x00, 0x00, 0x00, 0x00, 0x00, 0x00, 0x00,
    0x00, 0x00, 0x00, 0x00, 0x00, 0x00, 0x00, 0x00, 0x00, 0x00, 0x00, 0x00, 0x00, 0x00, 0x00, 0x00,
    0x00, 0x00, 0x00, 0x00, 0x00, 0x00, 0x00, 0x00, 0x00, 0x00, 0x00, 0x00, 0x00, 0x00, 0x00, 0x00,
    0x00, 0x00, 0x00, 0x00, 0x00, 0x00, 0x00, 0x00, 0x00, 0x00, 0x00, 0x00, 0x00, 0x00, 0x00, 0x00,
    0x00, 0x00, 0x00, 0x00, 0x00, 0x00, 0x00, 0x00, 0x00, 0x00, 0x00, 0x00, 0x00, 0x00, 0x00, 0x00,
    0x00, 0x00, 0x00, 0x00, 0x00, 0x00, 0x00, 0x00, 0x00, 0x00, 0x00, 0x00, 0x00, 0x00, 0x00, 0x00,
    0x00, 0x00, 0x00, 0x00, 0x00, 0x00, 0x00, 0x00, 0x00, 0x00, 0x00, 0x00, 0x00, 0x00, 0x00, 0x00,
    0x00, 0x00, 0x00, 0x00, 0x00, 0x00, 0x00, 0x00, 0x00, 0x00, 0x00, 0x00, 0x00, 0x00, 0x00, 0x00,
    0x00, 0x00, 0x00, 0x00, 0x00, 0x00, 0x00, 0x00, 0x00, 0x00, 0x00, 0x00, 0x00, 0x00, 0x00, 0x00,
    0x00, 0x00, 0x00, 0x00, 0x00, 0x00, 0x00, 0x00, 0x00, 0x00, 0x00, 0x00, 0x00, 0x00, 0x00, 0x00,
    0x00, 0x00, 0x00, 0x00, 0x00, 0x00, 0x00, 0x00, 0x00, 0x00, 0x00, 0x00, 0x00, 0x00, 0x00, 0x00,
    0x00, 0x00, 0x00, 0x00, 0x00, 0x00, 0x00, 0x00, 0x00, 0x00, 0x00, 0x00, 0x00, 0x00, 0x00, 0x00,
    0x00, 0x00, 0x00, 0x00, 0x00, 0x00, 0x00, 0x00, 0x00, 0x00, 0x00, 0x00, 0x00, 0x00, 0x00, 0x00,
    0x00, 0x00, 0x00, 0x00, 0x00, 0x00, 0x00, 0x00, 0x00, 0x00, 0x00, 0x00, 0x00, 0x00, 0x00, 0x00,
    0x00, 0x00, 0x00, 0x00, 0x00, 0x00, 0x00, 0x00, 0x00, 0x00, 0x00, 0x00, 0x00, 0x00, 0x00, 0x00,
    0x00, 0x00, 0x00, 0x00, 0x00, 0x00, 0x00, 0x00, 0x00, 0x00, 0x00, 0x00, 0x00, 0x00, 0x00, 0x00,
    0x00, 0x00, 0x00, 0x00, 0x00, 0x00, 0x00, 0x00, 0x00, 0x00, 0x00, 0x00, 0x00, 0x00, 0x00, 0x00,
    0x00, 0x00, 0x00, 0x00, 0x00, 0x00, 0x00, 0x00, 0x00, 0x00, 0x00, 0x00, 0x00, 0x00, 0x00, 0x00,
    0x00, 0x00, 0x00, 0x00, 0x00, 0x00, 0x00, 0x00, 0x00, 0x00, 0x00, 0x00, 0x00, 0x00, 0x00, 0x00,
    0x00, 0x00, 0x00, 0x00, 0x00, 0x00, 0x00, 0x00, 0x00, 0x00, 0x00, 0x00, 0x00, 0x00, 0x00, 0x00,
    0x00, 0x00, 0x00, 0x00, 0x00, 0x00, 0x00, 0x00, 0x00, 0x00, 0x00, 0x00, 0x00, 0x00, 0x00, 0x00,
    0x00, 0x00, 0x00, 0x00, 0x00, 0x00, 0x00, 0x00, 0x00, 0x00, 0x00, 0x00, 0x00, 0x00, 0x00, 0x00,
    0x00, 0x00, 0x00, 0x00, 0x00, 0x00, 0x00, 0x00, 0x00, 0x00, 0x00, 0x00, 0x00, 0x00, 0x00, 0x00,
    0x00, 0x00, 0x00, 0x00, 0x00, 0x00, 0x00, 0x00, 0x00, 0x00, 0x00, 0x00, 0x00, 0x00, 0x00, 0x00,
    0x00, 0x00, 0x00, 0x00, 0x00, 0x00, 0x00, 0x00, 0x00, 0x00, 0x00, 0x00, 0x00, 0x00, 0x00, 0x00,
    0x00, 0x00, 0x00, 0x00, 0x00, 0x00, 0x00, 0x00, 0x00, 0x00, 0x00, 0x00, 0x00, 0x00, 0x00, 0x00,
    0x00, 0x00, 0x00, 0x00, 0x00, 0x00, 0x00, 0x00, 0x00, 0x00, 0x00, 0x00, 0x00, 0x00, 0x00, 0x00,
    0x00, 0x00, 0x00, 0x00, 0x00, 0x00, 0x00, 0x00, 0x00, 0x00, 0x00, 0x00, 0x00, 0x00, 0x00, 0x00,
    0x00, 0x00, 0x00, 0x00, 0x00, 0x00, 0x00, 0x00, 0x00, 0x00, 0x00, 0x00, 0x00, 0x00, 0x00, 0x00,
    0x00, 0x00, 0x00, 0x00, 0x00, 0x00, 0x00, 0x00, 0x00, 0x00, 0x00, 0x00, 0x00, 0x00, 0x00, 0x00,
    0x00, 0x00, 0x00, 0x00, 0x00, 0x00, 0x00, 0x00, 0x00, 0x00, 0x00, 0x00, 0x00, 0x00, 0x00, 0x00,
    0x00, 0x00, 0x00, 0x00, 0x00, 0x00, 0x00, 0x00, 0x00, 0x00, 0x00, 0x00, 0x00, 0x00, 0x00, 0x00,
    0x00, 0x00, 0x00, 0x00, 0x00, 0x00, 0x00, 0x00, 0x00, 0x00, 0x00, 0x00, 0x00, 0x00, 0x00, 0x00,
    0x00, 0x00, 0x00, 0x00, 0x00, 0x00, 0x00, 0x00, 0x00, 0x00, 0x00, 0x00, 0x00, 0x00, 0x00, 0x00,
    0x00, 0x00, 0x00, 0x00, 0x00, 0x00, 0x00, 0x00, 0x00, 0x00, 0x00, 0x00, 0x00, 0x00, 0x00, 0x00,
    0x00, 0x00, 0x00, 0x00, 0x00, 0x00, 0x00, 0x00, 0x00, 0x00, 0x00, 0x00, 0x00, 0x00, 0x00, 0x00,
    0x00, 0x00, 0x00, 0x00, 0x00, 0x00, 0x00, 0x00, 0x00, 0x00, 0x00, 0x00, 0x00, 0x00, 0x00, 0x00,
    0x00, 0x00, 0x00, 0x00, 0x00, 0x00, 0x00, 0x00, 0x00, 0x00, 0x00, 0x00, 0x00, 0x00, 0x00, 0x00,
    0x00, 0x00, 0x00, 0x00, 0x00, 0x00, 0x00, 0x00, 0x00, 0x00, 0x00, 0x03, 0x00, 0x00, 0x00, 0x00,
    0x2E, 0x2E, 0x2E, 0x16, 0x2B, 0x2B, 0x2B, 0xC9, 0x2A, 0x2A, 0x2A, 0xC6, 0x27, 0x27, 0x27, 0x1A,
    0x00, 0x00, 0x00, 0x00, 0x00, 0x00, 0x00, 0x04, 0x00, 0x00, 0x00, 0x01, 0x00, 0x00, 0x00, 0x00,
    0x00, 0x00, 0x00, 0x00, 0x00, 0x00, 0x00, 0x00, 0x00, 0x00, 0x00, 0x00, 0x00, 0x00, 0x00, 0x00,
    0x00, 0x00, 0x00, 0x00, 0x00, 0x00, 0x00, 0x00, 0x00, 0x00, 0x00, 0x00, 0x00, 0x00, 0x00, 0x00,
    0x00, 0x00, 0x00, 0x00, 0x00, 0x00, 0x00, 0x00, 0x00, 0x00, 0x00, 0x00, 0x00, 0x00, 0x00, 0x00,
    0xFF, 0xAA, 0x00, 0x03, 0x00, 0x00, 0x00, 0x00, 0xF9, 0x8A, 0x12, 0x60, 0xFD, 0x8D, 0x13, 0xFF,
    0xFF, 0x90, 0x13, 0xFF, 0xFA, 0x89, 0x12, 0xB7, 0x00, 0x00, 0x00, 0x00, 0xFF, 0x7F, 0x00, 0x04,
    0x00, 0x00, 0x00, 0x00, 0x00, 0x00, 0x00, 0x00, 0x00, 0x00, 0x00, 0x00, 0xFF, 0x88, 0x11, 0x2B,
    0xFD, 0x8B, 0x13, 0x84, 0xFC, 0x8B, 0x12, 0xD4, 0xFF, 0x90, 0x13, 0xFF, 0xFF, 0x9A, 0x14, 0xFF,
    0xFB, 0x8C, 0x12, 0xFB, 0xFA, 0x8A, 0x10, 0xA6, 0xFA, 0x88, 0x12, 0x36, 0x00, 0x00, 0x00, 0x00,
    0x00, 0x00, 0x00, 0x00, 0x00, 0x00, 0x00, 0x00, 0xFF, 0xAA, 0x00, 0x03, 0xFF, 0x00, 0x00, 0x01,
    0x00, 0x00, 0x00, 0x00, 0x00, 0x00, 0x00, 0x00, 0x00, 0x00, 0x00, 0x00, 0x00, 0x00, 0x00, 0x04,
    0x00, 0x00, 0x00, 0x00, 0x26, 0x26, 0x26, 0x2E, 0x2B, 0x2B, 0x2B, 0xE6, 0x2B, 0x2B, 0x2B, 0xC7,
    0x24, 0x24, 0x24, 0x0E, 0x00, 0x00, 0x00, 0x00, 0x00, 0x00, 0x00, 0x02, 0x00, 0x00, 0x00, 0x00,
    0x00, 0x00, 0x00, 0x00, 0x00, 0x00, 0x00, 0x00, 0x00, 0x00, 0x00, 0x00, 0x00, 0x00, 0x00, 0x00,
    0x00, 0x00, 0x00, 0x00, 0x00, 0x00, 0x00, 0x00, 0x00, 0x00, 0x00, 0x00, 0x00, 0x00, 0x00, 0x00,
    0x00, 0x00, 0x00, 0x00, 0x00, 0x00, 0x00, 0x00, 0x00, 0x00, 0x00, 0x00, 0x00, 0x00, 0x00, 0x00,
    0x00, 0x00, 0x00, 0x00, 0x00, 0x00, 0x00, 0x00, 0x00, 0x00, 0x00, 0x00, 0x00, 0x00, 0x00, 0x00,
    0x00, 0x00, 0x00, 0x00, 0x00, 0x00, 0x00, 0x00, 0x00, 0x00, 0x00, 0x00, 0x00, 0x00, 0x00, 0x00,
    0x00, 0x00, 0x00, 0x00, 0x00, 0x00, 0x00, 0x00, 0x00, 0x00, 0x00, 0x00, 0x00, 0x00, 0x00, 0x00,
    0x00, 0x00, 0x00, 0x00, 0x00, 0x00, 0x00, 0x00, 0x00, 0x00, 0x00, 0x00, 0x00, 0x00, 0x00, 0x00,
    0x00, 0x00, 0x00, 0x00, 0x00, 0x00, 0x00, 0x00, 0x00, 0x00, 0x00, 0x00, 0x00, 0x00, 0x00, 0x00,
    0x00, 0x00, 0x00, 0x00, 0x00, 0x00, 0x00, 0x00, 0x00, 0x00, 0x00, 0x00, 0x00, 0x00, 0x00, 0x00,
    0x00, 0x00, 0x00, 0x00, 0x00, 0x00, 0x00, 0x00, 0x00, 0x00, 0x00, 0x00, 0x00, 0x00, 0x00, 0x00,
    0x00, 0x00, 0x00, 0x00, 0x00, 0x00, 0x00, 0x00, 0x00, 0x00, 0x00, 0x00, 0x00, 0x00, 0x00, 0x00,
    0x00, 0x00, 0x00, 0x00, 0x00, 0x00, 0x00, 0x00, 0x00, 0x00, 0x00, 0x00, 0x00, 0x00, 0x00, 0x00,
    0x00, 0x00, 0x00, 0x00, 0x00, 0x00, 0x00, 0x00, 0x00, 0x00, 0x00, 0x00, 0x00, 0x00, 0x00, 0x00,
    0x00, 0x00, 0x00, 0x00, 0x00, 0x00, 0x00, 0x00, 0x00, 0x00, 0x00, 0x00, 0x00, 0x00, 0x00, 0x00,
    0x00, 0x00, 0x00, 0x00, 0x00, 0x00, 0x00, 0x00, 0x00, 0x00, 0x00, 0x00, 0x00, 0x00, 0x00, 0x00,
    0x00, 0x00, 0x00, 0x00, 0x00, 0x00, 0x00, 0x00, 0x00, 0x00, 0x00, 0x00, 0x00, 0x00, 0x00, 0x00,
    0x00, 0x00, 0x00, 0x00, 0x00, 0x00, 0x00, 0x00, 0x00, 0x00, 0x00, 0x00, 0x00, 0x00, 0x00, 0x00,
    0x00, 0x00, 0x00, 0x00, 0x00, 0x00, 0x00, 0x00, 0x00, 0x00, 0x00, 0x00, 0x00, 0x00, 0x00, 0x00,
    0x00, 0x00, 0x00, 0x00, 0x00, 0x00, 0x00, 0x00, 0x00, 0x00, 0x00, 0x00, 0x00, 0x00, 0x00, 0x00,
    0x00, 0x00, 0x00, 0x00, 0x00, 0x00, 0x00, 0x00, 0x00, 0x00, 0x00, 0x00, 0x00, 0x00, 0x00, 0x00,
    0x00, 0x00, 0x00, 0x00, 0x00, 0x00, 0x00, 0x00, 0x00, 0x00, 0x00, 0x00, 0x00, 0x00, 0x00, 0x00,
    0x00, 0x00, 0x00, 0x00, 0x00, 0x00, 0x00, 0x00, 0x00, 0x00, 0x00, 0x00, 0x00, 0x00, 0x00, 0x00,
    0x00, 0x00, 0x00, 0x00, 0x00, 0x00, 0x00, 0x00, 0x00, 0x00, 0x00, 0x00, 0x00, 0x00, 0x00, 0x00,
    0x00, 0x00, 0x00, 0x00, 0x00, 0x00, 0x00, 0x00, 0x00, 0x00, 0x00, 0x00, 0x00, 0x00, 0x00, 0x00,
    0x00, 0x00, 0x00, 0x00, 0x00, 0x00, 0x00, 0x00, 0x00, 0x00, 0x00, 0x00, 0x00, 0x00, 0x00, 0x00,
    0x00, 0x00, 0x00, 0x00, 0x00, 0x00, 0x00, 0x00, 0x00, 0x00, 0x00, 0x00, 0x00, 0x00, 0x00, 0x00,
    0x00, 0x00, 0x00, 0x00, 0x00, 0x00, 0x00, 0x00, 0x00, 0x00, 0x00, 0x00, 0x00, 0x00, 0x00, 0x00,
    0x00, 0x00, 0x00, 0x00, 0x00, 0x00, 0x00, 0x00, 0x00, 0x00, 0x00, 0x00, 0x00, 0x00, 0x00, 0x00,
    0x00, 0x00, 0x00, 0x00, 0x00, 0x00, 0x00, 0x00, 0x00, 0x00, 0x00, 0x00, 0x00, 0x00, 0x00, 0x00,
    0x00, 0x00, 0x00, 0x00, 0x00, 0x00, 0x00, 0x00, 0x00, 0x00, 0x00, 0x00, 0x00, 0x00, 0x00, 0x00,
    0x00, 0x00, 0x00, 0x00, 0x00, 0x00, 0x00, 0x00, 0x00, 0x00, 0x00, 0x00, 0x00, 0x00, 0x00, 0x00,
    0x00, 0x00, 0x00, 0x00, 0x00, 0x00, 0x00, 0x00, 0x00, 0x00, 0x00, 0x00, 0x00, 0x00, 0x00, 0x00,
    0x00, 0x00, 0x00, 0x00, 0x00, 0x00, 0x00, 0x00, 0x00, 0x00, 0x00, 0x00, 0x00, 0x00, 0x00, 0x00,
    0x00, 0x00, 0x00, 0x00, 0x00, 0x00, 0x00, 0x00, 0x00, 0x00, 0x00, 0x00, 0x00, 0x00, 0x00, 0x00,
    0x00, 0x00, 0x00, 0x00, 0x00, 0x00, 0x00, 0x00, 0x00, 0x00, 0x00, 0x00, 0x00, 0x00, 0x00, 0x00,
    0x00, 0x00, 0x00, 0x00, 0x00, 0x00, 0x00, 0x00, 0x00, 0x00, 0x00, 0x00, 0x00, 0x00, 0x00, 0x00,
    0x00, 0x00, 0x00, 0x00, 0x00, 0x00, 0x00, 0x00, 0x00, 0x00, 0x00, 0x00, 0x00, 0x00, 0x00, 0x00,
    0x00, 0x00, 0x00, 0x00, 0x00, 0x00, 0x00, 0x00, 0x00, 0x00, 0x00, 0x00, 0x00, 0x00, 0x00, 0x00,
    0x00, 0x00, 0x00, 0x00, 0x00, 0x00, 0x00, 0x00, 0x00, 0x00, 0x00, 0x00, 0x00, 0x00, 0x00, 0x00,
    0x00, 0x00, 0x00, 0x00, 0x00, 0x00, 0x00, 0x00, 0x00, 0x00, 0x00, 0x00, 0x00, 0x00, 0x00, 0x00,
    0x00, 0x00, 0x00, 0x00, 0x00, 0x00, 0x00, 0x00, 0x00, 0x00, 0x00, 0x00, 0x00, 0x00, 0x00, 0x00,
    0x00, 0x00, 0x00, 0x00, 0x00, 0x00, 0x00, 0x00, 0x00, 0x00, 0x00, 0x00, 0x00, 0x00, 0x00, 0x00,
    0x00, 0x00, 0x00, 0x00, 0x00, 0x00, 0x00, 0x00, 0x00, 0x00, 0x00, 0x00, 0x00, 0x00, 0x00, 0x00,
    0x00, 0x00, 0x00, 0x00, 0x00, 0x00, 0x00, 0x00, 0x00, 0x00, 0x00, 0x00, 0x00, 0x00, 0x00, 0x00,
    0x00, 0x00, 0x00, 0x00, 0x00, 0x00, 0x00, 0x00, 0x00, 0x00, 0x00, 0x00, 0x00, 0x00, 0x00, 0x00,
    0x00, 0x00, 0x00, 0x00, 0x00, 0x00, 0x00, 0x00, 0x00, 0x00, 0x00, 0x00, 0x00, 0x00, 0x00, 0x03,
    0x00, 0x00, 0x00, 0x00, 0x00, 0x00, 0x00, 0x01, 0x2B, 0x2B, 0x2B, 0x8E, 0x2A, 0x2A, 0x2A, 0xE2,
    0x2C, 0x2C, 0x2C, 0x50, 0x00, 0x00, 0x00, 0x00, 0x00, 0x00, 0x00, 0x00, 0x00, 0x00, 0x00, 0x03,
    0x00, 0x00, 0x00, 0x00, 0x00, 0x00, 0x00, 0x00, 0x00, 0x00, 0x00, 0x00, 0x00, 0x00, 0x00, 0x00,
    0x00, 0x00, 0x00, 0x00, 0x00, 0x00, 0x00, 0x00, 0x00, 0x00, 0x00, 0x00, 0x00, 0x00, 0x00, 0x00,
    0x00, 0x00, 0x00, 0x00, 0x00, 0x00, 0x00, 0x00, 0x00, 0x00, 0x00, 0x00, 0xFF, 0xFF, 0x00, 0x01,
    0xFF, 0xFF, 0x00, 0x01, 0xFF, 0x94, 0x15, 0x0C, 0xFA, 0x88, 0x11, 0xD8, 0xFF, 0x91, 0x13, 0xFD,
    0xFB, 0x8B, 0x12, 0xF2, 0xF9, 0x8A, 0x16, 0x2E, 0x00, 0x00, 0x00, 0x00, 0xFF, 0x7F, 0x00, 0x02,
    0xFF, 0x00, 0x00, 0x01, 0xFF, 0xAA, 0x00, 0x03, 0xFF, 0xFF, 0x00, 0x01, 0x00, 0x00, 0x00, 0x00,
    0x00, 0x00, 0x00, 0x00, 0xFF, 0x89, 0x13, 0x0D, 0xF9, 0x8B, 0x11, 0x56, 0xFA, 0x8A, 0x11, 0xAD,
    0xFB, 0x8B, 0x12, 0xF7, 0xFF, 0x9A, 0x14, 0xFF, 0xFF, 0x8E, 0x12, 0xFF, 0xFC, 0x8B, 0x11, 0xAF,
    0xFB, 0x8B, 0x0F, 0x42, 0x00, 0x00, 0x00, 0x00, 0x00, 0x00, 0x00, 0x00, 0x00, 0x00, 0x00, 0x00,
    0xFF, 0xAA, 0x00, 0x03, 0xFF, 0x00, 0x00, 0x01, 0x00, 0x00, 0x00, 0x00, 0x00, 0x00, 0x00, 0x00,
    0x00, 0x00, 0x00, 0x03, 0x00, 0x00, 0x00, 0x00, 0x26, 0x26, 0x26, 0x21, 0x2B, 0x2B, 0x2B, 0xE1,
    0x2B, 0x2B, 0x2B, 0xCB, 0x22, 0x22, 0x22, 0x16, 0x00, 0x00, 0x00, 0x00, 0x00, 0x00, 0x00, 0x02,
    0x00, 0x00, 0x00, 0x00, 0x00, 0x00, 0x00, 0x00, 0x00, 0x00, 0x00, 0x00, 0x00, 0x00, 0x00, 0x00,
    0x00, 0x00, 0x00, 0x00, 0x00, 0x00, 0x00, 0x00, 0x00, 0x00, 0x00, 0x00, 0x00, 0x00, 0x00, 0x00,
    0x00, 0x00, 0x00, 0x00, 0x00, 0x00, 0x00, 0x00, 0x00, 0x00, 0x00, 0x00, 0x00, 0x00, 0x00, 0x00,
    0x00, 0x00, 0x00, 0x00, 0x00, 0x00, 0x00, 0x00, 0x00, 0x00, 0x00, 0x00, 0x00, 0x00, 0x00, 0x00,
    0x00, 0x00, 0x00, 0x00, 0x00, 0x00, 0x00, 0x00, 0x00, 0x00, 0x00, 0x00, 0x00, 0x00, 0x00, 0x00,
    0x00, 0x00, 0x00, 0x00, 0x00, 0x00, 0x00, 0x00, 0x00, 0x00, 0x00, 0x00, 0x00, 0x00, 0x00, 0x00,
    0x00, 0x00, 0x00, 0x00, 0x00, 0x00, 0x00, 0x00, 0x00, 0x00, 0x00, 0x00, 0x00, 0x00, 0x00, 0x00,
    0x00, 0x00, 0x00, 0x00, 0x00, 0x00, 0x00, 0x00, 0x00, 0x00, 0x00, 0x00, 0x00, 0x00, 0x00, 0x00,
    0x00, 0x00, 0x00, 0x00, 0x00, 0x00, 0x00, 0x00, 0x00, 0x00, 0x00, 0x00, 0x00, 0x00, 0x00, 0x00,
    0x00, 0x00, 0x00, 0x00, 0x00, 0x00, 0x00, 0x00, 0x00, 0x00, 0x00, 0x00, 0x00, 0x00, 0x00, 0x00,
    0x00, 0x00, 0x00, 0x00, 0x00, 0x00, 0x00, 0x00, 0x00, 0x00, 0x00, 0x00, 0x00, 0x00, 0x00, 0x00,
    0x00, 0x00, 0x00, 0x00, 0x00, 0x00, 0x00, 0x00, 0x00, 0x00, 0x00, 0x00, 0x00, 0x00, 0x00, 0x00,
    0x00, 0x00, 0x00, 0x00, 0x00, 0x00, 0x00, 0x00, 0x00, 0x00, 0x00, 0x00, 0x00, 0x00, 0x00, 0x00,
    0x00, 0x00, 0x00, 0x00, 0x00, 0x00, 0x00, 0x00, 0x00, 0x00, 0x00, 0x00, 0x00, 0x00, 0x00, 0x00,
    0x00, 0x00, 0x00, 0x00, 0x00, 0x00, 0x00, 0x00, 0x00, 0x00, 0x00, 0x00, 0x00, 0x00, 0x00, 0x00,
    0x00, 0x00, 0x00, 0x00, 0x00, 0x00, 0x00, 0x00, 0x00, 0x00, 0x00, 0x00, 0x00, 0x00, 0x00, 0x00,
    0x00, 0x00, 0x00, 0x00, 0x00, 0x00, 0x00, 0x00, 0x00, 0x00, 0x00, 0x00, 0x00, 0x00, 0x00, 0x00,
    0x00, 0x00, 0x00, 0x00, 0x00, 0x00, 0x00, 0x00, 0x00, 0x00, 0x00, 0x00, 0x00, 0x00, 0x00, 0x00,
    0x00, 0x00, 0x00, 0x00, 0x00, 0x00, 0x00, 0x00, 0x00, 0x00, 0x00, 0x00, 0x00, 0x00, 0x00, 0x00,
    0x00, 0x00, 0x00, 0x00, 0x00, 0x00, 0x00, 0x00, 0x00, 0x00, 0x00, 0x00, 0x00, 0x00, 0x00, 0x00,
    0x00, 0x00, 0x00, 0x00, 0x00, 0x00, 0x00, 0x00, 0x00, 0x00, 0x00, 0x00, 0x00, 0x00, 0x00, 0x00,
    0x00, 0x00, 0x00, 0x00, 0x00, 0x00, 0x00, 0x00, 0x00, 0x00, 0x00, 0x00, 0x00, 0x00, 0x00, 0x00,
    0x00, 0x00, 0x00, 0x00, 0x00, 0x00, 0x00, 0x00, 0x00, 0x00, 0x00, 0x00, 0x00, 0x00, 0x00, 0x00,
    0x00, 0x00, 0x00, 0x00, 0x00, 0x00, 0x00, 0x00, 0x00, 0x00, 0x00, 0x00, 0x00, 0x00, 0x00, 0x00,
    0x00, 0x00, 0x00, 0x00, 0x00, 0x00, 0x00, 0x00, 0x00, 0x00, 0x00, 0x00, 0x00, 0x00, 0x00, 0x00,
    0x00, 0x00, 0x00, 0x00, 0x00, 0x00, 0x00, 0x00, 0x00, 0x00, 0x00, 0x00, 0x00, 0x00, 0x00, 0x00,
    0x00, 0x00, 0x00, 0x00, 0x00, 0x00, 0x00, 0x00, 0x00, 0x00, 0x00, 0x00, 0x00, 0x00, 0x00, 0x00,
    0x00, 0x00, 0x00, 0x00, 0x00, 0x00, 0x00, 0x00, 0x00, 0x00, 0x00, 0x00, 0x00, 0x00, 0x00, 0x00,
    0x00, 0x00, 0x00, 0x00, 0x00, 0x00, 0x00, 0x00, 0x00, 0x00, 0x00, 0x00, 0x00, 0x00, 0x00, 0x00,
    0x00, 0x00, 0x00, 0x00, 0x00, 0x00, 0x00, 0x00, 0x00, 0x00, 0x00, 0x00, 0x00, 0x00, 0x00, 0x00,
    0x00, 0x00, 0x00, 0x00, 0x00, 0x00, 0x00, 0x00, 0x00, 0x00, 0x00, 0x00, 0x00, 0x00, 0x00, 0x00,
    0x00, 0x00, 0x00, 0x00, 0x00, 0x00, 0x00, 0x00, 0x00, 0x00, 0x00, 0x00, 0x00, 0x00, 0x00, 0x00,
    0x00, 0x00, 0x00, 0x00, 0x00, 0x00, 0x00, 0x00, 0x00, 0x00, 0x00, 0x00, 0x00, 0x00, 0x00, 0x00,
    0x00, 0x00, 0x00, 0x00, 0x00, 0x00, 0x00, 0x00, 0x00, 0x00, 0x00, 0x00, 0x00, 0x00, 0x00, 0x00,
    0x00, 0x00, 0x00, 0x00, 0x00, 0x00, 0x00, 0x00, 0x00, 0x00, 0x00, 0x00, 0x00, 0x00, 0x00, 0x00,
    0x00, 0x00, 0x00, 0x00, 0x00, 0x00, 0x00, 0x00, 0x00, 0x00, 0x00, 0x00, 0x00, 0x00, 0x00, 0x00,
    0x00, 0x00, 0x00, 0x00, 0x00, 0x00, 0x00, 0x00, 0x00, 0x00, 0x00, 0x00, 0x00, 0x00, 0x00, 0x00,
    0x00, 0x00, 0x00, 0x00, 0x00, 0x00, 0x00, 0x00, 0x00, 0x00, 0x00, 0x00, 0x00, 0x00, 0x00, 0x00,
    0x00, 0x00, 0x00, 0x00, 0x00, 0x00, 0x00, 0x00, 0x00, 0x00, 0x00, 0x00, 0x00, 0x00, 0x00, 0x00,
    0x00, 0x00, 0x00, 0x00, 0x00, 0x00, 0x00, 0x00, 0x00, 0x00, 0x00, 0x00, 0x00, 0x00, 0x00, 0x00,
    0x00, 0x00, 0x00, 0x00, 0x00, 0x00, 0x00, 0x00, 0x00, 0x00, 0x00, 0x00, 0x00, 0x00, 0x00, 0x00,
    0x00, 0x00, 0x00, 0x00, 0x00, 0x00, 0x00, 0x00, 0x00, 0x00, 0x00, 0x00, 0x00, 0x00, 0x00, 0x00,
    0x00, 0x00, 0x00, 0x00, 0x00, 0x00, 0x00, 0x00, 0x00, 0x00, 0x00, 0x00, 0x00, 0x00, 0x00, 0x00,
    0x00, 0x00, 0x00, 0x00, 0x00, 0x00, 0x00, 0x00, 0x00, 0x00, 0x00, 0x00, 0x00, 0x00, 0x00, 0x00,
    0x00, 0x00, 0x00, 0x00, 0x00, 0x00, 0x00, 0x00, 0x00, 0x00, 0x00, 0x00, 0x00, 0x00, 0x00, 0x00,
    0x00, 0x00, 0x00, 0x00, 0x00, 0x00, 0x00, 0x00, 0x00, 0x00, 0x00, 0x00, 0x00, 0x00, 0x00, 0x00,
    0x00, 0x00, 0x00, 0x02, 0x00, 0x00, 0x00, 0x01, 0x00, 0x00, 0x00, 0x00, 0x2A, 0x2A, 0x2A, 0x54,
    0x2B, 0x2B, 0x2B, 0xDD, 0x2C, 0x2C, 0x2C, 0x8B, 0x3F, 0x3F, 0x3F, 0x04, 0x00, 0x00, 0x00, 0x00,
    0x00, 0x00, 0x00, 0x03, 0x00, 0x00, 0x00, 0x02, 0x00, 0x00, 0x00, 0x00, 0x00, 0x00, 0x00, 0x00,
    0x00, 0x00, 0x00, 0x00, 0x00, 0x00, 0x00, 0x00, 0x00, 0x00, 0x00, 0x00, 0x00, 0x00, 0x00, 0x00,
    0x00, 0x00, 0x00, 0x00, 0x00, 0x00, 0x00, 0x00, 0x00, 0x00, 0x00, 0x00, 0xFF, 0x7F, 0x00, 0x02,
    0x00, 0x00, 0x00, 0x00, 0xFA, 0x8C, 0x13, 0x78, 0xFF, 0x8F, 0x13, 0xFF, 0xFF, 0x91, 0x13, 0xFF,
    0xF9, 0x88, 0x12, 0x88, 0x00, 0x00, 0x00, 0x00, 0xFF, 0x7F, 0x00, 0x02, 0x00, 0x00, 0x00, 0x00,
    0x00, 0x00, 0x00, 0x00, 0x00, 0x00, 0x00, 0x00, 0x00, 0x00, 0x00, 0x00, 0xFF, 0x7F, 0x00, 0x02,
    0xFF, 0xAA, 0x00, 0x03, 0x00, 0x00, 0x00, 0x00, 0x00, 0x00, 0x00, 0x00, 0x00, 0x00, 0x00, 0x00,
    0xF9, 0x8B, 0x11, 0x2C, 0xFA, 0x89, 0x12, 0x7E, 0xFC, 0x8A, 0x12, 0xD9, 0xFF, 0x96, 0x14, 0xFF,
    0xFF, 0x92, 0x13, 0xFF, 0xFC, 0x8B, 0x12, 0xBE, 0xF8, 0x8A, 0x0F, 0x51, 0xFF, 0xFF, 0x00, 0x01,
    0x00, 0x00, 0x00, 0x00, 0x00, 0x00, 0x00, 0x00, 0xFF, 0xAA, 0x00, 0x03, 0xFF, 0x00, 0x00, 0x01,
    0x00, 0x00, 0x00, 0x00, 0x00, 0x00, 0x00, 0x04, 0x00, 0x00, 0x00, 0x00, 0x2A, 0x2A, 0x2A, 0x24,
    0x2C, 0x2C, 0x2C, 0xF3, 0x2B, 0x2B, 0x2B, 0xCB, 0x1F, 0x1F, 0x1F, 0x10, 0x00, 0x00, 0x00, 0x00,
    0x00, 0x00, 0x00, 0x01, 0x00, 0x00, 0x00, 0x00, 0x00, 0x00, 0x00, 0x00, 0x00, 0x00, 0x00, 0x00,
    0x00, 0x00, 0x00, 0x00, 0x00, 0x00, 0x00, 0x00, 0x00, 0x00, 0x00, 0x00, 0x00, 0x00, 0x00, 0x00,
    0x00, 0x00, 0x00, 0x00, 0x00, 0x00, 0x00, 0x00, 0x00, 0x00, 0x00, 0x00, 0x00, 0x00, 0x00, 0x00,
    0x00, 0x00, 0x00, 0x00, 0x00, 0x00, 0x00, 0x00, 0x00, 0x00, 0x00, 0x00, 0x00, 0x00, 0x00, 0x00,
    0x00, 0x00, 0x00, 0x00, 0x00, 0x00, 0x00, 0x00, 0x00, 0x00, 0x00, 0x00, 0x00, 0x00, 0x00, 0x00,
    0x00, 0x00, 0x00, 0x00, 0x00, 0x00, 0x00, 0x00, 0x00, 0x00, 0x00, 0x00, 0x00, 0x00, 0x00, 0x00,
    0x00, 0x00, 0x00, 0x00, 0x00, 0x00, 0x00, 0x00, 0x00, 0x00, 0x00, 0x00, 0x00, 0x00, 0x00, 0x00,
    0x00, 0x00, 0x00, 0x00, 0x00, 0x00, 0x00, 0x00, 0x00, 0x00, 0x00, 0x00, 0x00, 0x00, 0x00, 0x00,
    0x00, 0x00, 0x00, 0x00, 0x00, 0x00, 0x00, 0x00, 0x00, 0x00, 0x00, 0x00, 0x00, 0x00, 0x00, 0x00,
    0x00, 0x00, 0x00, 0x00, 0x00, 0x00, 0x00, 0x00, 0x00, 0x00, 0x00, 0x00, 0x00, 0x00, 0x00, 0x00,
    0x00, 0x00, 0x00, 0x00, 0x00, 0x00, 0x00, 0x00, 0x00, 0x00, 0x00, 0x00, 0x00, 0x00, 0x00, 0x00,
    0x00, 0x00, 0x00, 0x00, 0x00, 0x00, 0x00, 0x00, 0x00, 0x00, 0x00, 0x00, 0x00, 0x00, 0x00, 0x00,
    0x00, 0x00, 0x00, 0x00, 0x00, 0x00, 0x00, 0x00, 0x00, 0x00, 0x00, 0x00, 0x00, 0x00, 0x00, 0x00,
    0x00, 0x00, 0x00, 0x00, 0x00, 0x00, 0x00, 0x00, 0x00, 0x00, 0x00, 0x00, 0x00, 0x00, 0x00, 0x00,
    0x00, 0x00, 0x00, 0x00, 0x00, 0x00, 0x00, 0x00, 0x00, 0x00, 0x00, 0x00, 0x00, 0x00, 0x00, 0x00,
    0x00, 0x00, 0x00, 0x00, 0x00, 0x00, 0x00, 0x00, 0x00, 0x00, 0x00, 0x00, 0x00, 0x00, 0x00, 0x00,
    0x00, 0x00, 0x00, 0x00, 0x00, 0x00, 0x00, 0x00, 0x00, 0x00, 0x00, 0x00, 0x00, 0x00, 0x00, 0x00,
    0x00, 0x00, 0x00, 0x00, 0x00, 0x00, 0x00, 0x00, 0x00, 0x00, 0x00, 0x00, 0x00, 0x00, 0x00, 0x00,
    0x00, 0x00, 0x00, 0x00, 0x00, 0x00, 0x00, 0x00, 0x00, 0x00, 0x00, 0x00, 0x00, 0x00, 0x00, 0x00,
    0x00, 0x00, 0x00, 0x00, 0x00, 0x00, 0x00, 0x00, 0x00, 0x00, 0x00, 0x00, 0x00, 0x00, 0x00, 0x00,
    0x00, 0x00, 0x00, 0x00, 0x00, 0x00, 0x00, 0x00, 0x00, 0x00, 0x00, 0x00, 0x00, 0x00, 0x00, 0x00,
    0x00, 0x00, 0x00, 0x00, 0x00, 0x00, 0x00, 0x00, 0x00, 0x00, 0x00, 0x00, 0x00, 0x00, 0x00, 0x00,
    0x00, 0x00, 0x00, 0x00, 0x00, 0x00, 0x00, 0x00, 0x00, 0x00, 0x00, 0x00, 0x00, 0x00, 0x00, 0x00,
    0x00, 0x00, 0x00, 0x00, 0x00, 0x00, 0x00, 0x00, 0x00, 0x00, 0x00, 0x00, 0x00, 0x00, 0x00, 0x00,
    0x00, 0x00, 0x00, 0x00, 0x00, 0x00, 0x00, 0x00, 0x00, 0x00, 0x00, 0x00, 0x00, 0x00, 0x00, 0x00,
    0x00, 0x00, 0x00, 0x00, 0x00, 0x00, 0x00, 0x00, 0x00, 0x00, 0x00, 0x00, 0x00, 0x00, 0x00, 0x00,
    0x00, 0x00, 0x00, 0x00, 0x00, 0x00, 0x00, 0x00, 0x00, 0x00, 0x00, 0x00, 0x00, 0x00, 0x00, 0x00,
    0x00, 0x00, 0x00, 0x00, 0x00, 0x00, 0x00, 0x00, 0x00, 0x00, 0x00, 0x00, 0x00, 0x00, 0x00, 0x00,
    0x00, 0x00, 0x00, 0x00, 0x00, 0x00, 0x00, 0x00, 0x00, 0x00, 0x00, 0x00, 0x00, 0x00, 0x00, 0x00,
    0x00, 0x00, 0x00, 0x00, 0x00, 0x00, 0x00, 0x00, 0x00, 0x00, 0x00, 0x00, 0x00, 0x00, 0x00, 0x00,
    0x00, 0x00, 0x00, 0x00, 0x00, 0x00, 0x00, 0x00, 0x00, 0x00, 0x00, 0x00, 0x00, 0x00, 0x00, 0x00,
    0x00, 0x00, 0x00, 0x00, 0x00, 0x00, 0x00, 0x00, 0x00, 0x00, 0x00, 0x00, 0x00, 0x00, 0x00, 0x00,
    0x00, 0x00, 0x00, 0x00, 0x00, 0x00, 0x00, 0x00, 0x00, 0x00, 0x00, 0x00, 0x00, 0x00, 0x00, 0x00,
    0x00, 0x00, 0x00, 0x00, 0x00, 0x00, 0x00, 0x00, 0x00, 0x00, 0x00, 0x00, 0x00, 0x00, 0x00, 0x00,
    0x00, 0x00, 0x00, 0x00, 0x00, 0x00, 0x00, 0x00, 0x00, 0x00, 0x00, 0x00, 0x00, 0x00, 0x00, 0x00,
    0x00, 0x00, 0x00, 0x00, 0x00, 0x00, 0x00, 0x00, 0x00, 0x00, 0x00, 0x00, 0x00, 0x00, 0x00, 0x00,
    0x00, 0x00, 0x00, 0x00, 0x00, 0x00, 0x00, 0x00, 0x00, 0x00, 0x00, 0x00, 0x00, 0x00, 0x00, 0x00,
    0x00, 0x00, 0x00, 0x00, 0x00, 0x00, 0x00, 0x00, 0x00, 0x00, 0x00, 0x00, 0x00, 0x00, 0x00, 0x00,
    0x00, 0x00, 0x00, 0x00, 0x00, 0x00, 0x00, 0x00, 0x00, 0x00, 0x00, 0x00, 0x00, 0x00, 0x00, 0x00,
    0x00, 0x00, 0x00, 0x00, 0x00, 0x00, 0x00, 0x00, 0x00, 0x00, 0x00, 0x00, 0x00, 0x00, 0x00, 0x00,
    0x00, 0x00, 0x00, 0x00, 0x00, 0x00, 0x00, 0x00, 0x00, 0x00, 0x00, 0x00, 0x00, 0x00, 0x00, 0x00,
    0x00, 0x00, 0x00, 0x00, 0x00, 0x00, 0x00, 0x00, 0x00, 0x00, 0x00, 0x00, 0x00, 0x00, 0x00, 0x00,
    0x00, 0x00, 0x00, 0x00, 0x00, 0x00, 0x00, 0x00, 0x00, 0x00, 0x00, 0x00, 0x00, 0x00, 0x00, 0x00,
    0x00, 0x00, 0x00, 0x00, 0x00, 0x00, 0x00, 0x00, 0x00, 0x00, 0x00, 0x00, 0x00, 0x00, 0x00, 0x00,
    0x00, 0x00, 0x00, 0x00, 0x00, 0x00, 0x00, 0x00, 0x00, 0x00, 0x00, 0x00, 0x00, 0x00, 0x00, 0x00,
    0x00, 0x00, 0x00, 0x00, 0x00, 0x00, 0x00, 0x00, 0x00, 0x00, 0x00, 0x00, 0x00, 0x00, 0x00, 0x00,
    0x00, 0x00, 0x00, 0x00, 0x00, 0x00, 0x00, 0x01, 0x00, 0x00, 0x00, 0x03, 0x00, 0x00, 0x00, 0x00,
    0x28, 0x28, 0x28, 0x13, 0x2A, 0x2A, 0x2A, 0xA3, 0x2B, 0x2B, 0x2B, 0xCD, 0x2D, 0x2D, 0x2D, 0x4E,
    0x00, 0x00, 0x00, 0x00, 0x00, 0x00, 0x00, 0x00, 0x3F, 0x3F, 0x3F, 0x04, 0x00, 0x00, 0x00, 0x01,
    0x00, 0x00, 0x00, 0x00, 0x00, 0x00, 0x00, 0x00, 0x00, 0x00, 0x00, 0x00, 0x00, 0x00, 0x00, 0x00,
    0x00, 0x00, 0x00, 0x00, 0x00, 0x00, 0x00, 0x00, 0xFF, 0x7F, 0x00, 0x02, 0xFF, 0x00, 0x00, 0x01,
    0xF6, 0x83, 0x11, 0x1D, 0xFA, 0x89, 0x12, 0xEB, 0xFF, 0x91, 0x13, 0xFE, 0xFA, 0x89, 0x11, 0xD9,
    0xFF, 0x96, 0x0F, 0x11, 0xFF, 0x7F, 0x00, 0x02, 0xFF, 0xFF, 0x00, 0x01, 0x00, 0x00, 0x00, 0x00,
    0x00, 0x00, 0x00, 0x00, 0x00, 0x00, 0x00, 0x00, 0x00, 0x00, 0x00, 0x00, 0x00, 0x00, 0x00, 0x00,
    0x00, 0x00, 0x00, 0x00, 0xFF, 0x00, 0x00, 0x01, 0xFF, 0xAA, 0x00, 0x03, 0xFF, 0x7F, 0x00, 0x02,
    0x00, 0x00, 0x00, 0x00, 0x00, 0x00, 0x00, 0x00, 0xFF, 0x89, 0x13, 0x0D, 0xFB, 0x8A, 0x0F, 0x51,
    0xFC, 0x8A, 0x12, 0xB8, 0xFD, 0x8C, 0x12, 0xFF, 0xFF, 0x98, 0x14, 0xFF, 0xFC, 0x8B, 0x12, 0xD1,
    0xF9, 0x8A, 0x10, 0x5C, 0xFF, 0x7F, 0x00, 0x06, 0x00, 0x00, 0x00, 0x00, 0x00, 0x00, 0x00, 0x00,
    0xFF, 0xAA, 0x00, 0x03, 0xFF, 0xFF, 0x00, 0x01, 0x00, 0x00, 0x00, 0x04, 0x00, 0x00, 0x00, 0x00,
    0x2A, 0x2A, 0x2A, 0x36, 0x2C, 0x2C, 0x2C, 0xFC, 0x2C, 0x2C, 0x2C, 0xB8, 0x55, 0x55, 0x55, 0x03,
    0x00, 0x00, 0x00, 0x01, 0x00, 0x00, 0x00, 0x01, 0x00, 0x00, 0x00, 0x00, 0x00, 0x00, 0x00, 0x00,
    0x00, 0x00, 0x00, 0x00, 0x00, 0x00, 0x00, 0x00, 0x00, 0x00, 0x00, 0x00, 0x00, 0x00, 0x00, 0x00,
    0x00, 0x00, 0x00, 0x00, 0x00, 0x00, 0x00, 0x00, 0x00, 0x00, 0x00, 0x00, 0x00, 0x00, 0x00, 0x00,
    0x00, 0x00, 0x00, 0x00, 0x00, 0x00, 0x00, 0x00, 0x00, 0x00, 0x00, 0x00, 0x00, 0x00, 0x00, 0x00,
    0x00, 0x00, 0x00, 0x00, 0x00, 0x00, 0x00, 0x00, 0x00, 0x00, 0x00, 0x00, 0x00, 0x00, 0x00, 0x00,
    0x00, 0x00, 0x00, 0x00, 0x00, 0x00, 0x00, 0x00, 0x00, 0x00, 0x00, 0x00, 0x00, 0x00, 0x00, 0x00,
    0x00, 0x00, 0x00, 0x00, 0x00, 0x00, 0x00, 0x00, 0x00, 0x00, 0x00, 0x00, 0x00, 0x00, 0x00, 0x00,
    0x00, 0x00, 0x00, 0x00, 0x00, 0x00, 0x00, 0x00, 0x00, 0x00, 0x00, 0x00, 0x00, 0x00, 0x00, 0x00,
    0x00, 0x00, 0x00, 0x00, 0x00, 0x00, 0x00, 0x00, 0x00, 0x00, 0x00, 0x00, 0x00, 0x00, 0x00, 0x00,
    0x00, 0x00, 0x00, 0x00, 0x00, 0x00, 0x00, 0x00, 0x00, 0x00, 0x00, 0x00, 0x00, 0x00, 0x00, 0x00,
    0x00, 0x00, 0x00, 0x00, 0x00, 0x00, 0x00, 0x00, 0x00, 0x00, 0x00, 0x00, 0x00, 0x00, 0x00, 0x00,
    0x00, 0x00, 0x00, 0x00, 0x00, 0x00, 0x00, 0x00, 0x00, 0x00, 0x00, 0x00, 0x00, 0x00, 0x00, 0x00,
    0x00, 0x00, 0x00, 0x00, 0x00, 0x00, 0x00, 0x00, 0x00, 0x00, 0x00, 0x00, 0x00, 0x00, 0x00, 0x00,
    0x00, 0x00, 0x00, 0x00, 0x00, 0x00, 0x00, 0x00, 0x00, 0x00, 0x00, 0x00, 0x00, 0x00, 0x00, 0x00,
    0x00, 0x00, 0x00, 0x00, 0x00, 0x00, 0x00, 0x00, 0x00, 0x00, 0x00, 0x00, 0x00, 0x00, 0x00, 0x00,
    0x00, 0x00, 0x00, 0x00, 0x00, 0x00, 0x00, 0x00, 0x00, 0x00, 0x00, 0x00, 0x00, 0x00, 0x00, 0x00,
    0x00, 0x00, 0x00, 0x00, 0x00, 0x00, 0x00, 0x00, 0x00, 0x00, 0x00, 0x00, 0x00, 0x00, 0x00, 0x00,
    0x00, 0x00, 0x00, 0x00, 0x00, 0x00, 0x00, 0x00, 0x00, 0x00, 0x00, 0x00, 0x00, 0x00, 0x00, 0x00,
    0x00, 0x00, 0x00, 0x00, 0x00, 0x00, 0x00, 0x00, 0x00, 0x00, 0x00, 0x00, 0x00, 0x00, 0x00, 0x00,
    0x00, 0x00, 0x00, 0x00, 0x00, 0x00, 0x00, 0x00, 0x00, 0x00, 0x00, 0x00, 0x00, 0x00, 0x00, 0x00,
    0x00, 0x00, 0x00, 0x00, 0x00, 0x00, 0x00, 0x00, 0x00, 0x00, 0x00, 0x00, 0x00, 0x00, 0x00, 0x00,
    0x00, 0x00, 0x00, 0x00, 0x00, 0x00, 0x00, 0x00, 0x00, 0x00, 0x00, 0x00, 0x00, 0x00, 0x00, 0x00,
    0x00, 0x00, 0x00, 0x00, 0x00, 0x00, 0x00, 0x00, 0x00, 0x00, 0x00, 0x00, 0x00, 0x00, 0x00, 0x00,
    0x00, 0x00, 0x00, 0x00, 0x00, 0x00, 0x00, 0x00, 0x00, 0x00, 0x00, 0x00, 0x00, 0x00, 0x00, 0x00,
    0x00, 0x00, 0x00, 0x00, 0x00, 0x00, 0x00, 0x00, 0x00, 0x00, 0x00, 0x00, 0x00, 0x00, 0x00, 0x00,
    0x00, 0x00, 0x00, 0x00, 0x00, 0x00, 0x00, 0x00, 0x00, 0x00, 0x00, 0x00, 0x00, 0x00, 0x00, 0x00,
    0x00, 0x00, 0x00, 0x00, 0x00, 0x00, 0x00, 0x00, 0x00, 0x00, 0x00, 0x00, 0x00, 0x00, 0x00, 0x00,
    0x00, 0x00, 0x00, 0x00, 0x00, 0x00, 0x00, 0x00, 0x00, 0x00, 0x00, 0x00, 0x00, 0x00, 0x00, 0x00,
    0x00, 0x00, 0x00, 0x00, 0x00, 0x00, 0x00, 0x00, 0x00, 0x00, 0x00, 0x00, 0x00, 0x00, 0x00, 0x00,
    0x00, 0x00, 0x00, 0x00, 0x00, 0x00, 0x00, 0x00, 0x00, 0x00, 0x00, 0x00, 0x00, 0x00, 0x00, 0x00,
    0x00, 0x00, 0x00, 0x00, 0x00, 0x00, 0x00, 0x00, 0x00, 0x00, 0x00, 0x00, 0x00, 0x00, 0x00, 0x00,
    0x00, 0x00, 0x00, 0x00, 0x00, 0x00, 0x00, 0x00, 0x00, 0x00, 0x00, 0x00, 0x00, 0x00, 0x00, 0x00,
    0x00, 0x00, 0x00, 0x00, 0x00, 0x00, 0x00, 0x00, 0x00, 0x00, 0x00, 0x00, 0x00, 0x00, 0x00, 0x00,
    0x00, 0x00, 0x00, 0x00, 0x00, 0x00, 0x00, 0x00, 0x00, 0x00, 0x00, 0x00, 0x00, 0x00, 0x00, 0x00,
    0x00, 0x00, 0x00, 0x00, 0x00, 0x00, 0x00, 0x00, 0x00, 0x00, 0x00, 0x00, 0x00, 0x00, 0x00, 0x00,
    0x00, 0x00, 0x00, 0x00, 0x00, 0x00, 0x00, 0x00, 0x00, 0x00, 0x00, 0x00, 0x00, 0x00, 0x00, 0x00,
    0x00, 0x00, 0x00, 0x00, 0x00, 0x00, 0x00, 0x00, 0x00, 0x00, 0x00, 0x00, 0x00, 0x00, 0x00, 0x00,
    0x00, 0x00, 0x00, 0x00, 0x00, 0x00, 0x00, 0x00, 0x00, 0x00, 0x00, 0x00, 0x00, 0x00, 0x00, 0x00,
    0x00, 0x00, 0x00, 0x00, 0x00, 0x00, 0x00, 0x00, 0x00, 0x00, 0x00, 0x00, 0x00, 0x00, 0x00, 0x00,
    0x00, 0x00, 0x00, 0x00, 0x00, 0x00, 0x00, 0x00, 0x00, 0x00, 0x00, 0x00, 0x00, 0x00, 0x00, 0x00,
    0x00, 0x00, 0x00, 0x00, 0x00, 0x00, 0x00, 0x00, 0x00, 0x00, 0x00, 0x00, 0x00, 0x00, 0x00, 0x00,
    0x00, 0x00, 0x00, 0x00, 0x00, 0x00, 0x00, 0x00, 0x00, 0x00, 0x00, 0x00, 0x00, 0x00, 0x00, 0x00,
    0x00, 0x00, 0x00, 0x00, 0x00, 0x00, 0x00, 0x00, 0x00, 0x00, 0x00, 0x00, 0x00, 0x00, 0x00, 0x00,
    0x00, 0x00, 0x00, 0x00, 0x00, 0x00, 0x00, 0x00, 0x00, 0x00, 0x00, 0x00, 0x00, 0x00, 0x00, 0x00,
    0x00, 0x00, 0x00, 0x00, 0x00, 0x00, 0x00, 0x00, 0x00, 0x00, 0x00, 0x00, 0x00, 0x00, 0x00, 0x00,
    0x00, 0x00, 0x00, 0x00, 0x00, 0x00, 0x00, 0x00, 0x00, 0x00, 0x00, 0x00, 0x00, 0x00, 0x00, 0x00,
    0x00, 0x00, 0x00, 0x00, 0x00, 0x00, 0x00, 0x00, 0x00, 0x00, 0x00, 0x00, 0x00, 0x00, 0x00, 0x03,
    0x00, 0x00, 0x00, 0x00, 0x00, 0x00, 0x00, 0x00, 0x28, 0x28, 0x28, 0x45, 0x2B, 0x2B, 0x2B, 0xC6,
    0x2A, 0x2A, 0x2A, 0xAC, 0x28, 0x28, 0x28, 0x26, 0x00, 0x00, 0x00, 0x00, 0x00, 0x00, 0x00, 0x00,
    0x55, 0x55, 0x55, 0x03, 0x00, 0x00, 0x00, 0x01, 0x00, 0x00, 0x00, 0x00, 0x00, 0x00, 0x00, 0x00,
    0x00, 0x00, 0x00, 0x00, 0x00, 0x00, 0x00, 0x00, 0xFF, 0xAA, 0x00, 0x03, 0x00, 0x00, 0x00, 0x00,
    0xF9, 0x88, 0x10, 0x8C, 0xFF, 0x90, 0x13, 0xFF, 0xFE, 0x8E, 0x12, 0xFF, 0xF9, 0x86, 0x11, 0x57,
    0x00, 0x00, 0x00, 0x00, 0xFF, 0xAA, 0x00, 0x03, 0x00, 0x00, 0x00, 0x00, 0x00, 0x00, 0x00, 0x00,
    0x00, 0x00, 0x00, 0x00, 0x00, 0x00, 0x00, 0x00, 0x00, 0x00, 0x00, 0x00, 0x00, 0x00, 0x00, 0x00,
    0x00, 0x00, 0x00, 0x00, 0x00, 0x00, 0x00, 0x00, 0x00, 0x00, 0x00, 0x00, 0x00, 0x00, 0x00, 0x00,
    0xFF, 0x7F, 0x00, 0x02, 0xFF, 0xAA, 0x00, 0x03, 0x00, 0x00, 0x00, 0x00, 0x00, 0x00, 0x00, 0x00,
    0x00, 0x00, 0x00, 0x00, 0xF8, 0x82, 0x12, 0x29, 0xFB, 0x8A, 0x12, 0x88, 0xFB, 0x8A, 0x12, 0xE1,
    0xFF, 0x96, 0x14, 0xFF, 0xFC, 0x8C, 0x12, 0xDF, 0xFC, 0x8A, 0x11, 0x69, 0xFF, 0x91, 0x00, 0x07,
    0x00, 0x00, 0x00, 0x00, 0x00, 0x00, 0x00, 0x00, 0xFF, 0xAA, 0x00, 0x03, 0x66, 0x33, 0x33, 0x05,
    0x00, 0x00, 0x00, 0x00, 0x27, 0x27, 0x27, 0x67, 0x30, 0x30, 0x30, 0xFF, 0x2C, 0x2C, 0x2C, 0x8B,
    0x00, 0x00, 0x00, 0x00, 0x00, 0x00, 0x00, 0x02, 0x00, 0x00, 0x00, 0x00, 0x00, 0x00, 0x00, 0x00,
    0x00, 0x00, 0x00, 0x00, 0x00, 0x00, 0x00, 0x00, 0x00, 0x00, 0x00, 0x00, 0x00, 0x00, 0x00, 0x00,
    0x00, 0x00, 0x00, 0x00, 0x00, 0x00, 0x00, 0x00, 0x00, 0x00, 0x00, 0x00, 0x00, 0x00, 0x00, 0x00,
    0x00, 0x00, 0x00, 0x00, 0x00, 0x00, 0x00, 0x00, 0x00, 0x00, 0x00, 0x00, 0x00, 0x00, 0x00, 0x00,
    0x00, 0x00, 0x00, 0x00, 0x00, 0x00, 0x00, 0x00, 0x00, 0x00, 0x00, 0x00, 0x00, 0x00, 0x00, 0x00,
    0x00, 0x00, 0x00, 0x00, 0x00, 0x00, 0x00, 0x00, 0x00, 0x00, 0x00, 0x00, 0x00, 0x00, 0x00, 0x00,
    0x00, 0x00, 0x00, 0x00, 0x00, 0x00, 0x00, 0x00, 0x00, 0x00, 0x00, 0x00, 0x00, 0x00, 0x00, 0x00,
    0x00, 0x00, 0x00, 0x00, 0x00, 0x00, 0x00, 0x00, 0x00, 0x00, 0x00, 0x00, 0x00, 0x00, 0x00, 0x00,
    0x00, 0x00, 0x00, 0x00, 0x00, 0x00, 0x00, 0x00, 0x00, 0x00, 0x00, 0x00, 0x00, 0x00, 0x00, 0x00,
    0x00, 0x00, 0x00, 0x00, 0x00, 0x00, 0x00, 0x00, 0x00, 0x00, 0x00, 0x00, 0x00, 0x00, 0x00, 0x00,
    0x00, 0x00, 0x00, 0x00, 0x00, 0x00, 0x00, 0x00, 0x00, 0x00, 0x00, 0x00, 0x00, 0x00, 0x00, 0x00,
    0x00, 0x00, 0x00, 0x00, 0x00, 0x00, 0x00, 0x00, 0x00, 0x00, 0x00, 0x00, 0x00, 0x00, 0x00, 0x00,
    0x00, 0x00, 0x00, 0x00, 0x00, 0x00, 0x00, 0x00, 0x00, 0x00, 0x00, 0x00, 0x00, 0x00, 0x00, 0x00,
    0x00, 0x00, 0x00, 0x00, 0x00, 0x00, 0x00, 0x00, 0x00, 0x00, 0x00, 0x00, 0x00, 0x00, 0x00, 0x00,
    0x00, 0x00, 0x00, 0x00, 0x00, 0x00, 0x00, 0x00, 0x00, 0x00, 0x00, 0x00, 0x00, 0x00, 0x00, 0x00,
    0x00, 0x00, 0x00, 0x00, 0x00, 0x00, 0x00, 0x00, 0x00, 0x00, 0x00, 0x00, 0x00, 0x00, 0x00, 0x00,
    0x00, 0x00, 0x00, 0x00, 0x00, 0x00, 0x00, 0x00, 0x00, 0x00, 0x00, 0x00, 0x00, 0x00, 0x00, 0x00,
    0x00, 0x00, 0x00, 0x00, 0x00, 0x00, 0x00, 0x00, 0x00, 0x00, 0x00, 0x00, 0x00, 0x00, 0x00, 0x00,
    0x00, 0x00, 0x00, 0x00, 0x00, 0x00, 0x00, 0x00, 0x00, 0x00, 0x00, 0x00, 0x00, 0x00, 0x00, 0x00,
    0x00, 0x00, 0x00, 0x00, 0x00, 0x00, 0x00, 0x00, 0x00, 0x00, 0x00, 0x00, 0x00, 0x00, 0x00, 0x00,
    0x00, 0x00, 0x00, 0x00, 0x00, 0x00, 0x00, 0x00, 0x00, 0x00, 0x00, 0x00, 0x00, 0x00, 0x00, 0x00,
    0x00, 0x00, 0x00, 0x00, 0x00, 0x00, 0x00, 0x00, 0x00, 0x00, 0x00, 0x00, 0x00, 0x00, 0x00, 0x00,
    0x00, 0x00, 0x00, 0x00, 0x00, 0x00, 0x00, 0x00, 0x00, 0x00, 0x00, 0x00, 0x00, 0x00, 0x00, 0x00,
    0x00, 0x00, 0x00, 0x00, 0x00, 0x00, 0x00, 0x00, 0x00, 0x00, 0x00, 0x00, 0x00, 0x00, 0x00, 0x00,
    0x00, 0x00, 0x00, 0x00, 0x00, 0x00, 0x00, 0x00, 0x00, 0x00, 0x00, 0x00, 0x00, 0x00, 0x00, 0x00,
    0x00, 0x00, 0x00, 0x00, 0x00, 0x00, 0x00, 0x00, 0x00, 0x00, 0x00, 0x00, 0x00, 0x00, 0x00, 0x00,
    0x00, 0x00, 0x00, 0x00, 0x00, 0x00, 0x00, 0x00, 0x00, 0x00, 0x00, 0x00, 0x00, 0x00, 0x00, 0x00,
    0x00, 0x00, 0x00, 0x00, 0x00, 0x00, 0x00, 0x00, 0x00, 0x00, 0x00, 0x00, 0x00, 0x00, 0x00, 0x00,
    0x00, 0x00, 0x00, 0x00, 0x00, 0x00, 0x00, 0x00, 0x00, 0x00, 0x00, 0x00, 0x00, 0x00, 0x00, 0x00,
    0x00, 0x00, 0x00, 0x00, 0x00, 0x00, 0x00, 0x00, 0x00, 0x00, 0x00, 0x00, 0x00, 0x00, 0x00, 0x00,
    0x00, 0x00, 0x00, 0x00, 0x00, 0x00, 0x00, 0x00, 0x00, 0x00, 0x00, 0x00, 0x00, 0x00, 0x00, 0x00,
    0x00, 0x00, 0x00, 0x00, 0x00, 0x00, 0x00, 0x00, 0x00, 0x00, 0x00, 0x00, 0x00, 0x00, 0x00, 0x00,
    0x00, 0x00, 0x00, 0x00, 0x00, 0x00, 0x00, 0x00, 0x00, 0x00, 0x00, 0x00, 0x00, 0x00, 0x00, 0x00,
    0x00, 0x00, 0x00, 0x00, 0x00, 0x00, 0x00, 0x00, 0x00, 0x00, 0x00, 0x00, 0x00, 0x00, 0x00, 0x00,
    0x00, 0x00, 0x00, 0x00, 0x00, 0x00, 0x00, 0x00, 0x00, 0x00, 0x00, 0x00, 0x00, 0x00, 0x00, 0x00,
    0x00, 0x00, 0x00, 0x00, 0x00, 0x00, 0x00, 0x00, 0x00, 0x00, 0x00, 0x00, 0x00, 0x00, 0x00, 0x00,
    0x00, 0x00, 0x00, 0x00, 0x00, 0x00, 0x00, 0x00, 0x00, 0x00, 0x00, 0x00, 0x00, 0x00, 0x00, 0x00,
    0x00, 0x00, 0x00, 0x00, 0x00, 0x00, 0x00, 0x00, 0x00, 0x00, 0x00, 0x00, 0x00, 0x00, 0x00, 0x00,
    0x00, 0x00, 0x00, 0x00, 0x00, 0x00, 0x00, 0x00, 0x00, 0x00, 0x00, 0x00, 0x00, 0x00, 0x00, 0x00,
    0x00, 0x00, 0x00, 0x00, 0x00, 0x00, 0x00, 0x00, 0x00, 0x00, 0x00, 0x00, 0x00, 0x00, 0x00, 0x00,
    0x00, 0x00, 0x00, 0x00, 0x00, 0x00, 0x00, 0x00, 0x00, 0x00, 0x00, 0x00, 0x00, 0x00, 0x00, 0x00,
    0x00, 0x00, 0x00, 0x00, 0x00, 0x00, 0x00, 0x00, 0x00, 0x00, 0x00, 0x00, 0x00, 0x00, 0x00, 0x00,
    0x00, 0x00, 0x00, 0x00, 0x00, 0x00, 0x00, 0x00, 0x00, 0x00, 0x00, 0x00, 0x00, 0x00, 0x00, 0x00,
    0x00, 0x00, 0x00, 0x00, 0x00, 0x00, 0x00, 0x00, 0x00, 0x00, 0x00, 0x00, 0x00, 0x00, 0x00, 0x00,
    0x00, 0x00, 0x00, 0x00, 0x00, 0x00, 0x00, 0x00, 0x00, 0x00, 0x00, 0x00, 0x00, 0x00, 0x00, 0x00,
    0x00, 0x00, 0x00, 0x00, 0x00, 0x00, 0x00, 0x00, 0x00, 0x00, 0x00, 0x00, 0x00, 0x00, 0x00, 0x00,
    0x00, 0x00, 0x00, 0x00, 0x00, 0x00, 0x00, 0x00, 0x00, 0x00, 0x00, 0x00, 0x00, 0x00, 0x00, 0x00,
    0x00, 0x00, 0x00, 0x01, 0x55, 0x00, 0x00, 0x03, 0x00, 0x00, 0x00, 0x00, 0x3F, 0x3F, 0x3F, 0x04,
    0x2A, 0x2A, 0x2A, 0x71, 0x2B, 0x2B, 0x2B, 0xC8, 0x2A, 0x2A, 0x2A, 0x8B, 0x2A, 0x2A, 0x2A, 0x18,
    0x00, 0x00, 0x00, 0x00, 0x00, 0x00, 0x00, 0x00, 0x55, 0x55, 0x55, 0x03, 0x00, 0x00, 0x00, 0x01,
    0x00, 0x00, 0x00, 0x00, 0xFF, 0x7F, 0x00, 0x02, 0xFF, 0x00, 0x00, 0x01, 0xFF, 0x8E, 0x0F, 0x22,
    0xFA, 0x89, 0x11, 0xEB, 0xFF, 0x93, 0x13, 0xFF, 0xF9, 0x89, 0x12, 0xB2, 0xFF, 0x7F, 0x00, 0x02,
    0xAA, 0xAA, 0x00, 0x03, 0x00, 0x00, 0x00, 0x01, 0x00, 0x00, 0x00, 0x00, 0x00, 0x00, 0x00, 0x00,
    0x00, 0x00, 0x00, 0x00, 0x00, 0x00, 0x00, 0x00, 0x00, 0x00, 0x00, 0x00, 0x00, 0x00, 0x00, 0x00,
    0x00, 0x00, 0x00, 0x00, 0x00, 0x00, 0x00, 0x00, 0x00, 0x00, 0x00, 0x00, 0x00, 0x00, 0x00, 0x00,
    0x00, 0x00, 0x00, 0x00, 0x00, 0x00, 0x00, 0x00, 0xFF, 0xFF, 0x00, 0x01, 0xFF, 0xAA, 0x00, 0x03,
    0xFF, 0xFF, 0x00, 0x01, 0x00, 0x00, 0x00, 0x00, 0x00, 0x00, 0x00, 0x00, 0xFF, 0x7F, 0x19, 0x0A,
    0xFC, 0x8B, 0x11, 0x58, 0xFC, 0x8B, 0x12, 0xB5, 0xFC, 0x8B, 0x11, 0xFC, 0xFA, 0x8B, 0x12, 0xE5,
    0xF8, 0x88, 0x12, 0x7B, 0xF2, 0x85, 0x0C, 0x15, 0x00, 0x00, 0x00, 0x00, 0x00, 0x00, 0x00, 0x00,
    0x99, 0x66, 0x33, 0x05, 0x5F, 0x3F, 0x1F, 0x08, 0x2A, 0x2A, 0x2A, 0xB9, 0x2C, 0x2C, 0x2C, 0xE2,
    0x2B, 0x2B, 0x2B, 0x35, 0x00, 0x00, 0x00, 0x00, 0x00, 0x00, 0x00, 0x02, 0x00, 0x00, 0x00, 0x00,
    0x00, 0x00, 0x00, 0x00, 0x00, 0x00, 0x00, 0x00, 0x00, 0x00, 0x00, 0x00, 0x00, 0x00, 0x00, 0x00,
    0x00, 0x00, 0x00, 0x00, 0x00, 0x00, 0x00, 0x00, 0x00, 0x00, 0x00, 0x00, 0x00, 0x00, 0x00, 0x00,
    0x00, 0x00, 0x00, 0x00, 0x00, 0x00, 0x00, 0x00, 0x00, 0x00, 0x00, 0x00, 0x00, 0x00, 0x00, 0x00,
    0x00, 0x00, 0x00, 0x00, 0x00, 0x00, 0x00, 0x00, 0x00, 0x00, 0x00, 0x00, 0x00, 0x00, 0x00, 0x00,
    0x00, 0x00, 0x00, 0x00, 0x00, 0x00, 0x00, 0x00, 0x00, 0x00, 0x00, 0x00, 0x00, 0x00, 0x00, 0x00,
    0x00, 0x00, 0x00, 0x00, 0x00, 0x00, 0x00, 0x00, 0x00, 0x00, 0x00, 0x00, 0x00, 0x00, 0x00, 0x00,
    0x00, 0x00, 0x00, 0x00, 0x00, 0x00, 0x00, 0x00, 0x00, 0x00, 0x00, 0x00, 0x00, 0x00, 0x00, 0x00,
    0x00, 0x00, 0x00, 0x00, 0x00, 0x00, 0x00, 0x00, 0x00, 0x00, 0x00, 0x00, 0x00, 0x00, 0x00, 0x00,
    0x00, 0x00, 0x00, 0x00, 0x00, 0x00, 0x00, 0x00, 0x00, 0x00, 0x00, 0x00, 0x00, 0x00, 0x00, 0x00,
    0x00, 0x00, 0x00, 0x00, 0x00, 0x00, 0x00, 0x00, 0x00, 0x00, 0x00, 0x00, 0x00, 0x00, 0x00, 0x00,
    0x00, 0x00, 0x00, 0x00, 0x00, 0x00, 0x00, 0x00, 0x00, 0x00, 0x00, 0x00, 0x00, 0x00, 0x00, 0x00,
    0x00, 0x00, 0x00, 0x00, 0x00, 0x00, 0x00, 0x00, 0x00, 0x00, 0x00, 0x00, 0xFF, 0x7F, 0x00, 0x02,
    0xFF, 0x7F, 0x00, 0x02, 0xFF, 0x7F, 0x00, 0x02, 0xFF, 0x7F, 0x00, 0x02, 0xFF, 0x7F, 0x00, 0x02,
    0xFF, 0x7F, 0x00, 0x02, 0x00, 0x00, 0x00, 0x00, 0x00, 0x00, 0x00, 0x00, 0x00, 0x00, 0x00, 0x00,
    0x00, 0x00, 0x00, 0x00, 0x00, 0x00, 0x00, 0x00, 0x00, 0x00, 0x00, 0x00, 0x00, 0x00, 0x00, 0x00,
    0x00, 0x00, 0x00, 0x00, 0x00, 0x00, 0x00, 0x00, 0xFF, 0x7F, 0x00, 0x02, 0xFF, 0x7F, 0x00, 0x02,
    0xFF, 0x7F, 0x00, 0x02, 0xFF, 0x7F, 0x00, 0x02, 0xFF, 0x7F, 0x00, 0x02, 0xFF, 0x7F, 0x00, 0x02,
    0xFF, 0x7F, 0x00, 0x02, 0xFF, 0xFF, 0x00, 0x01, 0x00, 0x00, 0x00, 0x00, 0x00, 0x00, 0x00, 0x00,
    0x00, 0x00, 0x00, 0x00, 0x00, 0x00, 0x00, 0x00, 0x00, 0x00, 0x00, 0x00, 0x00, 0x00, 0x00, 0x00,
    0x00, 0x00, 0x00, 0x00, 0x00, 0x00, 0x00, 0x00, 0x00, 0x00, 0x00, 0x00, 0x00, 0x00, 0x00, 0x00,
    0x00, 0x00, 0x00, 0x00, 0x00, 0x00, 0x00, 0x00, 0x00, 0x00, 0x00, 0x00, 0x00, 0x00, 0x00, 0x00,
    0x00, 0x00, 0x00, 0x00, 0x00, 0x00, 0x00, 0x00, 0x00, 0x00, 0x00, 0x00, 0x00, 0x00, 0x00, 0x00,
    0x00, 0x00, 0x00, 0x00, 0x00, 0x00, 0x00, 0x00, 0x00, 0x00, 0x00, 0x00, 0x00, 0x00, 0x00, 0x00,
    0x00, 0x00, 0x00, 0x00, 0x00, 0x00, 0x00, 0x00, 0x00, 0x00, 0x00, 0x00, 0x00, 0x00, 0x00, 0x00,
    0x00, 0x00, 0x00, 0x00, 0x00, 0x00, 0x00, 0x00, 0x00, 0x00, 0x00, 0x00, 0x00, 0x00, 0x00, 0x00,
    0x00, 0x00, 0x00, 0x00, 0x00, 0x00, 0x00, 0x00, 0x00, 0x00, 0x00, 0x00, 0x00, 0x00, 0x00, 0x00,
    0x00, 0x00, 0x00, 0x00, 0x00, 0x00, 0x00, 0x00, 0x00, 0x00, 0x00, 0x00, 0x00, 0x00, 0x00, 0x00,
    0x00, 0x00, 0x00, 0x00, 0x00, 0x00, 0x00, 0x00, 0x00, 0x00, 0x00, 0x00, 0x00, 0x00, 0x00, 0x00,
    0x00, 0x00, 0x00, 0x00, 0x00, 0x00, 0x00, 0x00, 0x00, 0x00, 0x00, 0x00, 0x00, 0x00, 0x00, 0x00,
    0x00, 0x00, 0x00, 0x00, 0x00, 0x00, 0x00, 0x00, 0x00, 0x00, 0x00, 0x00, 0x00, 0x00, 0x00, 0x00,
    0x00, 0x00, 0x00, 0x00, 0x00, 0x00, 0x00, 0x00, 0x00, 0x00, 0x00, 0x00, 0x00, 0x00, 0x00, 0x00,
    0x00, 0x00, 0x00, 0x00, 0x00, 0x00, 0x00, 0x00, 0x00, 0x00, 0x00, 0x00, 0x00, 0x00, 0x00, 0x00,
    0x00, 0x00, 0x00, 0x00, 0x00, 0x00, 0x00, 0x00, 0x00, 0x00, 0x00, 0x00, 0x00, 0x00, 0x00, 0x00,
    0x00, 0x00, 0x00, 0x00, 0x00, 0x00, 0x00, 0x00, 0x00, 0x00, 0x00, 0x00, 0x00, 0x00, 0x00, 0x00,
    0x00, 0x00, 0x00, 0x00, 0x00, 0x00, 0x00, 0x00, 0x00, 0x00, 0x00, 0x00, 0x00, 0x00, 0x00, 0x00,
    0x00, 0x00, 0x00, 0x00, 0x00, 0x00, 0x00, 0x00, 0x00, 0x00, 0x00, 0x00, 0x00, 0x00, 0x00, 0x00,
    0x00, 0x00, 0x00, 0x00, 0x00, 0x00, 0x00, 0x00, 0x00, 0x00, 0x00, 0x00, 0x00, 0x00, 0x00, 0x00,
    0x00, 0x00, 0x00, 0x00, 0x00, 0x00, 0x00, 0x00, 0x00, 0x00, 0x00, 0x00, 0x00, 0x00, 0x00, 0x00,
    0x00, 0x00, 0x00, 0x00, 0x00, 0x00, 0x00, 0x00, 0x00, 0x00, 0x00, 0x00, 0x00, 0x00, 0x00, 0x00,
    0x00, 0x00, 0x00, 0x00, 0x00, 0x00, 0x00, 0x00, 0x00, 0x00, 0x00, 0x00, 0x00, 0x00, 0x00, 0x00,
    0x00, 0x00, 0x00, 0x00, 0x00, 0x00, 0x00, 0x00, 0x00, 0x00, 0x00, 0x00, 0x00, 0x00, 0x00, 0x00,
    0x00, 0x00, 0x00, 0x00, 0x00, 0x00, 0x00, 0x00, 0x00, 0x00, 0x00, 0x00, 0x00, 0x00, 0x00, 0x00,
    0x00, 0x00, 0x00, 0x00, 0x00, 0x00, 0x00, 0x00, 0x00, 0x00, 0x00, 0x00, 0x00, 0x00, 0x00, 0x00,
    0x00, 0x00, 0x00, 0x00, 0x00, 0x00, 0x00, 0x00, 0x00, 0x00, 0x00, 0x00, 0x00, 0x00, 0x00, 0x00,
    0x00, 0x00, 0x00, 0x00, 0x00, 0x00, 0x00, 0x00, 0x00, 0x00, 0x00, 0x00, 0x00, 0x00, 0x00, 0x00,
    0x00, 0x00, 0x00, 0x00, 0x00, 0x00, 0x00, 0x00, 0x00, 0x00, 0x00, 0x00, 0x00, 0x00, 0x00, 0x00,
    0x00, 0x00, 0x00, 0x00, 0xFF, 0x7F, 0x00, 0x02, 0x7F, 0x3F, 0x3F, 0x04, 0xFF, 0xFF, 0x00, 0x01,
    0x00, 0x00, 0x00, 0x00, 0x37, 0x2C, 0x2C, 0x17, 0x2C, 0x2B, 0x2B, 0x8E, 0x29, 0x2B, 0x2B, 0xCF,
    0x2B, 0x2B, 0x2B, 0x86, 0x33, 0x33, 0x33, 0x14, 0x00, 0x00, 0x00, 0x00, 0x00, 0x00, 0x00, 0x00,
    0x00, 0x00, 0x00, 0x00, 0xFF, 0x7F, 0x00, 0x02, 0x00, 0x00, 0x00, 0x00, 0xF8, 0x89, 0x11, 0x9C,
    0xFF, 0x93, 0x13, 0xFF, 0xFB, 0x8B, 0x11, 0xF2, 0xF9, 0x85, 0x11, 0x2C, 0x00, 0x00, 0x00, 0x02,
    0x7F, 0x3F, 0x00, 0x04, 0x00, 0x00, 0x00, 0x02, 0x00, 0x00, 0x00, 0x02, 0x00, 0x00, 0x00, 0x02,
    0x00, 0x00, 0x00, 0x02, 0x00, 0x00, 0x00, 0x02, 0x00, 0x00, 0x00, 0x02, 0x00, 0x00, 0x00, 0x01,
    0x00, 0x00, 0x00, 0x00, 0x00, 0x00, 0x00, 0x00, 0x00, 0x00, 0x00, 0x00, 0x00, 0x00, 0x00, 0x00,
    0x00, 0x00, 0x00, 0x00, 0x00, 0x00, 0x00, 0x00, 0x00, 0x00, 0x00, 0x00, 0x00, 0x00, 0x00, 0x00,
    0x00, 0x00, 0x00, 0x00, 0xFF, 0x7F, 0x00, 0x02, 0xFF, 0xAA, 0x00, 0x03, 0x00, 0x00, 0x00, 0x00,
    0x00, 0x00, 0x00, 0x00, 0x00, 0x00, 0x00, 0x00, 0xF1, 0x82, 0x14, 0x25, 0xF9, 0x89, 0x11, 0x82,
    0xFB, 0x8B, 0x12, 0xD4, 0xFA, 0x8C, 0x12, 0xE5, 0xF9, 0x8B, 0x13, 0x8F, 0xEC, 0x7F, 0x12, 0x2A,
    0x00, 0x00, 0x00, 0x00, 0x00, 0x00, 0x00, 0x00, 0x55, 0x55, 0x2A, 0x06, 0x46, 0x38, 0x2A, 0x12,
    0x27, 0x27, 0x27, 0x0D, 0x00, 0x00, 0x00, 0x02, 0x00, 0x00, 0x00, 0x02, 0x00, 0x00, 0x00, 0x02,
    0x00, 0x00, 0x00, 0x02, 0x00, 0x00, 0x00, 0x02, 0x00, 0x00, 0x00, 0x02, 0x00, 0x00, 0x00, 0x03,
    0x55, 0x55, 0x55, 0x03, 0x00, 0x00, 0x00, 0x01, 0x00, 0x00, 0x00, 0x00, 0x00, 0x00, 0x00, 0x00,
    0x00, 0x00, 0x00, 0x00, 0x00, 0x00, 0x00, 0x00, 0x00, 0x00, 0x00, 0x00, 0x00, 0x00, 0x00, 0x00,
    0x00, 0x00, 0x00, 0x02, 0x00, 0x00, 0x00, 0x02, 0x00, 0x00, 0x00, 0x02, 0x00, 0x00, 0x00, 0x02,
    0x00, 0x00, 0x00, 0x02, 0x00, 0x00, 0x00, 0x02, 0x00, 0x00, 0x00, 0x00, 0x00, 0x00, 0x00, 0x00,
    0x00, 0x00, 0x00, 0x00, 0x00, 0x00, 0x00, 0x00, 0x00, 0x00, 0x00, 0x00, 0x00, 0x00, 0x00, 0x00,
    0x00, 0x00, 0x00, 0x00, 0x00, 0x00, 0x00, 0x00, 0x00, 0x00, 0x00, 0x00, 0x00, 0x00, 0x00, 0x02,
    0x00, 0x00, 0x00, 0x02, 0x00, 0x00, 0x00, 0x02, 0x00, 0x00, 0x00, 0x02, 0x00, 0x00, 0x00, 0x02,
    0x00, 0x00, 0x00, 0x02, 0x00, 0x00, 0x00, 0x02, 0x00, 0x00, 0x00, 0x01, 0x00, 0x00, 0x00, 0x00,
    0x00, 0x00, 0x00, 0x00, 0x00, 0x00, 0x00, 0x00, 0x00, 0x00, 0x00, 0x00, 0x00, 0x00, 0x00, 0x00,
    0x00, 0x00, 0x00, 0x00, 0x00, 0x00, 0x00, 0x00, 0x00, 0x00, 0x00, 0x00, 0x00, 0x00, 0x00, 0x00,
    0x00, 0x00, 0x00, 0x00, 0x00, 0x00, 0x00, 0x00, 0x00, 0x00, 0x00, 0x00, 0x00, 0x00, 0x00, 0x00,
    0x00, 0x00, 0x00, 0x00, 0x00, 0x00, 0x00, 0x00, 0x00, 0x00, 0x00, 0x00, 0x00, 0x00, 0x00, 0x00,
    0x00, 0x00, 0x00, 0x00, 0x00, 0x00, 0x00, 0x00, 0x00, 0x00, 0x00, 0x00, 0x00, 0x00, 0x00, 0x00,
    0x00, 0x00, 0x00, 0x00, 0x00, 0x00, 0x00, 0x00, 0x00, 0x00, 0x00, 0x00, 0x00, 0x00, 0x00, 0x00,
    0x00, 0x00, 0x00, 0x00, 0xFF, 0x7F, 0x00, 0x02, 0x00, 0x00, 0x00, 0x00, 0x00, 0x00, 0x00, 0x00,
    0x00, 0x00, 0x00, 0x00, 0x00, 0x00, 0x00, 0x00, 0x00, 0x00, 0x00, 0x00, 0x00, 0x00, 0x00, 0x00,
    0x00, 0x00, 0x00, 0x00, 0x00, 0x00, 0x00, 0x00, 0xFF, 0xFF, 0x00, 0x01, 0x00, 0x00, 0x00, 0x00,
    0x00, 0x00, 0x00, 0x00, 0x00, 0x00, 0x00, 0x00, 0x00, 0x00, 0x00, 0x00, 0x00, 0x00, 0x00, 0x00,
    0x00, 0x00, 0x00, 0x00, 0x00, 0x00, 0x00, 0x00, 0x00, 0x00, 0x00, 0x00, 0x00, 0x00, 0x00, 0x00,
    0x00, 0x00, 0x00, 0x00, 0x00, 0x00, 0x00, 0x00, 0x00, 0x00, 0x00, 0x00, 0x00, 0x00, 0x00, 0x00,
    0x00, 0x00, 0x00, 0x00, 0x00, 0x00, 0x00, 0x00, 0x00, 0x00, 0x00, 0x00, 0x00, 0x00, 0x00, 0x00,
    0x00, 0x00, 0x00, 0x00, 0x00, 0x00, 0x00, 0x00, 0x00, 0x00, 0x00, 0x00, 0x00, 0x00, 0x00, 0x00,
    0x00, 0x00, 0x00, 0x00, 0x00, 0x00, 0x00, 0x00, 0x00, 0x00, 0x00, 0x00, 0x00, 0x00, 0x00, 0x00,
    0x00, 0x00, 0x00, 0x00, 0x00, 0x00, 0x00, 0x00, 0x00, 0x00, 0x00, 0x00, 0x00, 0x00, 0x00, 0x00,
    0x00, 0x00, 0x00, 0x00, 0x00, 0x00, 0x00, 0x00, 0x00, 0x00, 0x00, 0x00, 0x00, 0x00, 0x00, 0x00,
    0x00, 0x00, 0x00, 0x00, 0x00, 0x00, 0x00, 0x00, 0x00, 0x00, 0x00, 0x00, 0x00, 0x00, 0x00, 0x00,
    0x00, 0x00, 0x00, 0x00, 0x00, 0x00, 0x00, 0x00, 0x00, 0x00, 0x00, 0x00, 0x00, 0x00, 0x00, 0x00,
    0x00, 0x00, 0x00, 0x00, 0x00, 0x00, 0x00, 0x00, 0x00, 0x00, 0x00, 0x00, 0x00, 0x00, 0x00, 0x00,
    0x00, 0x00, 0x00, 0x00, 0x00, 0x00, 0x00, 0x00, 0x00, 0x00, 0x00, 0x00, 0x00, 0x00, 0x00, 0x00,
    0x00, 0x00, 0x00, 0x00, 0x00, 0x00, 0x00, 0x00, 0x00, 0x00, 0x00, 0x00, 0x00, 0x00, 0x00, 0x00,
    0x00, 0x00, 0x00, 0x00, 0x00, 0x00, 0x00, 0x00, 0x00, 0x00, 0x00, 0x00, 0x00, 0x00, 0x00, 0x00,
    0x00, 0x00, 0x00, 0x00, 0x00, 0x00, 0x00, 0x00, 0x00, 0x00, 0x00, 0x00, 0x00, 0x00, 0x00, 0x00,
    0x00, 0x00, 0x00, 0x00, 0x00, 0x00, 0x00, 0x00, 0x00, 0x00, 0x00, 0x00, 0x00, 0x00, 0x00, 0x00,
    0x00, 0x00, 0x00, 0x00, 0x00, 0x00, 0x00, 0x00, 0x00, 0x00, 0x00, 0x00, 0x00, 0x00, 0x00, 0x00,
    0x00, 0x00, 0x00, 0x00, 0x00, 0x00, 0x00, 0x00, 0x00, 0x00, 0x00, 0x00, 0x00, 0x00, 0x00, 0x00,
    0x00, 0x00, 0x00, 0x00, 0x00, 0x00, 0x00, 0x00, 0x00, 0x00, 0x00, 0x00, 0x00, 0x00, 0x00, 0x00,
    0x00, 0x00, 0x00, 0x00, 0x00, 0x00, 0x00, 0x00, 0x00, 0x00, 0x00, 0x00, 0x00, 0x00, 0x00, 0x00,
    0x00, 0x00, 0x00, 0x00, 0x00, 0x00, 0x00, 0x00, 0x00, 0x00, 0x00, 0x00, 0x00, 0x00, 0x00, 0x00,
    0x00, 0x00, 0x00, 0x00, 0x00, 0x00, 0x00, 0x00, 0x00, 0x00, 0x00, 0x00, 0x00, 0x00, 0x00, 0x00,
    0x00, 0x00, 0x00, 0x00, 0x00, 0x00, 0x00, 0x00, 0x00, 0x00, 0x00, 0x00, 0x00, 0x00, 0x00, 0x00,
    0x00, 0x00, 0x00, 0x00, 0x00, 0x00, 0x00, 0x00, 0x00, 0x00, 0x00, 0x00, 0x00, 0x00, 0x00, 0x00,
    0x00, 0x00, 0x00, 0x00, 0x00, 0x00, 0x00, 0x00, 0x00, 0x00, 0x00, 0x00, 0x00, 0x00, 0x00, 0x00,
    0x00, 0x00, 0x00, 0x00, 0x00, 0x00, 0x00, 0x00, 0x00, 0x00, 0x00, 0x00, 0x00, 0x00, 0x00, 0x00,
    0x00, 0x00, 0x00, 0x00, 0x00, 0x00, 0x00, 0x00, 0x00, 0x00, 0x00, 0x00, 0x00, 0x00, 0x00, 0x00,
    0x00, 0x00, 0x00, 0x00, 0x00, 0x00, 0x00, 0x00, 0x00, 0x00, 0x00, 0x00, 0x00, 0x00, 0x00, 0x00,
    0x00, 0x00, 0x00, 0x00, 0x00, 0x00, 0x00, 0x00, 0x00, 0x00, 0x00, 0x00, 0x00, 0x00, 0x00, 0x00,
    0x00, 0x00, 0x00, 0x00, 0x00, 0x00, 0x00, 0x00, 0x00, 0x00, 0x00, 0x00, 0x24, 0x2B, 0x2B, 0x23,
    0x2B, 0x2B, 0x2B, 0x92, 0x2C, 0x2C, 0x2C, 0xCA, 0x2A, 0x2A, 0x2A, 0x7E, 0x24, 0x24, 0x30, 0x15,
    0xFF, 0x7F, 0x00, 0x02, 0x00, 0x00, 0x00, 0x00, 0xFA, 0x8B, 0x13, 0x35, 0xFB, 0x8C, 0x12, 0xF5,
    0xFF, 0x93, 0x13, 0xFF, 0xFB, 0x8A, 0x13, 0x81, 0x00, 0x00, 0x00, 0x00, 0x01, 0x01, 0x00, 0x00,
    0x00, 0x00, 0x00, 0x00, 0x00, 0x00, 0x00, 0x00, 0x00, 0x00, 0x00, 0x00, 0x00, 0x00, 0x00, 0x00,
    0x00, 0x00, 0x00, 0x00, 0x00, 0x00, 0x00, 0x00, 0x00, 0x00, 0x00, 0x00, 0x00, 0x00, 0x00, 0x00,
    0x00, 0x00, 0x00, 0x00, 0x00, 0x00, 0x00, 0x00, 0x00, 0x00, 0x00, 0x00, 0x00, 0x00, 0x00, 0x00,
    0x00, 0x00, 0x00, 0x00, 0x00, 0x00, 0x00, 0x00, 0x00, 0x00, 0x00, 0x00, 0x00, 0x00, 0x00, 0x00,
    0x00, 0x00, 0x00, 0x00, 0x00, 0x00, 0x00, 0x00, 0x00, 0x00, 0x00, 0x00, 0x00, 0x00, 0x00, 0x00,
    0x01, 0x00, 0x00, 0x00, 0x00, 0x00, 0x00, 0x00, 0x00, 0x00, 0x00, 0x00, 0x00, 0x00, 0x00, 0x00,
    0x00, 0x00, 0x00, 0x00, 0xFF, 0x9C, 0x0C, 0x3E, 0xFF, 0x98, 0x0F, 0x95, 0xFF, 0x98, 0x10, 0xBA,
    0xFF, 0x97, 0x0C, 0x8C, 0xFF, 0xAC, 0x06, 0x25, 0x00, 0x00, 0x00, 0x00, 0x00, 0x00, 0x00, 0x00,
    0x00, 0x00, 0x00, 0x00, 0x00, 0x00, 0x00, 0x00, 0x00, 0x00, 0x00, 0x00, 0x00, 0x00, 0x00, 0x00,
    0x00, 0x00, 0x00, 0x00, 0x00, 0x00, 0x00, 0x00, 0x00, 0x00, 0x00, 0x00, 0x00, 0x00, 0x00, 0x00,
    0x00, 0x00, 0x00, 0x00, 0x00, 0x00, 0x00, 0x00, 0x00, 0x00, 0x00, 0x01, 0x00, 0x00, 0x00, 0x00,
    0x00, 0x00, 0x00, 0x00, 0x00, 0x00, 0x00, 0x00, 0x00, 0x00, 0x00, 0x00, 0x00, 0x00, 0x00, 0x00,
    0x00, 0x00, 0x00, 0x00, 0x00, 0x00, 0x00, 0x00, 0x00, 0x00, 0x00, 0x00, 0x00, 0x00, 0x00, 0x00,
    0x00, 0x00, 0x00, 0x00, 0x00, 0x00, 0x00, 0x00, 0x00, 0x00, 0x00, 0x00, 0x00, 0x00, 0x00, 0x00,
    0x00, 0x00, 0x00, 0x00, 0x00, 0x00, 0x00, 0x00, 0x00, 0x00, 0x00, 0x00, 0x00, 0x00, 0x00, 0x00,
    0x00, 0x00, 0x00, 0x00, 0x00, 0x00, 0x00, 0x00, 0x00, 0x00, 0x00, 0x02, 0x00, 0x00, 0x00, 0x00,
    0x00, 0x00, 0x00, 0x00, 0x00, 0x00, 0x00, 0x00, 0x00, 0x00, 0x00, 0x00, 0x00, 0x00, 0x00, 0x00,
    0x00, 0x00, 0x00, 0x00, 0x00, 0x00, 0x00, 0x00, 0x00, 0x00, 0x00, 0x00, 0x00, 0x00, 0x00, 0x01,
    0x00, 0x00, 0x00, 0x00, 0x00, 0x00, 0x00, 0x00, 0x00, 0x00, 0x00, 0x00, 0x00, 0x00, 0x00, 0x00,
    0x00, 0x00, 0x00, 0x00, 0x00, 0x00, 0x00, 0x00, 0x00, 0x00, 0x00, 0x00, 0x00, 0x00, 0x00, 0x00,
    0x00, 0x00, 0x00, 0x00, 0x00, 0x00, 0x00, 0x00, 0xFF, 0x00, 0x00, 0x01, 0xFA, 0x8A, 0x12, 0x7F,
    0xFD, 0x8D, 0x11, 0xAF, 0xF9, 0x89, 0x11, 0xAB, 0xFA, 0x89, 0x11, 0xAC, 0xFC, 0x89, 0x11, 0xAC,
    0xFA, 0x8A, 0x11, 0xAB, 0xF8, 0x8C, 0x14, 0x26, 0x00, 0x00, 0x00, 0x00, 0xFF, 0x7F, 0x00, 0x02,
    0x00, 0x00, 0x00, 0x00, 0x00, 0x00, 0x00, 0x00, 0x00, 0x00, 0x00, 0x00, 0x00, 0x00, 0x00, 0x00,
    0xFF, 0x7F, 0x00, 0x04, 0x00, 0x00, 0x00, 0x00, 0xFA, 0x8B, 0x13, 0x35, 0xFF, 0x8D, 0x12, 0xA8,
    0xF9, 0x89, 0x11, 0xAD, 0xFA, 0x89, 0x11, 0xAC, 0xF9, 0x89, 0x11, 0xAD, 0xF9, 0x8A, 0x12, 0xAA,
    0xFA, 0x8B, 0x12, 0xB0, 0xFC, 0x8B, 0x11, 0xAC, 0xF9, 0x85, 0x11, 0x2C, 0x00, 0x00, 0x00, 0x00,
    0xFF, 0xFF, 0x00, 0x01, 0x00, 0x00, 0x00, 0x00, 0x00, 0x00, 0x00, 0x00, 0x00, 0x00, 0x00, 0x00,
    0x00, 0x00, 0x00, 0x00, 0x00, 0x00, 0x00, 0x00, 0x00, 0x00, 0x00, 0x00, 0x00, 0x00, 0x00, 0x00,
    0x00, 0x00, 0x00, 0x00, 0x00, 0x00, 0x00, 0x00, 0x00, 0x00, 0x00, 0x00, 0x00, 0x00, 0x00, 0x00,
    0x00, 0x00, 0x00, 0x00, 0x00, 0x00, 0x00, 0x00, 0x00, 0x00, 0x00, 0x00, 0x00, 0x00, 0x00, 0x00,
    0x00, 0x00, 0x00, 0x00, 0x00, 0x00, 0x00, 0x00, 0x00, 0x00, 0x00, 0x00, 0x00, 0x00, 0x00, 0x00,
    0x00, 0x00, 0x00, 0x00, 0x00, 0x00, 0x00, 0x00, 0x00, 0x00, 0x00, 0x00, 0x00, 0x00, 0x00, 0x00,
    0x00, 0x00, 0x00, 0x00, 0x00, 0x00, 0x00, 0x00, 0x00, 0x00, 0x00, 0x00, 0x00, 0x00, 0x00, 0x00,
    0x00, 0x00, 0x00, 0x00, 0x00, 0x00, 0x00, 0x00, 0x00, 0x00, 0x00, 0x00, 0x00, 0x00, 0x00, 0x00,
    0x00, 0x00, 0x00, 0x00, 0x00, 0x00, 0x00, 0x00, 0x00, 0x00, 0x00, 0x00, 0x00, 0x00, 0x00, 0x00,
    0x00, 0x00, 0x00, 0x00, 0x00, 0x00, 0x00, 0x00, 0x00, 0x00, 0x00, 0x00, 0x00, 0x00, 0x00, 0x00,
    0x00, 0x00, 0x00, 0x00, 0x00, 0x00, 0x00, 0x00, 0x00, 0x00, 0x00, 0x00, 0x00, 0x00, 0x00, 0x00,
    0x00, 0x00, 0x00, 0x00, 0x00, 0x00, 0x00, 0x00, 0x00, 0x00, 0x00, 0x00, 0x00, 0x00, 0x00, 0x00,
    0x00, 0x00, 0x00, 0x00, 0x00, 0x00, 0x00, 0x00, 0x00, 0x00, 0x00, 0x00, 0x00, 0x00, 0x00, 0x00,
    0x00, 0x00, 0x00, 0x00, 0x00, 0x00, 0x00, 0x00, 0x00, 0x00, 0x00, 0x00, 0x00, 0x00, 0x00, 0x00,
    0x00, 0x00, 0x00, 0x00, 0x00, 0x00, 0x00, 0x00, 0x00, 0x00, 0x00, 0x00, 0x00, 0x00, 0x00, 0x00,
    0x00, 0x00, 0x00, 0x00, 0x00, 0x00, 0x00, 0x00, 0x00, 0x00, 0x00, 0x00, 0x00, 0x00, 0x00, 0x00,
    0x00, 0x00, 0x00, 0x00, 0x00, 0x00, 0x00, 0x00, 0x00, 0x00, 0x00, 0x00, 0x00, 0x00, 0x00, 0x00,
    0x00, 0x00, 0x00, 0x00, 0x00, 0x00, 0x00, 0x00, 0x00, 0x00, 0x00, 0x00, 0x00, 0x00, 0x00, 0x00,
    0x00, 0x00, 0x00, 0x00, 0x00, 0x00, 0x00, 0x00, 0x00, 0x00, 0x00, 0x00, 0x00, 0x00, 0x00, 0x00,
    0x00, 0x00, 0x00, 0x00, 0x00, 0x00, 0x00, 0x00, 0x00, 0x00, 0x00, 0x00, 0x00, 0x00, 0x00, 0x00,
    0x00, 0x00, 0x00, 0x00, 0x00, 0x00, 0x00, 0x00, 0x00, 0x00, 0x00, 0x00, 0x00, 0x00, 0x00, 0x00,
    0x00, 0x00, 0x00, 0x00, 0x00, 0x00, 0x00, 0x00, 0x00, 0x00, 0x00, 0x00, 0x00, 0x00, 0x00, 0x00,
    0x00, 0x00, 0x00, 0x00, 0x00, 0x00, 0x00, 0x00, 0x00, 0x00, 0x00, 0x00, 0x00, 0x00, 0x00, 0x00,
    0x00, 0x00, 0x00, 0x00, 0x00, 0x00, 0x00, 0x00, 0x00, 0x00, 0x00, 0x00, 0x00, 0x00, 0x00, 0x00,
    0x00, 0x00, 0x00, 0x00, 0x00, 0x00, 0x00, 0x00, 0x00, 0x00, 0x00, 0x00, 0x00, 0x00, 0x00, 0x00,
    0x00, 0x00, 0x00, 0x00, 0x00, 0x00, 0x00, 0x00, 0x00, 0x00, 0x00, 0x00, 0x00, 0x00, 0x00, 0x00,
    0x00, 0x00, 0x00, 0x00, 0x00, 0x00, 0x00, 0x00, 0x00, 0x00, 0x00, 0x00, 0x00, 0x00, 0x00, 0x00,
    0x00, 0x00, 0x00, 0x00, 0x00, 0x00, 0x00, 0x00, 0x00, 0x00, 0x00, 0x00, 0x00, 0x00, 0x00, 0x00,
    0x00, 0x00, 0x00, 0x00, 0xF7, 0x89, 0x13, 0x84, 0xFD, 0x8E, 0x12, 0xB7, 0xFA, 0x8A, 0x11, 0xB2,
    0xFA, 0x8A, 0x11, 0xB3, 0xFC, 0x8C, 0x12, 0xB6, 0xF5, 0x87, 0x12, 0xA8, 0xFF, 0xB9, 0x00, 0x0B,
    0x00, 0x00, 0x00, 0x00, 0x2A, 0x2A, 0x2A, 0x24, 0x2A, 0x2A, 0x2A, 0x97, 0x2D, 0x2A, 0x2A, 0x71,
    0x01, 0x00, 0x00, 0x00, 0xFF, 0xFF, 0x00, 0x01, 0xF9, 0x88, 0x12, 0xB5, 0xFF, 0x96, 0x14, 0xFF,
    0xFA, 0x89, 0x11, 0xD7, 0xEF, 0x7F, 0x1F, 0x10, 0x01, 0x00, 0x00, 0x00, 0x2C, 0x2C, 0x29, 0x5C,
    0x2D, 0x2D, 0x2D, 0xAE, 0x2B, 0x2B, 0x2B, 0xAA, 0x2A, 0x2A, 0x2A, 0xAC, 0x2A, 0x2A, 0x2A, 0xAC,
    0x2A, 0x2A, 0x2A, 0xAC, 0x2B, 0x2B, 0x2B, 0xAB, 0x2D, 0x2D, 0x2D, 0xAE, 0x2B, 0x2B, 0x2B, 0x69,
    0x00, 0x00, 0x00, 0x00, 0x00, 0x00, 0x00, 0x01, 0x00, 0x00, 0x00, 0x00, 0x00, 0x00, 0x00, 0x00,
    0x00, 0x00, 0x00, 0x00, 0x00, 0x00, 0x00, 0x00, 0x00, 0x00, 0x00, 0x00, 0x00, 0x00, 0x00, 0x00,
    0x00, 0x00, 0x00, 0x00, 0x00, 0x00, 0x00, 0x02, 0x00, 0x00, 0x00, 0x01, 0x29, 0x29, 0x29, 0x31,
    0x2C, 0x2C, 0x2C, 0xAB, 0x2C, 0x2A, 0x2A, 0xAC, 0x2D, 0x2B, 0x2A, 0xAE, 0x2E, 0x2C, 0x2A, 0xB0,
    0x29, 0x2A, 0x2A, 0xAC, 0x13, 0x1F, 0x2E, 0xA0, 0x08, 0x19, 0x2F, 0x95, 0x3C, 0x34, 0x29, 0xBA,
    0x86, 0x57, 0x21, 0xFF, 0xBD, 0x6F, 0x19, 0xF2, 0xD8, 0x7A, 0x15, 0xB3, 0x71, 0x4B, 0x21, 0xAD,
    0x21, 0x27, 0x2C, 0xAD, 0x1A, 0x23, 0x2D, 0xAC, 0x29, 0x2A, 0x2A, 0xAC, 0x2D, 0x2C, 0x2A, 0xAC,
    0x2C, 0x2A, 0x2A, 0xAC, 0x2A, 0x2A, 0x2A, 0xAC, 0x2A, 0x2A, 0x2A, 0xAC, 0x2B, 0x2B, 0x2B, 0x9F,
    0x2D, 0x2D, 0x2D, 0x60, 0x2E, 0x2E, 0x2E, 0x16, 0x00, 0x00, 0x00, 0x00, 0x00, 0x00, 0x00, 0x01,
    0x00, 0x00, 0x00, 0x00, 0x00, 0x00, 0x00, 0x00, 0x00, 0x00, 0x00, 0x01, 0x00, 0x00, 0x00, 0x00,
    0x2A, 0x2A, 0x2A, 0x72, 0x2D, 0x2D, 0x2D, 0xAF, 0x2B, 0x2B, 0x2B, 0xAB, 0x2A, 0x2A, 0x2A, 0xAC,
    0x2A, 0x2A, 0x2A, 0xAC, 0x2A, 0x2A, 0x2A, 0xAC, 0x2E, 0x2E, 0x2E, 0x2C, 0x00, 0x00, 0x00, 0x00,
    0x00, 0x00, 0x00, 0x02, 0x00, 0x00, 0x00, 0x00, 0x00, 0x00, 0x00, 0x00, 0x00, 0x00, 0x00, 0x00,
    0x00, 0x00, 0x00, 0x00, 0x00, 0x00, 0x00, 0x03, 0x00, 0x00, 0x00, 0x00, 0x2C, 0x2C, 0x2C, 0x28,
    0x2B, 0x2B, 0x2B, 0xA5, 0x2C, 0x2C, 0x2C, 0xAD, 0x2A, 0x2A, 0x2A, 0xAC, 0x2A, 0x2A, 0x2A, 0xAD,
    0x2B, 0x2B, 0x2B, 0xAA, 0x2B, 0x2B, 0x2B, 0xAF, 0x2C, 0x2C, 0x2C, 0xAC, 0x31, 0x31, 0x31, 0x34,
    0x00, 0x00, 0x00, 0x00, 0x00, 0x00, 0x00, 0x00, 0x00, 0x00, 0x00, 0x00, 0x00, 0x00, 0x00, 0x00,
    0x00, 0x00, 0x00, 0x00, 0x00, 0x00, 0x00, 0x00, 0x00, 0x00, 0x00, 0x00, 0x00, 0x00, 0x00, 0x00,
    0xFF, 0x7F, 0x00, 0x02, 0xFF, 0x00, 0x00, 0x01, 0xFF, 0x8B, 0x11, 0x2C, 0xF9, 0x8A, 0x12, 0xFD,
    0xFF, 0x94, 0x13, 0xFF, 0xFF, 0x91, 0x13, 0xFF, 0xFF, 0x91, 0x13, 0xFF, 0xFF, 0x97, 0x14, 0xFF,
    0xFA, 0x89, 0x11, 0xD1, 0xE5, 0x7F, 0x19, 0x0A, 0x00, 0x00, 0x00, 0x00, 0xFF, 0x00, 0x00, 0x01,
    0x00, 0x00, 0x00, 0x00, 0x00, 0x00, 0x00, 0x00, 0x00, 0x00, 0x00, 0x00, 0xFF, 0xAA, 0x00, 0x03,
    0x00, 0x00, 0x00, 0x00, 0xF7, 0x86, 0x11, 0x48, 0xFB, 0x8C, 0x12, 0xED, 0xFF, 0x94, 0x13, 0xFF,
    0xFF, 0x91, 0x13, 0xFF, 0xFF, 0x92, 0x13, 0xFF, 0xFF, 0x90, 0x13, 0xFF, 0xFF, 0x97, 0x14, 0xFF,
    0xFA, 0x8D, 0x12, 0xFD, 0xFC, 0x89, 0x14, 0x57, 0xFF, 0xAA, 0x00, 0x03, 0xFF, 0x00, 0x00, 0x02,
    0x00, 0x00, 0x00, 0x00, 0x00, 0x00, 0x00, 0x00, 0x00, 0x00, 0x00, 0x00, 0x00, 0x00, 0x00, 0x00,
    0x00, 0x00, 0x00, 0x00, 0x00, 0x00, 0x00, 0x00, 0x00, 0x00, 0x00, 0x00, 0x00, 0x00, 0x00, 0x00,
    0x00, 0x00, 0x00, 0x00, 0x00, 0x00, 0x00, 0x00, 0x00, 0x00, 0x00, 0x00, 0x00, 0x00, 0x00, 0x00,
    0x00, 0x00, 0x00, 0x00, 0x00, 0x00, 0x00, 0x00, 0x00, 0x00, 0x00, 0x00, 0x00, 0x00, 0x00, 0x00,
    0x00, 0x00, 0x00, 0x00, 0x00, 0x00, 0x00, 0x00, 0x00, 0x00, 0x00, 0x00, 0x00, 0x00, 0x00, 0x00,
    0x00, 0x00, 0x00, 0x00, 0x00, 0x00, 0x00, 0x00, 0x00, 0x00, 0x00, 0x00, 0x00, 0x00, 0x00, 0x00,
    0x00, 0x00, 0x00, 0x00, 0x00, 0x00, 0x00, 0x00, 0x00, 0x00, 0x00, 0x00, 0x00, 0x00, 0x00, 0x00,
    0x00, 0x00, 0x00, 0x00, 0x00, 0x00, 0x00, 0x00, 0x00, 0x00, 0x00, 0x00, 0x00, 0x00, 0x00, 0x00,
    0x00, 0x00, 0x00, 0x00, 0x00, 0x00, 0x00, 0x00, 0x00, 0x00, 0x00, 0x00, 0x00, 0x00, 0x00, 0x00,
    0x00, 0x00, 0x00, 0x00, 0x00, 0x00, 0x00, 0x00, 0x00, 0x00, 0x00, 0x00, 0x00, 0x00, 0x00, 0x00,
    0x00, 0x00, 0x00, 0x00, 0x00, 0x00, 0x00, 0x00, 0x00, 0x00, 0x00, 0x00, 0x00, 0x00, 0x00, 0x00,
    0x00, 0x00, 0x00, 0x00, 0x00, 0x00, 0x00, 0x00, 0x00, 0x00, 0x00, 0x00, 0x00, 0x00, 0x00, 0x00,
    0x00, 0x00, 0x00, 0x00, 0x00, 0x00, 0x00, 0x00, 0x00, 0x00, 0x00, 0x00, 0x00, 0x00, 0x00, 0x00,
    0x00, 0x00, 0x00, 0x00, 0x00, 0x00, 0x00, 0x00, 0x00, 0x00, 0x00, 0x00, 0x00, 0x00, 0x00, 0x00,
    0x00, 0x00, 0x00, 0x00, 0x00, 0x00, 0x00, 0x00, 0x00, 0x00, 0x00, 0x00, 0x00, 0x00, 0x00, 0x00,
    0x00, 0x00, 0x00, 0x00, 0x00, 0x00, 0x00, 0x00, 0x00, 0x00, 0x00, 0x00, 0x00, 0x00, 0x00, 0x00,
    0x00, 0x00, 0x00, 0x00, 0x00, 0x00, 0x00, 0x00, 0x00, 0x00, 0x00, 0x00, 0x00, 0x00, 0x00, 0x00,
    0x00, 0x00, 0x00, 0x00, 0x00, 0x00, 0x00, 0x00, 0x00, 0x00, 0x00, 0x00, 0x00, 0x00, 0x00, 0x00,
    0x00, 0x00, 0x00, 0x00, 0x00, 0x00, 0x00, 0x00, 0x00, 0x00, 0x00, 0x00, 0x00, 0x00, 0x00, 0x00,
    0x00, 0x00, 0x00, 0x00, 0x00, 0x00, 0x00, 0x00, 0x00, 0x00, 0x00, 0x00, 0x00, 0x00, 0x00, 0x00,
    0x00, 0x00, 0x00, 0x00, 0x00, 0x00, 0x00, 0x00, 0x00, 0x00, 0x00, 0x00, 0x00, 0x00, 0x00, 0x00,
    0x00, 0x00, 0x00, 0x00, 0x00, 0x00, 0x00, 0x00, 0x00, 0x00, 0x00, 0x00, 0x00, 0x00, 0x00, 0x00,
    0x00, 0x00, 0x00, 0x00, 0x00, 0x00, 0x00, 0x00, 0x00, 0x00, 0x00, 0x00, 0x00, 0x00, 0x00, 0x00,
    0x00, 0x00, 0x00, 0x00, 0x00, 0x00, 0x00, 0x00, 0x00, 0x00, 0x00, 0x00, 0x00, 0x00, 0x00, 0x00,
    0x00, 0x00, 0x00, 0x00, 0x00, 0x00, 0x00, 0x00, 0x00, 0x00, 0x00, 0x00, 0x00, 0x00, 0x00, 0x00,
    0x00, 0x00, 0x00, 0x00, 0x00, 0x00, 0x00, 0x00, 0x00, 0x00, 0x00, 0x00, 0x00, 0x00, 0x00, 0x00,
    0x00, 0x00, 0x00, 0x00, 0x00, 0x00, 0x00, 0x00, 0x00, 0x00, 0x00, 0x00, 0x00, 0x00, 0x00, 0x00,
    0x00, 0x00, 0x00, 0x00, 0x00, 0x00, 0x00, 0x00, 0xFF, 0x7F, 0x00, 0x02, 0x00, 0x00, 0x00, 0x00,
    0xFF, 0x8C, 0x14, 0x26, 0xF9, 0x8A, 0x12, 0xF9, 0xFF, 0x93, 0x13, 0xFF, 0xFF, 0x91, 0x13, 0xFF,
    0xFF, 0x8F, 0x13, 0xFF, 0xFF, 0x99, 0x14, 0xFF, 0xFA, 0x88, 0x12, 0xA8, 0x55, 0x55, 0x00, 0x03,
    0x66, 0x66, 0x33, 0x05, 0x00, 0x00, 0x00, 0x00, 0x00, 0x00, 0x00, 0x00, 0xFF, 0x7F, 0x00, 0x02,
    0x00, 0x00, 0x00, 0x00, 0xFB, 0x8A, 0x12, 0x46, 0xFB, 0x8C, 0x12, 0xFC, 0xFD, 0x8F, 0x13, 0xFF,
    0xF5, 0x87, 0x15, 0x53, 0x00, 0x00, 0x00, 0x00, 0x3A, 0x33, 0x2B, 0x23, 0x2A, 0x2A, 0x2B, 0xEE,
    0x2E, 0x2E, 0x2E, 0xFF, 0x2D, 0x2D, 0x2D, 0xFF, 0x2D, 0x2D, 0x2D, 0xFF, 0x2D, 0x2D, 0x2D, 0xFF,
    0x2D, 0x2D, 0x2D, 0xFF, 0x2D, 0x2D, 0x2D, 0xFF, 0x30, 0x30, 0x30, 0xFF, 0x2A, 0x2A, 0x2A, 0x90,
    0x00, 0x00, 0x00, 0x00, 0x00, 0x00, 0x00, 0x03, 0x00, 0x00, 0x00, 0x00, 0x00, 0x00, 0x00, 0x00,
    0x00, 0x00, 0x00, 0x00, 0x00, 0x00, 0x00, 0x00, 0x00, 0x00, 0x00, 0x00, 0x00, 0x00, 0x00, 0x00,
    0x00, 0x00, 0x00, 0x00, 0x00, 0x00, 0x00, 0x02, 0x00, 0x00, 0x00, 0x00, 0x2B, 0x2B, 0x2B, 0x99,
    0x30, 0x30, 0x30, 0xFF, 0x2D, 0x2D, 0x2D, 0xFF, 0x2D, 0x2D, 0x2D, 0xFF, 0x2E, 0x2D, 0x2D, 0xFF,
    0x2E, 0x2E, 0x2D, 0xFF, 0x31, 0x2F, 0x2E, 0xFF, 0x32, 0x30, 0x2E, 0xFF, 0x27, 0x2A, 0x2E, 0xFF,
    0x18, 0x22, 0x2D, 0xFC, 0x22, 0x27, 0x2D, 0xFF, 0x59, 0x42, 0x28, 0xFF, 0x95, 0x5D, 0x21, 0xFF,
    0x92, 0x5C, 0x21, 0xFF, 0x61, 0x45, 0x27, 0xFF, 0x31, 0x2F, 0x2D, 0xFF, 0x25, 0x2A, 0x2E, 0xFF,
    0x2C, 0x2D, 0x2E, 0xFF, 0x2E, 0x2E, 0x2D, 0xFF, 0x2D, 0x2D, 0x2D, 0xFF, 0x2E, 0x2E, 0x2E, 0xFF,
    0x2E, 0x2E, 0x2E, 0xFF, 0x2A, 0x2A, 0x2A, 0xD9, 0x2D, 0x2D, 0x2D, 0x22, 0x00, 0x00, 0x00, 0x01,
    0x00, 0x00, 0x00, 0x01, 0x00, 0x00, 0x00, 0x01, 0x00, 0x00, 0x00, 0x00, 0x2B, 0x2B, 0x2B, 0x1D,
    0x2A, 0x2A, 0x2A, 0xF0, 0x2F, 0x2F, 0x2F, 0xFF, 0x2D, 0x2D, 0x2D, 0xFF, 0x2D, 0x2D, 0x2D, 0xFF,
    0x2F, 0x2F, 0x2F, 0xFF, 0x2B, 0x2B, 0x2B, 0xD9, 0x24, 0x24, 0x24, 0x0E, 0x00, 0x00, 0x00, 0x00,
    0x00, 0x00, 0x00, 0x01, 0x00, 0x00, 0x00, 0x00, 0x00, 0x00, 0x00, 0x00, 0x00, 0x00, 0x00, 0x00,
    0x00, 0x00, 0x00, 0x04, 0x00, 0x00, 0x00, 0x00, 0x2C, 0x2C, 0x2C, 0x39, 0x2B, 0x2B, 0x2B, 0xE1,
    0x2E, 0x2E, 0x2E, 0xFF, 0x2D, 0x2D, 0x2D, 0xFF, 0x2D, 0x2D, 0x2D, 0xFF, 0x2D, 0x2D, 0x2D, 0xFF,
    0x2F, 0x2F, 0x2F, 0xFF, 0x2B, 0x2B, 0x2B, 0xFF, 0x2A, 0x2A, 0x2A, 0x5A, 0x3F, 0x3F, 0x3F, 0x04,
    0x00, 0x00, 0x00, 0x00, 0x00, 0x00, 0x00, 0x00, 0x00, 0x00, 0x00, 0x00, 0x00, 0x00, 0x00, 0x00,
    0x00, 0x00, 0x00, 0x00, 0x00, 0x00, 0x00, 0x00, 0x00, 0x00, 0x00, 0x00, 0x00, 0x00, 0x00, 0x00,
    0xFF, 0x7F, 0x00, 0x02, 0x00, 0x00, 0x00, 0x00, 0xF9, 0x8A, 0x11, 0x81, 0xFF, 0x90, 0x13, 0xFE,
    0xF9, 0x8A, 0x12, 0xF9, 0xF9, 0x89, 0x12, 0xFC, 0xF9, 0x89, 0x12, 0xFA, 0xFD, 0x8E, 0x12, 0xFD,
    0xF7, 0x8B, 0x12, 0x63, 0x00, 0x00, 0x00, 0x00, 0xFF, 0xAA, 0x00, 0x03, 0x00, 0x00, 0x00, 0x00,
    0x00, 0x00, 0x00, 0x00, 0xFF, 0xFF, 0x00, 0x01, 0xFF, 0x55, 0x00, 0x03, 0x00, 0x00, 0x00, 0x00,
    0xF9, 0x87, 0x10, 0x5C, 0xFD, 0x8C, 0x12, 0xF6, 0xFE, 0x8D, 0x12, 0xFF, 0xF8, 0x89, 0x12, 0xFB,
    0xF9, 0x89, 0x12, 0xFC, 0xF9, 0x89, 0x12, 0xF8, 0xFF, 0x8F, 0x13, 0xFF, 0xFC, 0x8D, 0x12, 0xD9,
    0xF9, 0x84, 0x0F, 0x32, 0x00, 0x00, 0x00, 0x00, 0xFF, 0xFF, 0x00, 0x01, 0x00, 0x00, 0x00, 0x00,
    0x00, 0x00, 0x00, 0x00, 0x00, 0x00, 0x00, 0x00, 0x00, 0x00, 0x00, 0x00, 0x00, 0x00, 0x00, 0x00,
    0x00, 0x00, 0x00, 0x00, 0x00, 0x00, 0x00, 0x00, 0x00, 0x00, 0x00, 0x00, 0x00, 0x00, 0x00, 0x00,
    0x00, 0x00, 0x00, 0x00, 0x00, 0x00, 0x00, 0x00, 0x00, 0x00, 0x00, 0x00, 0x00, 0x00, 0x00, 0x00,
    0x00, 0x00, 0x00, 0x00, 0x00, 0x00, 0x00, 0x00, 0x00, 0x00, 0x00, 0x00, 0x00, 0x00, 0x00, 0x00,
    0x00, 0x00, 0x00, 0x00, 0x00, 0x00, 0x00, 0x00, 0x00, 0x00, 0x00, 0x00, 0x00, 0x00, 0x00, 0x00,
    0x00, 0x00, 0x00, 0x00, 0x00, 0x00, 0x00, 0x00, 0x00, 0x00, 0x00, 0x00, 0x00, 0x00, 0x00, 0x00,
    0x00, 0x00, 0x00, 0x00, 0x00, 0x00, 0x00, 0x00, 0x00, 0x00, 0x00, 0x00, 0x00, 0x00, 0x00, 0x00,
    0x00, 0x00, 0x00, 0x00, 0x00, 0x00, 0x00, 0x00, 0x00, 0x00, 0x00, 0x00, 0x00, 0x00, 0x00, 0x00,
    0x00, 0x00, 0x00, 0x00, 0x00, 0x00, 0x00, 0x00, 0x00, 0x00, 0x00, 0x00, 0x00, 0x00, 0x00, 0x00,
    0x00, 0x00, 0x00, 0x00, 0x00, 0x00, 0x00, 0x00, 0x00, 0x00, 0x00, 0x00, 0x00, 0x00, 0x00, 0x00,
    0x00, 0x00, 0x00, 0x00, 0x00, 0x00, 0x00, 0x00, 0x00, 0x00, 0x00, 0x00, 0x00, 0x00, 0x00, 0x00,
    0x00, 0x00, 0x00, 0x00, 0x00, 0x00, 0x00, 0x00, 0x00, 0x00, 0x00, 0x00, 0x00, 0x00, 0x00, 0x00,
    0x00, 0x00, 0x00, 0x00, 0x00, 0x00, 0x00, 0x00, 0x00, 0x00, 0x00, 0x00, 0x00, 0x00, 0x00, 0x00,
    0x00, 0x00, 0x00, 0x00, 0x00, 0x00, 0x00, 0x00, 0x00, 0x00, 0x00, 0x00, 0x00, 0x00, 0x00, 0x00,
    0x00, 0x00, 0x00, 0x00, 0x00, 0x00, 0x00, 0x00, 0x00, 0x00, 0x00, 0x00, 0x00, 0x00, 0x00, 0x00,
    0x00, 0x00, 0x00, 0x00, 0x00, 0x00, 0x00, 0x00, 0x00, 0x00, 0x00, 0x00, 0x00, 0x00, 0x00, 0x00,
    0x00, 0x00, 0x00, 0x00, 0x00, 0x00, 0x00, 0x00, 0x00, 0x00, 0x00, 0x00, 0x00, 0x00, 0x00, 0x00,
    0x00, 0x00, 0x00, 0x00, 0x00, 0x00, 0x00, 0x00, 0x00, 0x00, 0x00, 0x00, 0x00, 0x00, 0x00, 0x00,
    0x00, 0x00, 0x00, 0x00, 0x00, 0x00, 0x00, 0x00, 0x00, 0x00, 0x00, 0x00, 0x00, 0x00, 0x00, 0x00,
    0x00, 0x00, 0x00, 0x00, 0x00, 0x00, 0x00, 0x00, 0x00, 0x00, 0x00, 0x00, 0x00, 0x00, 0x00, 0x00,
    0x00, 0x00, 0x00, 0x00, 0x00, 0x00, 0x00, 0x00, 0x00, 0x00, 0x00, 0x00, 0x00, 0x00, 0x00, 0x00,
    0x00, 0x00, 0x00, 0x00, 0x00, 0x00, 0x00, 0x00, 0x00, 0x00, 0x00, 0x00, 0x00, 0x00, 0x00, 0x00,
    0x00, 0x00, 0x00, 0x00, 0x00, 0x00, 0x00, 0x00, 0x00, 0x00, 0x00, 0x00, 0x00, 0x00, 0x00, 0x00,
    0x00, 0x00, 0x00, 0x00, 0x00, 0x00, 0x00, 0x00, 0x00, 0x00, 0x00, 0x00, 0x00, 0x00, 0x00, 0x00,
    0x00, 0x00, 0x00, 0x00, 0x00, 0x00, 0x00, 0x00, 0x00, 0x00, 0x00, 0x00, 0x00, 0x00, 0x00, 0x00,
    0x00, 0x00, 0x00, 0x00, 0x00, 0x00, 0x00, 0x00, 0x00, 0x00, 0x00, 0x00, 0x00, 0x00, 0x00, 0x00,
    0x00, 0x00, 0x00, 0x00, 0x00, 0x00, 0x00, 0x00, 0x00, 0x00, 0x00, 0x00, 0x00, 0x00, 0x00, 0x00,
    0x00, 0x00, 0x00, 0x00, 0x00, 0x00, 0x00, 0x00, 0xFF, 0x55, 0x00, 0x03, 0x00, 0x00, 0x00, 0x00,
    0xFA, 0x89, 0x12, 0x7E, 0xFF, 0x91, 0x13, 0xFF, 0xF8, 0x89, 0x12, 0xFA, 0xF9, 0x89, 0x12, 0xFC,
    0xFA, 0x8A, 0x12, 0xFB, 0xFB, 0x8C, 0x12, 0xF9, 0xF6, 0x89, 0x10, 0x3D, 0x00, 0x00, 0x00, 0x00,
    0xFF, 0xAA, 0x00, 0x03, 0x00, 0x00, 0x00, 0x02, 0x3F, 0x3F, 0x00, 0x04, 0xFF, 0x7F, 0x00, 0x02,
    0xFF, 0xAA, 0x00, 0x03, 0xF9, 0x88, 0x11, 0xBF, 0xFF, 0x98, 0x14, 0xFF, 0xF8, 0x87, 0x12, 0xA7,
    0x00, 0x00, 0x7F, 0x02, 0xFF, 0xFF, 0x00, 0x01, 0x2C, 0x2A, 0x2A, 0xAC, 0x2E, 0x2E, 0x2E, 0xFF,
    0x2B, 0x2B, 0x2B, 0xF9, 0x2A, 0x2A, 0x2A, 0xFC, 0x2A, 0x2A, 0x2A, 0xFC, 0x2A, 0x2A, 0x2A, 0xFC,
    0x2A, 0x2A, 0x2A, 0xFC, 0x2C, 0x2C, 0x2C, 0xF9, 0x2C, 0x2C, 0x2C, 0xFC, 0x29, 0x29, 0x29, 0x75,
    0x00, 0x00, 0x00, 0x00, 0x00, 0x00, 0x00, 0x03, 0x00, 0x00, 0x00, 0x00, 0x00, 0x00, 0x00, 0x00,
    0x00, 0x00, 0x00, 0x00, 0x00, 0x00, 0x00, 0x00, 0x00, 0x00, 0x00, 0x00, 0x00, 0x00, 0x00, 0x00,
    0x00, 0x00, 0x00, 0x02, 0x00, 0x00, 0x00, 0x00, 0x2A, 0x2A, 0x2A, 0x18, 0x2A, 0x2A, 0x2A, 0xE5,
    0x2B, 0x2B, 0x2B, 0xFC, 0x2A, 0x2A, 0x2A, 0xFA, 0x2A, 0x2A, 0x2A, 0xFC, 0x2A, 0x2A, 0x2A, 0xFC,
    0x2A, 0x2A, 0x2A, 0xFC, 0x2A, 0x2A, 0x2A, 0xFC, 0x2A, 0x2A, 0x2A, 0xFC, 0x2C, 0x2B, 0x2A, 0xFD,
    0x2F, 0x2D, 0x2B, 0xFF, 0x2C, 0x2C, 0x2B, 0xFE, 0x1F, 0x25, 0x2C, 0xFC, 0x1B, 0x23, 0x2C, 0xFC,
    0x37, 0x30, 0x29, 0xFC, 0x6A, 0x47, 0x23, 0xFC, 0x72, 0x4B, 0x22, 0xFC, 0x53, 0x3D, 0x25, 0xFC,
    0x30, 0x2D, 0x2A, 0xFC, 0x29, 0x2A, 0x2B, 0xFC, 0x2B, 0x2B, 0x2A, 0xFC, 0x2A, 0x2A, 0x2A, 0xFC,
    0x2B, 0x2B, 0x2B, 0xFB, 0x2D, 0x2D, 0x2D, 0xFF, 0x28, 0x28, 0x28, 0x65, 0x00, 0x00, 0x00, 0x00,
    0x00, 0x00, 0x00, 0x03, 0x00, 0x00, 0x00, 0x03, 0x00, 0x00, 0x00, 0x00, 0x2A, 0x2A, 0x2A, 0x6B,
    0x2D, 0x2D, 0x2D, 0xFF, 0x2A, 0x2A, 0x2A, 0xFA, 0x2A, 0x2A, 0x2A, 0xFC, 0x2B, 0x2B, 0x2B, 0xF9,
    0x2C, 0x2C, 0x2C, 0xFD, 0x2A, 0x2A, 0x2A, 0x6D, 0x00, 0x00, 0x00, 0x00, 0x00, 0x00, 0x00, 0x03,
    0x00, 0x00, 0x00, 0x00, 0x00, 0x00, 0x00, 0x00, 0x00, 0x00, 0x00, 0x01, 0x00, 0x00, 0x00, 0x03,
    0x00, 0x00, 0x00, 0x00, 0x28, 0x28, 0x28, 0x4B, 0x2B, 0x2B, 0x2B, 0xEE, 0x2D, 0x2D, 0x2D, 0xFF,
    0x2A, 0x2A, 0x2A, 0xFA, 0x2A, 0x2A, 0x2A, 0xFC, 0x2B, 0x2B, 0x2B, 0xF8, 0x2C, 0x2C, 0x2C, 0xFF,
    0x2B, 0x2B, 0x2B, 0xDE, 0x29, 0x29, 0x29, 0x37, 0x00, 0x00, 0x00, 0x00, 0x00, 0x00, 0x00, 0x01,
    0x00, 0x00, 0x00, 0x00, 0x00, 0x00, 0x00, 0x00, 0x00, 0x00, 0x00, 0x00, 0x00, 0x00, 0x00, 0x00,
    0x00, 0x00, 0x00, 0x00, 0x00, 0x00, 0x00, 0x00, 0x00, 0x00, 0x00, 0x00, 0xFF, 0xFF, 0x00, 0x01,
    0x00, 0x00, 0x00, 0x00, 0xEF, 0x7F, 0x0F, 0x10, 0xF9, 0x8A, 0x11, 0xD8, 0xFE, 0x8E, 0x13, 0xFF,
    0xF9, 0x8A, 0x12, 0xFD, 0xF9, 0x89, 0x12, 0xFE, 0xFD, 0x8D, 0x12, 0xFF, 0xF9, 0x88, 0x11, 0xE5,
    0xF4, 0x84, 0x0A, 0x19, 0x00, 0x00, 0x00, 0x00, 0xFF, 0x7F, 0x00, 0x02, 0x00, 0x00, 0x00, 0x00,
    0xFF, 0xFF, 0x00, 0x01, 0xFF, 0x7F, 0x00, 0x02, 0x00, 0x00, 0x00, 0x00, 0xFA, 0x88, 0x11, 0x72,
    0xFD, 0x8D, 0x12, 0xFE, 0xFC, 0x8C, 0x12, 0xFF, 0xF9, 0x8A, 0x12, 0xFD, 0xFA, 0x8A, 0x12, 0xFF,
    0xF9, 0x89, 0x12, 0xFB, 0xFF, 0x92, 0x13, 0xFF, 0xFC, 0x8C, 0x11, 0xCC, 0xF7, 0x83, 0x0F, 0x21,
    0x00, 0x00, 0x00, 0x00, 0xFF, 0x7F, 0x00, 0x04, 0x00, 0x00, 0x00, 0x00, 0x00, 0x00, 0x00, 0x00,
    0x00, 0x00, 0x00, 0x00, 0x00, 0x00, 0x00, 0x00, 0x00, 0x00, 0x00, 0x00, 0x00, 0x00, 0x00, 0x00,
    0x00, 0x00, 0x00, 0x00, 0x00, 0x00, 0x00, 0x00, 0x00, 0x00, 0x00, 0x00, 0x00, 0x00, 0x00, 0x00,
    0x00, 0x00, 0x00, 0x00, 0x00, 0x00, 0x00, 0x00, 0x00, 0x00, 0x00, 0x00, 0x00, 0x00, 0x00, 0x00,
    0x00, 0x00, 0x00, 0x00, 0x00, 0x00, 0x00, 0x00, 0x00, 0x00, 0x00, 0x00, 0x00, 0x00, 0x00, 0x00,
    0x00, 0x00, 0x00, 0x00, 0x00, 0x00, 0x00, 0x00, 0x00, 0x00, 0x00, 0x00, 0x00, 0x00, 0x00, 0x00,
    0x00, 0x00, 0x00, 0x00, 0x00, 0x00, 0x00, 0x00, 0x00, 0x00, 0x00, 0x00, 0x00, 0x00, 0x00, 0x00,
    0x00, 0x00, 0x00, 0x00, 0x00, 0x00, 0x00, 0x00, 0x00, 0x00, 0x00, 0x00, 0x00, 0x00, 0x00, 0x00,
    0x00, 0x00, 0x00, 0x00, 0x00, 0x00, 0x00, 0x00, 0x00, 0x00, 0x00, 0x00, 0x00, 0x00, 0x00, 0x00,
    0x00, 0x00, 0x00, 0x00, 0x00, 0x00, 0x00, 0x00, 0x00, 0x00, 0x00, 0x00, 0x00, 0x00, 0x00, 0x00,
    0x00, 0x00, 0x00, 0x00, 0x00, 0x00, 0x00, 0x00, 0x00, 0x00, 0x00, 0x00, 0x00, 0x00, 0x00, 0x00,
    0x00, 0x00, 0x00, 0x00, 0x00, 0x00, 0x00, 0x00, 0x00, 0x00, 0x00, 0x00, 0x00, 0x00, 0x00, 0x00,
    0x00, 0x00, 0x00, 0x00, 0x00, 0x00, 0x00, 0x00, 0x00, 0x00, 0x00, 0x00, 0x00, 0x00, 0x00, 0x00,
    0x00, 0x00, 0x00, 0x00, 0x00, 0x00, 0x00, 0x00, 0x00, 0x00, 0x00, 0x00, 0x00, 0x00, 0x00, 0x00,
    0x00, 0x00, 0x00, 0x00, 0x00, 0x00, 0x00, 0x00, 0x00, 0x00, 0x00, 0x00, 0x00, 0x00, 0x00, 0x00,
    0x00, 0x00, 0x00, 0x00, 0x00, 0x00, 0x00, 0x00, 0x00, 0x00, 0x00, 0x00, 0x00, 0x00, 0x00, 0x00,
    0x00, 0x00, 0x00, 0x00, 0x00, 0x00, 0x00, 0x00, 0x00, 0x00, 0x00, 0x00, 0x00, 0x00, 0x00, 0x00,
    0x00, 0x00, 0x00, 0x00, 0x00, 0x00, 0x00, 0x00, 0x00, 0x00, 0x00, 0x00, 0x00, 0x00, 0x00, 0x00,
    0x00, 0x00, 0x00, 0x00, 0x00, 0x00, 0x00, 0x00, 0x00, 0x00, 0x00, 0x00, 0x00, 0x00, 0x00, 0x00,
    0x00, 0x00, 0x00, 0x00, 0x00, 0x00, 0x00, 0x00, 0x00, 0x00, 0x00, 0x00, 0x00, 0x00, 0x00, 0x00,
    0x00, 0x00, 0x00, 0x00, 0x00, 0x00, 0x00, 0x00, 0x00, 0x00, 0x00, 0x00, 0x00, 0x00, 0x00, 0x00,
    0x00, 0x00, 0x00, 0x00, 0x00, 0x00, 0x00, 0x00, 0x00, 0x00, 0x00, 0x00, 0x00, 0x00, 0x00, 0x00,
    0x00, 0x00, 0x00, 0x00, 0x00, 0x00, 0x00, 0x00, 0x00, 0x00, 0x00, 0x00, 0x00, 0x00, 0x00, 0x00,
    0x00, 0x00, 0x00, 0x00, 0x00, 0x00, 0x00, 0x00, 0x00, 0x00, 0x00, 0x00, 0x00, 0x00, 0x00, 0x00,
    0x00, 0x00, 0x00, 0x00, 0x00, 0x00, 0x00, 0x00, 0x00, 0x00, 0x00, 0x00, 0x00, 0x00, 0x00, 0x00,
    0x00, 0x00, 0x00, 0x00, 0x00, 0x00, 0x00, 0x00, 0x00, 0x00, 0x00, 0x00, 0x00, 0x00, 0x00, 0x00,
    0x00, 0x00, 0x00, 0x00, 0x00, 0x00, 0x00, 0x00, 0x00, 0x00, 0x00, 0x00, 0x00, 0x00, 0x00, 0x00,
    0x00, 0x00, 0x00, 0x00, 0x00, 0x00, 0x00, 0x00, 0x00, 0x00, 0x00, 0x00, 0x00, 0x00, 0x00, 0x00,
    0x00, 0x00, 0x00, 0x00, 0xFF, 0x00, 0x00, 0x01, 0x00, 0x00, 0x00, 0x00, 0xFF, 0x7F, 0x15, 0x0C,
    0xF8, 0x8A, 0x12, 0xD4, 0xFF, 0x8E, 0x13, 0xFF, 0xF9, 0x8A, 0x12, 0xFD, 0xF9, 0x8A, 0x12, 0xFD,
    0xFF, 0x8F, 0x13, 0xFF, 0xF9, 0x88, 0x12, 0xC6, 0xFF, 0x99, 0x00, 0x05, 0xFF, 0x00, 0x00, 0x01,
    0xFF, 0x00, 0x00, 0x01, 0x00, 0x00, 0x00, 0x00, 0xFF, 0xAA, 0x00, 0x03, 0x00, 0x00, 0x00, 0x00,
    0xF9, 0x89, 0x11, 0x57, 0xFD, 0x91, 0x13, 0xFE, 0xFA, 0x8B, 0x11, 0xF1, 0xEC, 0x82, 0x12, 0x29,
    0x00, 0x00, 0x00, 0x00, 0x32, 0x2F, 0x2C, 0x56, 0x2C, 0x2C, 0x2C, 0xFF, 0x2B, 0x2B, 0x2B, 0xFC,
    0x2B, 0x2B, 0x2B, 0xFE, 0x2B, 0x2B, 0x2B, 0xFE, 0x2B, 0x2B, 0x2B, 0xFF, 0x2B, 0x2B, 0x2B, 0xFF,
    0x2B, 0x2B, 0x2B, 0xFF, 0x2B, 0x2B, 0x2B, 0xFD, 0x2D, 0x2D, 0x2D, 0xFF, 0x2A, 0x2A, 0x2A, 0x66,
    0x00, 0x00, 0x00, 0x00, 0x55, 0x55, 0x55, 0x03, 0x00, 0x00, 0x00, 0x00, 0x00, 0x00, 0x00, 0x00,
    0x00, 0x00, 0x00, 0x00, 0x00, 0x00, 0x00, 0x00, 0x00, 0x00, 0x00, 0x00, 0x00, 0x00, 0x00, 0x00,
    0x00, 0x00, 0x00, 0x03, 0x00, 0x00, 0x00, 0x00, 0x2B, 0x2B, 0x2B, 0x69, 0x2D, 0x2D, 0x2D, 0xFF,
    0x2B, 0x2B, 0x2B, 0xFD, 0x2B, 0x2B, 0x2B, 0xFF, 0x2B, 0x2B, 0x2B, 0xFF, 0x2B, 0x2B, 0x2B, 0xFE,
    0x2A, 0x2A, 0x2A, 0xFC, 0x2A, 0x2A, 0x2A, 0xFC, 0x2A, 0x2A, 0x2A, 0xFC, 0x2A, 0x2A, 0x2A, 0xFC,
    0x2A, 0x2A, 0x2A, 0xFC, 0x2A, 0x2A, 0x2A, 0xFC, 0x2D, 0x2B, 0x2A, 0xFC, 0x2E, 0x2C, 0x2A, 0xFC,
    0x27, 0x29, 0x2B, 0xFC, 0x1D, 0x25, 0x2C, 0xFC, 0x2A, 0x2A, 0x2B, 0xFE, 0x42, 0x35, 0x28, 0xFF,
    0x4F, 0x3C, 0x27, 0xFF, 0x38, 0x31, 0x29, 0xFF, 0x29, 0x2A, 0x2B, 0xFF, 0x2C, 0x2B, 0x2B, 0xFF,
    0x2B, 0x2B, 0x2B, 0xFE, 0x2B, 0x2B, 0x2B, 0xFE, 0x27, 0x27, 0x27, 0x5A, 0x00, 0x00, 0x00, 0x00,
    0x3F, 0x3F, 0x3F, 0x04, 0x00, 0x00, 0x00, 0x01, 0x24, 0x24, 0x24, 0x07, 0x2A, 0x2A, 0x2A, 0xC6,
    0x2D, 0x2D, 0x2D, 0xFF, 0x2B, 0x2B, 0x2B, 0xFC, 0x2B, 0x2B, 0x2B, 0xFE, 0x2C, 0x2C, 0x2C, 0xFF,
    0x2B, 0x2B, 0x2B, 0xEB, 0x29, 0x29, 0x29, 0x1F, 0x00, 0x00, 0x00, 0x00, 0x00, 0x00, 0x00, 0x02,
    0x00, 0x00, 0x00, 0x00, 0x00, 0x00, 0x00, 0x01, 0x00, 0x00, 0x00, 0x03, 0x00, 0x00, 0x00, 0x00,
    0x2A, 0x2A, 0x2A, 0x61, 0x2C, 0x2C, 0x2C, 0xF9, 0x2C, 0x2C, 0x2C, 0xFF, 0x2B, 0x2B, 0x2B, 0xFD,
    0x2B, 0x2B, 0x2B, 0xFF, 0x2B, 0x2B, 0x2B, 0xFB, 0x2E, 0x2E, 0x2E, 0xFF, 0x2B, 0x2B, 0x2B, 0xD2,
    0x26, 0x26, 0x26, 0x28, 0x00, 0x00, 0x00, 0x00, 0x00, 0x00, 0x00, 0x04, 0x00, 0x00, 0x00, 0x00,
    0x00, 0x00, 0x00, 0x00, 0x00, 0x00, 0x00, 0x00, 0x00, 0x00, 0x00, 0x00, 0x00, 0x00, 0x00, 0x00,
    0x00, 0x00, 0x00, 0x00, 0x00, 0x00, 0x00, 0x00, 0x00, 0x00, 0x00, 0x00, 0xFF, 0xAA, 0x00, 0x03,
    0x00, 0x00, 0x00, 0x00, 0xF9, 0x8A, 0x12, 0x55, 0xFD, 0x8D, 0x13, 0xFF, 0xF9, 0x89, 0x12, 0xFE,
    0xFA, 0x8A, 0x12, 0xFF, 0xF9, 0x8A, 0x12, 0xFC, 0xFF, 0x91, 0x13, 0xFF, 0xF9, 0x8A, 0x13, 0x93,
    0x00, 0x00, 0x00, 0x00, 0xFF, 0x7F, 0x00, 0x02, 0x00, 0x00, 0x00, 0x00, 0xFF, 0x7F, 0x00, 0x02,
    0x00, 0x00, 0x00, 0x00, 0x00, 0x00, 0x00, 0x00, 0xF9, 0x87, 0x12, 0x89, 0xFF, 0x90, 0x13, 0xFF,
    0xFA, 0x8A, 0x12, 0xFE, 0xF8, 0x89, 0x12, 0xFE, 0xFA, 0x8A, 0x12, 0xFF, 0xF9, 0x89, 0x12, 0xFC,
    0xFF, 0x93, 0x13, 0xFF, 0xFC, 0x8D, 0x12, 0xB8, 0xF2, 0x7F, 0x0C, 0x14, 0x00, 0x00, 0x00, 0x00,
    0xFF, 0xAA, 0x00, 0x03, 0x00, 0x00, 0x00, 0x00, 0x00, 0x00, 0x00, 0x00, 0x00, 0x00, 0x00, 0x00,
    0x00, 0x00, 0x00, 0x00, 0x00, 0x00, 0x00, 0x00, 0x00, 0x00, 0x00, 0x00, 0xFF, 0xFF, 0x00, 0x01,
    0xFF, 0x7F, 0x00, 0x02, 0xFF, 0xAA, 0x00, 0x03, 0xFF, 0xAA, 0x00, 0x03, 0xFF, 0xAA, 0x00, 0x03,
    0xFF, 0xAA, 0x00, 0x03, 0xFF, 0xAA, 0x00, 0x03, 0xFF, 0xAA, 0x00, 0x03, 0xFF, 0xAA, 0x00, 0x03,
    0xFF, 0xAA, 0x00, 0x03, 0xFF, 0xAA, 0x00, 0x03, 0xFF, 0xAA, 0x00, 0x03, 0xFF, 0xAA, 0x00, 0x03,
    0xFF, 0xAA, 0x00, 0x03, 0xFF, 0xAA, 0x00, 0x03, 0xFF, 0x7F, 0x00, 0x02, 0x00, 0x00, 0x00, 0x00,
    0x00, 0x00, 0x00, 0x00, 0xFF, 0x00, 0x00, 0x01, 0xFF, 0xAA, 0x00, 0x03, 0xFF, 0xAA, 0x00, 0x03,
    0xFF, 0xAA, 0x00, 0x03, 0xFF, 0xAA, 0x00, 0x03, 0xFF, 0xAA, 0x00, 0x03, 0xFF, 0xAA, 0x00, 0x03,
    0x00, 0x00, 0x00, 0x00, 0x00, 0x00, 0x00, 0x00, 0x00, 0x00, 0x00, 0x00, 0x00, 0x00, 0x00, 0x00,
    0x00, 0x00, 0x00, 0x00, 0xFF, 0x55, 0x00, 0x03, 0xFF, 0xAA, 0x00, 0x03, 0xFF, 0xAA, 0x00, 0x03,
    0xFF, 0xAA, 0x00, 0x03, 0xFF, 0xAA, 0x00, 0x03, 0xFF, 0xAA, 0x00, 0x03, 0xFF, 0xAA, 0x00, 0x03,
    0xFF, 0x7F, 0x00, 0x02, 0x00, 0x00, 0x00, 0x00, 0x00, 0x00, 0x00, 0x00, 0x00, 0x00, 0x00, 0x00,
    0x00, 0x00, 0x00, 0x00, 0xFF, 0xFF, 0x00, 0x01, 0xFF, 0xAA, 0x00, 0x03, 0xFF, 0xAA, 0x00, 0x03,
    0xFF, 0xAA, 0x00, 0x03, 0xFF, 0xAA, 0x00, 0x03, 0xFF, 0xAA, 0x00, 0x03, 0xFF, 0xAA, 0x00, 0x03,
    0xFF, 0x00, 0x00, 0x01, 0x00, 0x00, 0x00, 0x00, 0x00, 0x00, 0x00, 0x00, 0x00, 0x00, 0x00, 0x00,
    0x00, 0x00, 0x00, 0x00, 0x00, 0x00, 0x00, 0x00, 0xFF, 0xFF, 0x00, 0x01, 0xFF, 0x7F, 0x00, 0x02,
    0xFF, 0xAA, 0x00, 0x03, 0xFF, 0xAA, 0x00, 0x03, 0xFF, 0xAA, 0x00, 0x03, 0xFF, 0xAA, 0x00, 0x03,
    0xFF, 0xAA, 0x00, 0x03, 0xFF, 0xAA, 0x00, 0x03, 0xFF, 0xAA, 0x00, 0x03, 0xFF, 0xAA, 0x00, 0x03,
    0xFF, 0xAA, 0x00, 0x03, 0xFF, 0xAA, 0x00, 0x03, 0xFF, 0xAA, 0x00, 0x03, 0xFF, 0x7F, 0x00, 0x02,
    0xFF, 0x00, 0x00, 0x01, 0x00, 0x00, 0x00, 0x00, 0x00, 0x00, 0x00, 0x00, 0x00, 0x00, 0x00, 0x00,
    0x00, 0x00, 0x00, 0x00, 0x00, 0x00, 0x00, 0x00, 0x00, 0x00, 0x00, 0x00, 0x00, 0x00, 0x00, 0x00,
    0x00, 0x00, 0x00, 0x00, 0x00, 0x00, 0x00, 0x00, 0x00, 0x00, 0x00, 0x00, 0xFF, 0xFF, 0x00, 0x01,
    0xAA, 0x55, 0x00, 0x03, 0xFF, 0xAA, 0x00, 0x03, 0xFF, 0xAA, 0x00, 0x03, 0xFF, 0xAA, 0x00, 0x03,
    0xFF, 0xAA, 0x00, 0x03, 0xFF, 0xAA, 0x00, 0x03, 0xFF, 0xAA, 0x00, 0x03, 0xFF, 0xAA, 0x00, 0x03,
    0xFF, 0x00, 0x00, 0x01, 0x00, 0x00, 0x00, 0x00, 0x00, 0x00, 0x00, 0x00, 0x00, 0x00, 0x00, 0x00,
    0x00, 0x00, 0x00, 0x00, 0x00, 0x00, 0x00, 0x00, 0xFF, 0x00, 0x00, 0x01, 0xFF, 0xFF, 0x00, 0x01,
    0xFF, 0x7F, 0x00, 0x02, 0xFF, 0x55, 0x00, 0x03, 0xFF, 0xAA, 0x00, 0x03, 0xFF, 0xAA, 0x00, 0x03,
    0xFF, 0xAA, 0x00, 0x03, 0xFF, 0xAA, 0x00, 0x03, 0xFF, 0xAA, 0x00, 0x03, 0xFF, 0xAA, 0x00, 0x03,
    0xFF, 0xAA, 0x00, 0x03, 0xFF, 0x7F, 0x00, 0x06, 0xFF, 0x7F, 0x00, 0x02, 0xF8, 0x88, 0x12, 0x52,
    0xFD, 0x8E, 0x13, 0xFF, 0xF9, 0x89, 0x12, 0xFE, 0xFA, 0x8A, 0x12, 0xFF, 0xF9, 0x89, 0x12, 0xFD,
    0xFF, 0x90, 0x13, 0xFF, 0xFC, 0x8B, 0x12, 0x6C, 0x00, 0x00, 0x00, 0x00, 0xFF, 0xAA, 0x00, 0x03,
    0x00, 0x00, 0x00, 0x00, 0xFF, 0xFF, 0x00, 0x01, 0xFF, 0xFF, 0x00, 0x01, 0xFF, 0x94, 0x15, 0x0C,
    0xF9, 0x88, 0x11, 0xD8, 0xFF, 0x96, 0x14, 0xFF, 0xF6, 0x86, 0x10, 0x79, 0x00, 0x00, 0x00, 0x00,
    0x3C, 0x3C, 0x24, 0x15, 0x2A, 0x2A, 0x2A, 0xDD, 0x2C, 0x2C, 0x2C, 0xFF, 0x2B, 0x2B, 0x2B, 0xFD,
    0x2C, 0x2C, 0x2C, 0xFF, 0x2C, 0x2C, 0x2C, 0xFF, 0x2B, 0x2B, 0x2B, 0xFF, 0x2B, 0x2B, 0x2B, 0xFF,
    0x2B, 0x2B, 0x2B, 0xFF, 0x2B, 0x2B, 0x2B, 0xFE, 0x2C, 0x2C, 0x2C, 0xFF, 0x2B, 0x2B, 0x2B, 0x58,
    0x00, 0x00, 0x00, 0x00, 0x00, 0x00, 0x00, 0x03, 0x00, 0x00, 0x00, 0x00, 0x00, 0x00, 0x00, 0x00,
    0x00, 0x00, 0x00, 0x00, 0x00, 0x00, 0x00, 0x00, 0x00, 0x00, 0x00, 0x00, 0x00, 0x00, 0x00, 0x01,
    0x00, 0x00, 0x00, 0x01, 0x3F, 0x3F, 0x3F, 0x04, 0x2B, 0x2B, 0x2B, 0xC2, 0x2D, 0x2D, 0x2D, 0xFF,
    0x2B, 0x2B, 0x2B, 0xFD, 0x2B, 0x2B, 0x2B, 0xFF, 0x2B, 0x2B, 0x2B, 0xFF, 0x2B, 0x2B, 0x2B, 0xFF,
    0x2D, 0x2D, 0x2D, 0xFF, 0x2E, 0x2E, 0x2E, 0xFF, 0x2E, 0x2E, 0x2E, 0xFF, 0x2E, 0x2E, 0x2E, 0xFF,
    0x2E, 0x2E, 0x2E, 0xFF, 0x2E, 0x2E, 0x2E, 0xFF, 0x2E, 0x2E, 0x2E, 0xFF, 0x2D, 0x2E, 0x2E, 0xFF,
    0x2E, 0x2E, 0x2D, 0xFF, 0x30, 0x2F, 0x2D, 0xFF, 0x2C, 0x2C, 0x2C, 0xFF, 0x25, 0x28, 0x2C, 0xFF,
    0x28, 0x29, 0x2B, 0xFF, 0x2D, 0x2C, 0x2B, 0xFF, 0x2B, 0x2B, 0x2B, 0xFF, 0x2B, 0x2B, 0x2B, 0xFE,
    0x2B, 0x2B, 0x2B, 0xFF, 0x2B, 0x2B, 0x2B, 0xF2, 0x2A, 0x2A, 0x2A, 0x2A, 0x00, 0x00, 0x00, 0x00,
    0x3F, 0x3F, 0x3F, 0x04, 0x00, 0x00, 0x00, 0x00, 0x2B, 0x2B, 0x2B, 0x40, 0x2B, 0x2B, 0x2B, 0xFB,
    0x2B, 0x2B, 0x2B, 0xFF, 0x2B, 0x2B, 0x2B, 0xFE, 0x2B, 0x2B, 0x2B, 0xFC, 0x2D, 0x2D, 0x2D, 0xFF,
    0x2B, 0x2B, 0x2B, 0x9D, 0x00, 0x00, 0x00, 0x00, 0x00, 0x00, 0x00, 0x01, 0x00, 0x00, 0x00, 0x00,
    0x00, 0x00, 0x00, 0x01, 0x00, 0x00, 0x00, 0x01, 0x00, 0x00, 0x00, 0x00, 0x2B, 0x2B, 0x2B, 0x76,
    0x2C, 0x2C, 0x2C, 0xFF, 0x2C, 0x2C, 0x2C, 0xFF, 0x2B, 0x2B, 0x2B, 0xFD, 0x2B, 0x2B, 0x2B, 0xFF,
    0x2B, 0x2B, 0x2B, 0xFC, 0x2E, 0x2E, 0x2E, 0xFF, 0x2B, 0x2B, 0x2B, 0xBC, 0x2A, 0x2A, 0x2A, 0x18,
    0x00, 0x00, 0x00, 0x00, 0x00, 0x00, 0x00, 0x03, 0x00, 0x00, 0x00, 0x00, 0x00, 0x00, 0x00, 0x00,
    0x00, 0x00, 0x00, 0x00, 0x00, 0x00, 0x00, 0x00, 0x00, 0x00, 0x00, 0x00, 0x00, 0x00, 0x00, 0x00,
    0x00, 0x00, 0x00, 0x00, 0x00, 0x00, 0x00, 0x00, 0x00, 0x00, 0x00, 0x00, 0xFF, 0xFF, 0x00, 0x01,
    0xFF, 0xFF, 0x00, 0x01, 0xF7, 0x89, 0x12, 0xB2, 0xFF, 0x91, 0x13, 0xFF, 0xF9, 0x89, 0x12, 0xFC,
    0xF9, 0x8A, 0x12, 0xFE, 0xFB, 0x8A, 0x12, 0xFF, 0xFA, 0x8B, 0x12, 0xFA, 0xF6, 0x88, 0x11, 0x3A,
    0x00, 0x00, 0x00, 0x00, 0xFF, 0x55, 0x00, 0x03, 0xFF, 0x55, 0x00, 0x03, 0x00, 0x00, 0x00, 0x00,
    0xFF, 0x91, 0x00, 0x07, 0xFA, 0x8A, 0x11, 0x9E, 0xFF, 0x92, 0x13, 0xFF, 0xFA, 0x8A, 0x12, 0xFC,
    0xF9, 0x89, 0x12, 0xFE, 0xF9, 0x89, 0x12, 0xFE, 0xFA, 0x8A, 0x12, 0xFC, 0xFF, 0x92, 0x13, 0xFF,
    0xFA, 0x8A, 0x11, 0xA2, 0xFF, 0x7F, 0x1F, 0x08, 0x00, 0x00, 0x00, 0x00, 0xAA, 0x55, 0x00, 0x03,
    0x00, 0x00, 0x00, 0x00, 0x00, 0x00, 0x00, 0x00, 0x00, 0x00, 0x00, 0x00, 0x00, 0x00, 0x00, 0x00,
    0x00, 0x00, 0x00, 0x00, 0xFF, 0xAA, 0x00, 0x03, 0xFF, 0xFF, 0x00, 0x01, 0x00, 0x00, 0x00, 0x00,
    0x00, 0x00, 0x00, 0x00, 0x00, 0x00, 0x00, 0x00, 0x00, 0x00, 0x00, 0x00, 0x00, 0x00, 0x00, 0x00,
    0x00, 0x00, 0x00, 0x00, 0x00, 0x00, 0x00, 0x00, 0x00, 0x00, 0x00, 0x00, 0x00, 0x00, 0x00, 0x00,
    0x00, 0x00, 0x00, 0x00, 0x00, 0x00, 0x00, 0x00, 0x00, 0x00, 0x00, 0x00, 0x00, 0x00, 0x00, 0x00,
    0x00, 0x00, 0x00, 0x00, 0x00, 0x00, 0x00, 0x00, 0x00, 0x00, 0x00, 0x00, 0x00, 0x00, 0x00, 0x00,
    0x00, 0x00, 0x00, 0x00, 0x00, 0x00, 0x00, 0x00, 0x00, 0x00, 0x00, 0x00, 0x00, 0x00, 0x00, 0x00,
    0x00, 0x00, 0x00, 0x00, 0x00, 0x00, 0x00, 0x00, 0x00, 0x00, 0x00, 0x00, 0x00, 0x00, 0x00, 0x00,
    0x00, 0x00, 0x00, 0x00, 0x00, 0x00, 0x00, 0x00, 0x00, 0x00, 0x00, 0x00, 0x00, 0x00, 0x00, 0x00,
    0xFF, 0xFF, 0x00, 0x01, 0x00, 0x00, 0x00, 0x00, 0x00, 0x00, 0x00, 0x00, 0x00, 0x00, 0x00, 0x00,
    0x00, 0x00, 0x00, 0x00, 0x00, 0x00, 0x00, 0x00, 0x00, 0x00, 0x00, 0x00, 0x00, 0x00, 0x00, 0x00,
    0x00, 0x00, 0x00, 0x00, 0x00, 0x00, 0x00, 0x00, 0x00, 0x00, 0x00, 0x00, 0x00, 0x00, 0x00, 0x00,
    0x00, 0x00, 0x00, 0x00, 0x00, 0x00, 0x00, 0x00, 0x00, 0x00, 0x00, 0x00, 0x00, 0x00, 0x00, 0x00,
    0x00, 0x00, 0x00, 0x00, 0x00, 0x00, 0x00, 0x00, 0x00, 0x00, 0x00, 0x00, 0x00, 0x00, 0x00, 0x00,
    0x00, 0x00, 0x00, 0x00, 0x00, 0x00, 0x00, 0x00, 0x00, 0x00, 0x00, 0x00, 0x00, 0x00, 0x00, 0x00,
    0xFF, 0xAA, 0x00, 0x03, 0xFF, 0xFF, 0x00, 0x01, 0x00, 0x00, 0x00, 0x00, 0x00, 0x00, 0x00, 0x00,
    0x00, 0x00, 0x00, 0x00, 0x00, 0x00, 0x00, 0x00, 0x00, 0x00, 0x00, 0x00, 0x00, 0x00, 0x00, 0x00,
    0x00, 0x00, 0x00, 0x00, 0x00, 0x00, 0x00, 0x00, 0x00, 0x00, 0x00, 0x00, 0x00, 0x00, 0x00, 0x00,
    0x00, 0x00, 0x00, 0x00, 0x00, 0x00, 0x00, 0x00, 0x00, 0x00, 0x00, 0x00, 0x00, 0x00, 0x00, 0x00,
    0x00, 0x00, 0x00, 0x00, 0xFF, 0x55, 0x00, 0x03, 0x00, 0x00, 0x00, 0x00, 0x00, 0x00, 0x00, 0x00,
    0x00, 0x00, 0x00, 0x00, 0x00, 0x00, 0x00, 0x00, 0x00, 0x00, 0x00, 0x00, 0x00, 0x00, 0x00, 0x00,
    0x00, 0x00, 0x00, 0x00, 0xFF, 0xFF, 0x00, 0x01, 0xFF, 0xAA, 0x00, 0x03, 0x00, 0x00, 0x00, 0x00,
    0x00, 0x00, 0x00, 0x00, 0x00, 0x00, 0x00, 0x00, 0x00, 0x00, 0x00, 0x00, 0x00, 0x00, 0x00, 0x00,
    0x00, 0x00, 0x00, 0x00, 0x00, 0x00, 0x00, 0x00, 0x00, 0x00, 0x00, 0x00, 0x00, 0x00, 0x00, 0x00,
    0x00, 0x00, 0x00, 0x00, 0x00, 0x00, 0x00, 0x00, 0x00, 0x00, 0x00, 0x00, 0x00, 0x00, 0x00, 0x00,
    0xFF, 0x7F, 0x00, 0x02, 0xFF, 0xAA, 0x00, 0x03, 0x00, 0x00, 0x00, 0x00, 0x00, 0x00, 0x00, 0x00,
    0x00, 0x00, 0x00, 0x00, 0x00, 0x00, 0x00, 0x00, 0x00, 0x00, 0x00, 0x00, 0x00, 0x00, 0x00, 0x00,
    0x00, 0x00, 0x00, 0x00, 0x00, 0x00, 0x00, 0x00, 0x00, 0x00, 0x00, 0x00, 0x00, 0x00, 0x00, 0x00,
    0x00, 0x00, 0x00, 0x00, 0x00, 0x00, 0x00, 0x00, 0x00, 0x00, 0x00, 0x00, 0xF9, 0x89, 0x13, 0xAC,
    0xFF, 0x91, 0x13, 0xFF, 0xF9, 0x89, 0x12, 0xFC, 0xF9, 0x89, 0x12, 0xFE, 0xFD, 0x8D, 0x12, 0xFF,
    0xF9, 0x88, 0x11, 0xE9, 0xFF, 0x8E, 0x14, 0x19, 0x00, 0x00, 0x00, 0x00, 0xFF, 0x7F, 0x00, 0x02,
    0x00, 0x00, 0x00, 0x00, 0xAA, 0x55, 0x00, 0x03, 0x00, 0x00, 0x00, 0x00, 0xF8, 0x8A, 0x11, 0x72,
    0xFF, 0x96, 0x13, 0xFF, 0xFA, 0x88, 0x11, 0xD5, 0xDD, 0x77, 0x11, 0x0F, 0x01, 0x00, 0x00, 0x00,
    0x2C, 0x2C, 0x2A, 0x95, 0x2E, 0x2E, 0x2E, 0xFF, 0x2A, 0x2A, 0x2A, 0xFB, 0x2C, 0x2C, 0x2C, 0xFF,
    0x2B, 0x2B, 0x2B, 0xE0, 0x2A, 0x2A, 0x2A, 0xC0, 0x2C, 0x2C, 0x2C, 0xFF, 0x2B, 0x2B, 0x2B, 0xFE,
    0x2B, 0x2B, 0x2B, 0xFE, 0x2B, 0x2B, 0x2B, 0xFF, 0x2B, 0x2B, 0x2B, 0xFF, 0x2D, 0x2D, 0x2D, 0x49,
    0x00, 0x00, 0x00, 0x00, 0x00, 0x00, 0x00, 0x03, 0x00, 0x00, 0x00, 0x00, 0x00, 0x00, 0x00, 0x00,
    0x00, 0x00, 0x00, 0x00, 0x00, 0x00, 0x00, 0x00, 0x00, 0x00, 0x00, 0x00, 0x00, 0x00, 0x00, 0x03,
    0x00, 0x00, 0x00, 0x01, 0x29, 0x29, 0x29, 0x3E, 0x2B, 0x2B, 0x2B, 0xFA, 0x2B, 0x2B, 0x2B, 0xFE,
    0x2B, 0x2B, 0x2B, 0xFE, 0x2B, 0x2B, 0x2B, 0xFE, 0x2B, 0x2B, 0x2B, 0xFF, 0x2B, 0x2B, 0x2B, 0xF2,
    0x29, 0x29, 0x29, 0x94, 0x2A, 0x2A, 0x2A, 0x8A, 0x2B, 0x2B, 0x2B, 0x8C, 0x2B, 0x2B, 0x2B, 0x8C,
    0x2B, 0x2B, 0x2B, 0x8C, 0x2B, 0x2B, 0x2B, 0x8C, 0x2B, 0x2B, 0x2B, 0x8C, 0x2B, 0x2B, 0x2B, 0x8C,
    0x2A, 0x2A, 0x2A, 0x8B, 0x2B, 0x2B, 0x2B, 0xA6, 0x2B, 0x2B, 0x2B, 0xE3, 0x2D, 0x2C, 0x2B, 0xFF,
    0x2C, 0x2B, 0x2B, 0xFE, 0x2A, 0x2B, 0x2B, 0xFF, 0x2B, 0x2B, 0x2B, 0xFF, 0x2B, 0x2B, 0x2B, 0xFC,
    0x2D, 0x2D, 0x2D, 0xFE, 0x2B, 0x2B, 0x2B, 0xBC, 0x3F, 0x3F, 0x3F, 0x04, 0x00, 0x00, 0x00, 0x01,
    0x00, 0x00, 0x00, 0x02, 0x00, 0x00, 0x00, 0x00, 0x2C, 0x2C, 0x2C, 0x9C, 0x2D, 0x2D, 0x2D, 0xFF,
    0x2B, 0x2B, 0x2B, 0xFC, 0x2B, 0x2B, 0x2B, 0xFE, 0x2B, 0x2B, 0x2B, 0xFF, 0x2B, 0x2B, 0x2B, 0xFD,
    0x2D, 0x2D, 0x2D, 0x43, 0x00, 0x00, 0x00, 0x00, 0x00, 0x00, 0x00, 0x03, 0x00, 0x00, 0x00, 0x02,
    0x00, 0x00, 0x00, 0x00, 0x00, 0x00, 0x00, 0x01, 0x2B, 0x2B, 0x2B, 0x8C, 0x2D, 0x2D, 0x2D, 0xFF,
    0x2B, 0x2B, 0x2B, 0xFD, 0x2B, 0x2B, 0x2B, 0xFE, 0x2B, 0x2B, 0x2B, 0xFE, 0x2B, 0x2B, 0x2B, 0xFC,
    0x2E, 0x2E, 0x2E, 0xFF, 0x2A, 0x2A, 0x2A, 0xA9, 0x19, 0x19, 0x19, 0x0A, 0x00, 0x00, 0x00, 0x00,
    0x00, 0x00, 0x00, 0x03, 0x00, 0x00, 0x00, 0x00, 0x00, 0x00, 0x00, 0x00, 0x00, 0x00, 0x00, 0x00,
    0x00, 0x00, 0x00, 0x00, 0x00, 0x00, 0x00, 0x00, 0x00, 0x00, 0x00, 0x00, 0x00, 0x00, 0x00, 0x00,
    0x00, 0x00, 0x00, 0x00, 0x00, 0x00, 0x00, 0x00, 0xFF, 0x7F, 0x00, 0x02, 0x00, 0x00, 0x00, 0x00,
    0xF9, 0x8B, 0x11, 0x2C, 0xFA, 0x8A, 0x11, 0xF3, 0xFD, 0x8B, 0x12, 0xFF, 0xF9, 0x8A, 0x12, 0xFE,
    0xF9, 0x8A, 0x12, 0xFC, 0xFF, 0x8F, 0x13, 0xFF, 0xF9, 0x8B, 0x12, 0xBE, 0xFF, 0x7F, 0x00, 0x04,
    0x00, 0x00, 0x00, 0x00, 0xFF, 0x7F, 0x00, 0x04, 0x00, 0x00, 0x00, 0x00, 0xFF, 0x87, 0x0F, 0x11,
    0xFC, 0x8D, 0x12, 0xB3, 0xFF, 0x92, 0x13, 0xFF, 0xF9, 0x8A, 0x12, 0xFC, 0xFA, 0x8A, 0x12, 0xFF,
    0xF8, 0x89, 0x12, 0xFE, 0xFA, 0x8A, 0x12, 0xFE, 0xFF, 0x90, 0x13, 0xFF, 0xFB, 0x89, 0x12, 0x89,
    0x00, 0x00, 0x00, 0x00, 0x00, 0x00, 0x00, 0x00, 0xFF, 0x7F, 0x00, 0x02, 0x00, 0x00, 0x00, 0x00,
    0x00, 0x00, 0x00, 0x00, 0x00, 0x00, 0x00, 0x00, 0x00, 0x00, 0x00, 0x00, 0xFF, 0x00, 0x00, 0x01,
    0xFF, 0xFF, 0x00, 0x01, 0x00, 0x00, 0x00, 0x00, 0x00, 0x00, 0x00, 0x00, 0xF2, 0x85, 0x0C, 0x15,
    0xFA, 0x87, 0x0F, 0x33, 0xFB, 0x8A, 0x12, 0x51, 0xFC, 0x89, 0x10, 0x5B, 0xF9, 0x89, 0x10, 0x5B,
    0xF9, 0x89, 0x10, 0x5B, 0xF9, 0x89, 0x10, 0x5B, 0xF9, 0x89, 0x10, 0x5B, 0xF9, 0x89, 0x10, 0x5B,
    0xF9, 0x89, 0x10, 0x5B, 0xF9, 0x89, 0x10, 0x5B, 0xF9, 0x89, 0x10, 0x5B, 0xF9, 0x89, 0x10, 0x5B,
    0xF9, 0x88, 0x11, 0x5A, 0xFF, 0x8D, 0x12, 0x5E, 0xF9, 0x87, 0x0F, 0x31, 0x00, 0x00, 0x00, 0x00,
    0x00, 0x00, 0x00, 0x00, 0xFF, 0x86, 0x0D, 0x13, 0xFC, 0x8A, 0x11, 0x5A, 0xF9, 0x87, 0x10, 0x5C,
    0xF9, 0x89, 0x10, 0x5B, 0xF9, 0x89, 0x10, 0x5B, 0xFC, 0x89, 0x10, 0x5D, 0xF8, 0x8A, 0x12, 0x53,
    0xFF, 0x9F, 0x1F, 0x08, 0x00, 0x00, 0x00, 0x00, 0xFF, 0x00, 0x00, 0x01, 0xFF, 0x00, 0x00, 0x01,
    0x00, 0x00, 0x00, 0x00, 0xF7, 0x89, 0x0F, 0x43, 0xFC, 0x8A, 0x12, 0x5E, 0xF6, 0x86, 0x10, 0x5B,
    0xF9, 0x89, 0x10, 0x5B, 0xF9, 0x89, 0x10, 0x5B, 0xF9, 0x88, 0x11, 0x5A, 0xFF, 0x8E, 0x13, 0x5D,
    0xFF, 0x8A, 0x15, 0x30, 0x00, 0x00, 0x00, 0x00, 0xFF, 0xFF, 0x00, 0x01, 0xFF, 0xFF, 0x00, 0x01,
    0xFF, 0x00, 0x00, 0x01, 0xF3, 0x8B, 0x17, 0x16, 0xFC, 0x8A, 0x13, 0x5C, 0xF9, 0x89, 0x10, 0x5B,
    0xF9, 0x89, 0x10, 0x5B, 0xF9, 0x87, 0x10, 0x5C, 0xF9, 0x88, 0x11, 0x5A, 0xF9, 0x8B, 0x12, 0x63,
    0xF6, 0x83, 0x11, 0x1D, 0x00, 0x00, 0x00, 0x00, 0xFF, 0x7F, 0x00, 0x02, 0xFF, 0xFF, 0x00, 0x01,
    0x00, 0x00, 0x00, 0x00, 0x00, 0x00, 0x00, 0x00, 0xF2, 0x85, 0x18, 0x15, 0xF5, 0x88, 0x12, 0x38,
    0xF9, 0x8B, 0x11, 0x56, 0xF9, 0x87, 0x10, 0x5C, 0xF9, 0x89, 0x10, 0x5B, 0xF9, 0x89, 0x10, 0x5B,
    0xF9, 0x89, 0x10, 0x5B, 0xF9, 0x89, 0x10, 0x5B, 0xF9, 0x89, 0x10, 0x5B, 0xF9, 0x89, 0x10, 0x5B,
    0xF9, 0x89, 0x10, 0x5B, 0xF9, 0x8A, 0x10, 0x5C, 0xF8, 0x89, 0x13, 0x50, 0xF8, 0x85, 0x0C, 0x28,
    0xFF, 0x66, 0x00, 0x05, 0x00, 0x00, 0x00, 0x00, 0xFF, 0xFF, 0x00, 0x01, 0x00, 0x00, 0x00, 0x00,
    0x00, 0x00, 0x00, 0x00, 0x00, 0x00, 0x00, 0x00, 0x00, 0x00, 0x00, 0x00, 0x00, 0x00, 0x00, 0x00,
    0xFF, 0x7F, 0x00, 0x02, 0x00, 0x00, 0x00, 0x00, 0x00, 0x00, 0x00, 0x00, 0xFF, 0x8F, 0x0F, 0x10,
    0xFA, 0x8C, 0x11, 0x3C, 0xFC, 0x8A, 0x11, 0x5A, 0xF9, 0x89, 0x10, 0x5B, 0xF9, 0x89, 0x10, 0x5B,
    0xF9, 0x89, 0x10, 0x5B, 0xF9, 0x89, 0x10, 0x5B, 0xF9, 0x89, 0x10, 0x5B, 0xF9, 0x8A, 0x10, 0x5E,
    0xF4, 0x8A, 0x15, 0x18, 0x00, 0x00, 0x00, 0x00, 0xFF, 0xFF, 0x00, 0x01, 0xAA, 0x55, 0x00, 0x03,
    0x00, 0x00, 0x00, 0x00, 0x00, 0x00, 0x00, 0x00, 0xFF, 0x7F, 0x00, 0x04, 0xFF, 0x8B, 0x0B, 0x16,
    0xF8, 0x89, 0x13, 0x27, 0xFA, 0x8B, 0x10, 0x3E, 0xFB, 0x89, 0x11, 0x4A, 0xFB, 0x8A, 0x11, 0x48,
    0xFB, 0x8A, 0x11, 0x48, 0xFB, 0x8A, 0x11, 0x48, 0xFB, 0x8A, 0x11, 0x48, 0xFB, 0x8A, 0x11, 0x48,
    0xFB, 0x89, 0x11, 0x4A, 0xFB, 0x88, 0x12, 0x45, 0xF9, 0x8B, 0x12, 0x5F, 0xF9, 0x8A, 0x12, 0xF3,
    0xFC, 0x8B, 0x12, 0xFF, 0xF9, 0x8A, 0x12, 0xFE, 0xF9, 0x89, 0x12, 0xFC, 0xFF, 0x91, 0x13, 0xFF,
    0xFA, 0x89, 0x11, 0x9C, 0x00, 0x00, 0x00, 0x00, 0xFF, 0x7F, 0x00, 0x02, 0x00, 0x00, 0x00, 0x00,
    0x7F, 0x7F, 0x00, 0x02, 0xFF, 0xFF, 0x00, 0x01, 0xF0, 0x8D, 0x0E, 0x12, 0xFA, 0x89, 0x12, 0xE1,
    0xFB, 0x8F, 0x13, 0xFE, 0xF3, 0x88, 0x12, 0x45, 0x00, 0x00, 0x00, 0x00, 0x33, 0x2F, 0x27, 0x41,
    0x2B, 0x2B, 0x2B, 0xFA, 0x2B, 0x2B, 0x2B, 0xFC, 0x2B, 0x2B, 0x2B, 0xFB, 0x2D, 0x2D, 0x2D, 0xFF,
    0x2C, 0x2C, 0x2C, 0x51, 0x2A, 0x2A, 0x2A, 0x9B, 0x2E, 0x2E, 0x2E, 0xFF, 0x2B, 0x2B, 0x2B, 0xFC,
    0x2B, 0x2B, 0x2B, 0xFE, 0x2B, 0x2B, 0x2B, 0xFF, 0x2A, 0x2A, 0x2A, 0xFC, 0x29, 0x29, 0x29, 0x3D,
    0x00, 0x00, 0x00, 0x00, 0x00, 0x00, 0x00, 0x02, 0x00, 0x00, 0x00, 0x00, 0x00, 0x00, 0x00, 0x00,
    0x00, 0x00, 0x00, 0x00, 0x00, 0x00, 0x00, 0x00, 0x00, 0x00, 0x00, 0x00, 0x00, 0x00, 0x00, 0x02,
    0x00, 0x00, 0x00, 0x00, 0x2A, 0x2A, 0x2A, 0x96, 0x2D, 0x2D, 0x2D, 0xFF, 0x2B, 0x2B, 0x2B, 0xFC,
    0x2B, 0x2B, 0x2B, 0xFF, 0x2B, 0x2B, 0x2B, 0xFC, 0x2D, 0x2D, 0x2D, 0xFF, 0x2A, 0x2A, 0x2A, 0xA2,
    0x00, 0x00, 0x00, 0x00, 0x00, 0x00, 0x00, 0x00, 0x00, 0x00, 0x00, 0x00, 0x00, 0x00, 0x00, 0x00,
    0x00, 0x00, 0x00, 0x00, 0x00, 0x00, 0x00, 0x00, 0x00, 0x00, 0x00, 0x00, 0x00, 0x00, 0x00, 0x00,
    0x00, 0x00, 0x00, 0x00, 0x00, 0x00, 0x00, 0x00, 0x2B, 0x2B, 0x2B, 0x40, 0x2A, 0x2A, 0x2A, 0xFC,
    0x2B, 0x2B, 0x2B, 0xFF, 0x2B, 0x2B, 0x2B, 0xFE, 0x2B, 0x2B, 0x2B, 0xFF, 0x2B, 0x2B, 0x2B, 0xFD,
    0x2C, 0x2C, 0x2C, 0xFF, 0x2B, 0x2B, 0x2B, 0x64, 0x00, 0x00, 0x00, 0x00, 0x33, 0x33, 0x33, 0x05,
    0x00, 0x00, 0x00, 0x00, 0x2D, 0x2D, 0x2D, 0x1C, 0x2A, 0x2A, 0x2A, 0xE8, 0x2C, 0x2C, 0x2C, 0xFF,
    0x2B, 0x2B, 0x2B, 0xFD, 0x2B, 0x2B, 0x2B, 0xFC, 0x2D, 0x2D, 0x2D, 0xFF, 0x2B, 0x2B, 0x2B, 0xC7,
    0x48, 0x48, 0x48, 0x07, 0x00, 0x00, 0x00, 0x00, 0x00, 0x00, 0x00, 0x03, 0x00, 0x00, 0x00, 0x00,
    0x48, 0x48, 0x48, 0x07, 0x2B, 0x2B, 0x2B, 0xA4, 0x2D, 0x2D, 0x2D, 0xFF, 0x2B, 0x2B, 0x2B, 0xFC,
    0x2B, 0x2B, 0x2B, 0xFE, 0x2B, 0x2B, 0x2B, 0xFE, 0x2B, 0x2B, 0x2B, 0xFD, 0x2E, 0x2E, 0x2E, 0xFF,
    0x2B, 0x2B, 0x2B, 0x91, 0x00, 0x00, 0x00, 0x01, 0x00, 0x00, 0x00, 0x00, 0x00, 0x00, 0x00, 0x02,
    0x00, 0x00, 0x00, 0x00, 0x00, 0x00, 0x00, 0x00, 0x00, 0x00, 0x00, 0x00, 0x00, 0x00, 0x00, 0x00,
    0x00, 0x00, 0x00, 0x00, 0x00, 0x00, 0x00, 0x00, 0x00, 0x00, 0x00, 0x00, 0x00, 0x00, 0x00, 0x00,
    0x00, 0x00, 0x00, 0x00, 0x00, 0x00, 0x00, 0x00, 0xFF, 0x7F, 0x00, 0x02, 0x00, 0x00, 0x00, 0x00,
    0xF9, 0x8A, 0x11, 0x85, 0xFF, 0x91, 0x13, 0xFF, 0xF9, 0x89, 0x12, 0xFC, 0xFA, 0x8A, 0x12, 0xFF,
    0xF9, 0x8A, 0x12, 0xFD, 0xFF, 0x90, 0x13, 0xFF, 0xF9, 0x8A, 0x11, 0x65, 0x00, 0x00, 0x00, 0x00,
    0xFF, 0x7F, 0x00, 0x06, 0x00, 0x00, 0x00, 0x00, 0xFF, 0x83, 0x11, 0x1D, 0xFB, 0x8B, 0x11, 0xC9,
    0xFF, 0x92, 0x13, 0xFF, 0xF9, 0x8A, 0x12, 0xFB, 0xFA, 0x8A, 0x12, 0xFF, 0xF9, 0x89, 0x12, 0xFD,
    0xFC, 0x8C, 0x12, 0xFF, 0xFD, 0x8E, 0x13, 0xFE, 0xF8, 0x89, 0x11, 0x73, 0x00, 0x00, 0x00, 0x00,
    0xFF, 0x7F, 0x00, 0x02, 0xFF, 0xFF, 0x00, 0x01, 0x00, 0x00, 0x00, 0x00, 0x00, 0x00, 0x00, 0x00,
    0x00, 0x00, 0x00, 0x00, 0x00, 0x00, 0x00, 0x00, 0x00, 0x00, 0x00, 0x00, 0x00, 0x00, 0x00, 0x00,
    0x00, 0x00, 0x00, 0x00, 0xFB, 0x87, 0x13, 0x4F, 0xFD, 0x8D, 0x12, 0xB4, 0xFB, 0x8B, 0x12, 0xE7,
    0xF9, 0x89, 0x11, 0xFA, 0xFF, 0x8F, 0x13, 0xFF, 0xFF, 0x91, 0x13, 0xFF, 0xFF, 0x91, 0x13, 0xFF,
    0xFF, 0x91, 0x13, 0xFF, 0xFF, 0x91, 0x13, 0xFF, 0xFF, 0x91, 0x13, 0xFF, 0xFF, 0x91, 0x13, 0xFF,
    0xFF, 0x91, 0x13, 0xFF, 0xFF, 0x91, 0x13, 0xFF, 0xFF, 0x91, 0x13, 0xFF, 0xFF, 0x90, 0x13, 0xFF,
    0xFF, 0x90, 0x13, 0xFF, 0xFF, 0x92, 0x13, 0xFF, 0xF8, 0x87, 0x13, 0x4D, 0x00, 0x00, 0x00, 0x00,
    0x00, 0x00, 0x00, 0x00, 0xFB, 0x8A, 0x12, 0x51, 0xFF, 0x94, 0x14, 0xFF, 0xFF, 0x90, 0x13, 0xFF,
    0xFF, 0x91, 0x13, 0xFF, 0xFF, 0x8F, 0x13, 0xFF, 0xFF, 0x96, 0x14, 0xFF, 0xFA, 0x89, 0x12, 0xD1,
    0xFF, 0x7F, 0x1F, 0x08, 0x00, 0x00, 0x00, 0x00, 0xFF, 0xAA, 0x00, 0x03, 0x00, 0x00, 0x00, 0x00,
    0xFA, 0x88, 0x12, 0x36, 0xFC, 0x8C, 0x12, 0xFA, 0xFF, 0x92, 0x13, 0xFF, 0xFF, 0x90, 0x13, 0xFF,
    0xFF, 0x91, 0x13, 0xFF, 0xFF, 0x91, 0x13, 0xFF, 0xFF, 0x8F, 0x13, 0xFF, 0xFF, 0x96, 0x14, 0xFF,
    0xFA, 0x88, 0x11, 0x69, 0x00, 0x00, 0x00, 0x00, 0xFF, 0xAA, 0x00, 0x03, 0xFF, 0x7F, 0x00, 0x02,
    0x00, 0x00, 0x00, 0x00, 0xF7, 0x88, 0x12, 0xA2, 0xFF, 0x97, 0x14, 0xFF, 0xFF, 0x8F, 0x13, 0xFF,
    0xFF, 0x91, 0x13, 0xFF, 0xFF, 0x8F, 0x13, 0xFF, 0xFF, 0x96, 0x14, 0xFF, 0xFA, 0x8C, 0x11, 0xDA,
    0xF3, 0x85, 0x16, 0x17, 0xFF, 0x7F, 0x00, 0x02, 0x00, 0x00, 0x00, 0x00, 0x00, 0x00, 0x00, 0x00,
    0xFB, 0x8A, 0x10, 0x4F, 0xFA, 0x8C, 0x12, 0xB2, 0xFB, 0x8B, 0x12, 0xE7, 0xF9, 0x8A, 0x12, 0xFD,
    0xFF, 0x90, 0x13, 0xFF, 0xFF, 0x91, 0x13, 0xFF, 0xFF, 0x91, 0x13, 0xFF, 0xFF, 0x91, 0x13, 0xFF,
    0xFF, 0x91, 0x13, 0xFF, 0xFF, 0x91, 0x13, 0xFF, 0xFF, 0x91, 0x13, 0xFF, 0xFF, 0x91, 0x13, 0xFF,
    0xFF, 0x91, 0x13, 0xFF, 0xFF, 0x91, 0x13, 0xFF, 0xFF, 0x8E, 0x13, 0xFF, 0xFB, 0x8A, 0x11, 0xF4,
    0xFB, 0x8C, 0x12, 0xCF, 0xF9, 0x89, 0x11, 0x59, 0x00, 0x00, 0x00, 0x00, 0xFF, 0x00, 0x00, 0x01,
    0x00, 0x00, 0x00, 0x00, 0x00, 0x00, 0x00, 0x00, 0x00, 0x00, 0x00, 0x00, 0xFF, 0x7F, 0x00, 0x02,
    0x00, 0x00, 0x00, 0x00, 0xF2, 0x85, 0x18, 0x15, 0xF9, 0x8B, 0x11, 0x8F, 0xFB, 0x8A, 0x11, 0xE3,
    0xFA, 0x8A, 0x12, 0xFF, 0xFF, 0x91, 0x13, 0xFF, 0xFF, 0x91, 0x13, 0xFF, 0xFF, 0x91, 0x13, 0xFF,
    0xFF, 0x91, 0x13, 0xFF, 0xFF, 0x90, 0x13, 0xFF, 0xFF, 0x95, 0x13, 0xFF, 0xF9, 0x8A, 0x11, 0xE5,
    0xFF, 0x85, 0x0C, 0x15, 0x00, 0x00, 0x00, 0x00, 0xFF, 0xAA, 0x00, 0x03, 0x00, 0x00, 0x00, 0x00,
    0xF6, 0x83, 0x10, 0x1F, 0xFB, 0x89, 0x11, 0x82, 0xFB, 0x8A, 0x12, 0xCD, 0xFB, 0x8A, 0x12, 0xE9,
    0xF9, 0x89, 0x11, 0xF4, 0xFB, 0x8A, 0x12, 0xFF, 0xFF, 0x8E, 0x13, 0xFF, 0xFF, 0x8D, 0x13, 0xFF,
    0xFF, 0x8D, 0x13, 0xFF, 0xFF, 0x8D, 0x13, 0xFF, 0xFF, 0x8D, 0x13, 0xFF, 0xFF, 0x8D, 0x13, 0xFF,
    0xFF, 0x8D, 0x13, 0xFF, 0xFF, 0x8D, 0x12, 0xFF, 0xFF, 0x8E, 0x13, 0xFF, 0xFC, 0x8B, 0x12, 0xFF,
    0xFA, 0x8A, 0x12, 0xFF, 0xFA, 0x8A, 0x12, 0xFE, 0xFB, 0x8A, 0x12, 0xFF, 0xFB, 0x8B, 0x12, 0xFC,
    0xFA, 0x87, 0x10, 0x3E, 0x00, 0x00, 0x00, 0x00, 0xFF, 0x55, 0x00, 0x03, 0x00, 0x00, 0x00, 0x00,
    0xFF, 0x55, 0x00, 0x03, 0x00, 0x00, 0x00, 0x00, 0xFA, 0x88, 0x11, 0x78, 0xFF, 0x99, 0x14, 0xFF,
    0xF7, 0x87, 0x11, 0xAD, 0x00, 0x00, 0x00, 0x00, 0x66, 0x33, 0x33, 0x0A, 0x2B, 0x2B, 0x2B, 0xCC,
    0x2D, 0x2D, 0x2D, 0xFF, 0x2B, 0x2B, 0x2B, 0xF9, 0x2E, 0x2E, 0x2E, 0xFF, 0x2A, 0x2A, 0x2A, 0x9C,
    0x00, 0x00, 0x00, 0x00, 0x2C, 0x2C, 0x2C, 0xBF, 0x2D, 0x2D, 0x2D, 0xFF, 0x2B, 0x2B, 0x2B, 0xFC,
    0x2B, 0x2B, 0x2B, 0xFE, 0x2B, 0x2B, 0x2B, 0xFF, 0x2A, 0x2A, 0x2A, 0xF4, 0x2C, 0x2C, 0x2C, 0x2E,
    0x00, 0x00, 0x00, 0x00, 0x00, 0x00, 0x00, 0x02, 0x00, 0x00, 0x00, 0x00, 0x00, 0x00, 0x00, 0x00,
    0x00, 0x00, 0x00, 0x00, 0x00, 0x00, 0x00, 0x00, 0x00, 0x00, 0x00, 0x02, 0x00, 0x00, 0x00, 0x00,
    0x25, 0x25, 0x25, 0x1B, 0x2B, 0x2B, 0x2B, 0xE7, 0x2C, 0x2C, 0x2C, 0xFF, 0x2B, 0x2B, 0x2B, 0xFD,
    0x2B, 0x2B, 0x2B, 0xFF, 0x2B, 0x2B, 0x2B, 0xFE, 0x2B, 0x2B, 0x2B, 0xFD, 0x2A, 0x2A, 0x2A, 0x48,
    0x00, 0x00, 0x00, 0x02, 0x2A, 0x2A, 0x2A, 0x06, 0x55, 0x55, 0x55, 0x03, 0x55, 0x55, 0x55, 0x03,
    0x55, 0x55, 0x55, 0x03, 0x55, 0x55, 0x55, 0x03, 0x55, 0x55, 0x55, 0x03, 0x55, 0x55, 0x55, 0x03,
    0x2A, 0x2A, 0x2A, 0x06, 0x00, 0x00, 0x00, 0x02, 0x2A, 0x2A, 0x2A, 0x55, 0x2C, 0x2C, 0x2C, 0xFE,
    0x2B, 0x2B, 0x2B, 0xFE, 0x2B, 0x2B, 0x2B, 0xFF, 0x2B, 0x2B, 0x2B, 0xFD, 0x2C, 0x2C, 0x2C, 0xFF,
    0x2A, 0x2A, 0x2A, 0xE2, 0x2A, 0x2A, 0x2A, 0x18, 0x00, 0x00, 0x00, 0x00, 0x3F, 0x3F, 0x3F, 0x04,
    0x00, 0x00, 0x00, 0x00, 0x2B, 0x2B, 0x2B, 0x6F, 0x2D, 0x2D, 0x2D, 0xFF, 0x2B, 0x2B, 0x2B, 0xFD,
    0x2B, 0x2B, 0x2B, 0xFF, 0x2B, 0x2B, 0x2B, 0xFD, 0x2D, 0x2D, 0x2D, 0xFF, 0x2B, 0x2B, 0x2B, 0x6F,
    0x00, 0x00, 0x00, 0x00, 0x2A, 0x2A, 0x2A, 0x06, 0x00, 0x00, 0x00, 0x00, 0x2A, 0x2A, 0x2A, 0x12,
    0x2C, 0x2C, 0x2C, 0xB9, 0x2E, 0x2E, 0x2E, 0xFF, 0x2B, 0x2B, 0x2B, 0xFC, 0x2B, 0x2B, 0x2B, 0xFF,
    0x2B, 0x2B, 0x2B, 0xFD, 0x2C, 0x2C, 0x2C, 0xFF, 0x2C, 0x2C, 0x2C, 0xFF, 0x2C, 0x2C, 0x2C, 0x79,
    0x00, 0x00, 0x00, 0x00, 0x00, 0x00, 0x00, 0x01, 0x00, 0x00, 0x00, 0x02, 0x00, 0x00, 0x00, 0x00,
    0x00, 0x00, 0x00, 0x00, 0x00, 0x00, 0x00, 0x00, 0x00, 0x00, 0x00, 0x00, 0x00, 0x00, 0x00, 0x00,
    0x00, 0x00, 0x00, 0x00, 0x00, 0x00, 0x00, 0x00, 0x00, 0x00, 0x00, 0x00, 0x00, 0x00, 0x00, 0x00,
    0x00, 0x00, 0x00, 0x00, 0xFF, 0xFF, 0x00, 0x01, 0x00, 0x00, 0x00, 0x00, 0xEE, 0x88, 0x11, 0x0F,
    0xF9, 0x8A, 0x11, 0xD8, 0xFE, 0x8E, 0x13, 0xFF, 0xF9, 0x8A, 0x12, 0xFD, 0xFA, 0x8A, 0x12, 0xFD,
    0xFD, 0x8D, 0x12, 0xFF, 0xF9, 0x89, 0x12, 0xE2, 0xFF, 0x8A, 0x15, 0x18, 0xFF, 0xAA, 0x00, 0x03,
    0x00, 0x00, 0x00, 0x00, 0xF9, 0x8B, 0x11, 0x2C, 0xFB, 0x8B, 0x11, 0xD9, 0xFF, 0x91, 0x13, 0xFF,
    0xF9, 0x89, 0x12, 0xFB, 0xFA, 0x8A, 0x12, 0xFF, 0xF9, 0x89, 0x12, 0xFC, 0xFF, 0x8D, 0x13, 0xFF,
    0xFB, 0x8C, 0x12, 0xF7, 0xF9, 0x8A, 0x10, 0x5C, 0x00, 0x00, 0x00, 0x00, 0xFF, 0x7F, 0x00, 0x02,
    0xFF, 0x00, 0x00, 0x01, 0x00, 0x00, 0x00, 0x00, 0x00, 0x00, 0x00, 0x00, 0x00, 0x00, 0x00, 0x00,
    0x00, 0x00, 0x00, 0x00, 0xFF, 0x00, 0x00, 0x01, 0x7F, 0x7F, 0x00, 0x02, 0xFF, 0x7F, 0x00, 0x02,
    0xF9, 0x89, 0x11, 0x93, 0xFF, 0x91, 0x13, 0xFF, 0xFF, 0x91, 0x13, 0xFF, 0xFF, 0x8D, 0x12, 0xFF,
    0xFB, 0x8B, 0x12, 0xFF, 0xF9, 0x8A, 0x12, 0xFD, 0xF9, 0x8A, 0x12, 0xFC, 0xF9, 0x8A, 0x12, 0xFC,
    0xF9, 0x8A, 0x12, 0xFC, 0xF9, 0x8A, 0x12, 0xFC, 0xF9, 0x8A, 0x12, 0xFC, 0xF9, 0x8A, 0x12, 0xFC,
    0xF9, 0x8A, 0x12, 0xFC, 0xF9, 0x8A, 0x12, 0xFC, 0xF9, 0x8A, 0x12, 0xFC, 0xF9, 0x89, 0x12, 0xFA,
    0xFF, 0x8F, 0x13, 0xFC, 0xF9, 0x89, 0x11, 0xC3, 0xFF, 0xAA, 0x55, 0x03, 0xFF, 0x7F, 0x00, 0x02,
    0x00, 0x00, 0x00, 0x00, 0xFA, 0x8A, 0x13, 0x76, 0xFF, 0x90, 0x13, 0xFC, 0xF9, 0x89, 0x12, 0xFA,
    0xF9, 0x8A, 0x12, 0xFC, 0xFA, 0x8A, 0x12, 0xF9, 0xFF, 0x91, 0x13, 0xFC, 0xF9, 0x8A, 0x11, 0x8E,
    0x00, 0x00, 0x00, 0x00, 0xFF, 0xAA, 0x00, 0x03, 0xFF, 0x7F, 0x00, 0x02, 0xFF, 0x7F, 0x3F, 0x04,
    0xFA, 0x8A, 0x12, 0xBE, 0xFF, 0x90, 0x13, 0xFF, 0xF9, 0x89, 0x12, 0xFA, 0xFA, 0x8A, 0x12, 0xFC,
    0xF9, 0x8A, 0x12, 0xFC, 0xF9, 0x8A, 0x12, 0xFB, 0xFC, 0x8A, 0x12, 0xFC, 0xF9, 0x89, 0x11, 0xF4,
    0xF9, 0x8A, 0x0F, 0x30, 0x00, 0x00, 0x00, 0x00, 0xFF, 0x66, 0x00, 0x05, 0x00, 0x00, 0x00, 0x00,
    0xFB, 0x8B, 0x13, 0x42, 0xFC, 0x8D, 0x12, 0xFB, 0xFB, 0x8B, 0x12, 0xFB, 0xF9, 0x89, 0x12, 0xFC,
    0xF9, 0x8A, 0x12, 0xFB, 0xFB, 0x8B, 0x12, 0xFA, 0xFC, 0x8C, 0x12, 0xF5, 0xFA, 0x86, 0x12, 0x37,
    0x00, 0x00, 0x00, 0x00, 0xFF, 0xFF, 0x00, 0x01, 0xE5, 0x7F, 0x19, 0x0A, 0xFB, 0x89, 0x13, 0xA0,
    0xFF, 0x90, 0x13, 0xFF, 0xFF, 0x91, 0x13, 0xFF, 0xFF, 0x8D, 0x12, 0xFF, 0xFB, 0x8A, 0x12, 0xFF,
    0xF9, 0x8A, 0x12, 0xFD, 0xF9, 0x8A, 0x12, 0xFC, 0xF9, 0x8A, 0x12, 0xFC, 0xF9, 0x8A, 0x12, 0xFC,
    0xF9, 0x8A, 0x12, 0xFC, 0xF9, 0x8A, 0x12, 0xFC, 0xF9, 0x8A, 0x12, 0xFC, 0xF9, 0x8A, 0x12, 0xFC,
    0xF9, 0x8A, 0x12, 0xFC, 0xF9, 0x8A, 0x12, 0xFC, 0xF9, 0x8A, 0x12, 0xFD, 0xFC, 0x8B, 0x12, 0xFF,
    0xFF, 0x8F, 0x13, 0xFF, 0xFF, 0x91, 0x13, 0xFF, 0xF9, 0x8A, 0x11, 0x5A, 0x00, 0x00, 0x00, 0x00,
    0xFF, 0x7F, 0x00, 0x02, 0x00, 0x00, 0x00, 0x00, 0xFF, 0x7F, 0x00, 0x02, 0x00, 0x00, 0x00, 0x00,
    0xF8, 0x88, 0x12, 0x29, 0xFB, 0x8B, 0x13, 0xD6, 0xFF, 0x94, 0x13, 0xFF, 0xFF, 0x8C, 0x12, 0xFF,
    0xFA, 0x8A, 0x12, 0xFF, 0xF9, 0x8A, 0x12, 0xFC, 0xF9, 0x8A, 0x12, 0xFC, 0xF9, 0x8A, 0x12, 0xFC,
    0xF9, 0x8A, 0x12, 0xFC, 0xF9, 0x89, 0x12, 0xFA, 0xFF, 0x91, 0x13, 0xFE, 0xF8, 0x88, 0x12, 0x7B,
    0x00, 0x00, 0x00, 0x00, 0xFF, 0x66, 0x00, 0x05, 0x00, 0x00, 0x00, 0x00, 0xF9, 0x86, 0x11, 0x59,
    0xFC, 0x8D, 0x12, 0xE9, 0xFF, 0x93, 0x13, 0xFF, 0xFF, 0x8F, 0x13, 0xFF, 0xFF, 0x8C, 0x12, 0xFF,
    0xFD, 0x8B, 0x12, 0xFF, 0xFA, 0x8A, 0x12, 0xFF, 0xF9, 0x89, 0x12, 0xFE, 0xF9, 0x89, 0x12, 0xFE,
    0xF9, 0x89, 0x12, 0xFE, 0xF9, 0x89, 0x12, 0xFE, 0xF9, 0x89, 0x12, 0xFE, 0xF9, 0x89, 0x12, 0xFE,
    0xF9, 0x89, 0x12, 0xFE, 0xF9, 0x89, 0x12, 0xFE, 0xF9, 0x8A, 0x12, 0xFD, 0xF9, 0x8A, 0x12, 0xFE,
    0xFA, 0x8A, 0x12, 0xFF, 0xF9, 0x8A, 0x12, 0xFC, 0xFF, 0x90, 0x13, 0xFE, 0xF9, 0x88, 0x12, 0xC6,
    0xD4, 0x7F, 0x00, 0x06, 0x00, 0x00, 0x00, 0x00, 0xFF, 0x00, 0x00, 0x01, 0xFF, 0x7F, 0x00, 0x02,
    0xFF, 0x00, 0x00, 0x01, 0xFF, 0x8D, 0x12, 0x1B, 0xFB, 0x8D, 0x12, 0xEB, 0xFB, 0x8E, 0x12, 0xEB,
    0xE7, 0x83, 0x17, 0x21, 0x00, 0x00, 0x00, 0x00, 0x2F, 0x2B, 0x29, 0x7C, 0x2E, 0x2E, 0x2E, 0xFF,
    0x2A, 0x2A, 0x2A, 0xFA, 0x2C, 0x2C, 0x2C, 0xFF, 0x2B, 0x2B, 0x2B, 0xD9, 0x2F, 0x2F, 0x2F, 0x10,
    0x2A, 0x2A, 0x2A, 0x06, 0x2B, 0x2B, 0x2B, 0xCD, 0x2D, 0x2D, 0x2D, 0xFF, 0x2B, 0x2B, 0x2B, 0xFD,
    0x2B, 0x2B, 0x2B, 0xFE, 0x2C, 0x2C, 0x2C, 0xFF, 0x2B, 0x2B, 0x2B, 0xEC, 0x26, 0x26, 0x26, 0x21,
    0x00, 0x00, 0x00, 0x00, 0x00, 0x00, 0x00, 0x02, 0x00, 0x00, 0x00, 0x00, 0x00, 0x00, 0x00, 0x00,
    0x00, 0x00, 0x00, 0x00, 0x00, 0x00, 0x00, 0x00, 0x00, 0x00, 0x00, 0x03, 0x00, 0x00, 0x00, 0x00,
    0x2C, 0x2C, 0x2C, 0x68, 0x2D, 0x2D, 0x2D, 0xFF, 0x2B, 0x2B, 0x2B, 0xFD, 0x2B, 0x2B, 0x2B, 0xFF,
    0x2B, 0x2B, 0x2B, 0xFD, 0x2D, 0x2D, 0x2D, 0xFF, 0x2A, 0x2A, 0x2A, 0xCC, 0x1F, 0x1F, 0x1F, 0x08,
    0x00, 0x00, 0x00, 0x01, 0x00, 0x00, 0x00, 0x01, 0x00, 0x00, 0x00, 0x00, 0x00, 0x00, 0x00, 0x00,
    0x00, 0x00, 0x00, 0x00, 0x00, 0x00, 0x00, 0x00, 0x00, 0x00, 0x00, 0x00, 0x00, 0x00, 0x00, 0x00,
    0x00, 0x00, 0x00, 0x01, 0x00, 0x00, 0x00, 0x01, 0x2A, 0x2A, 0x2A, 0xAF, 0x2D, 0x2D, 0x2D, 0xFF,
    0x2B, 0x2B, 0x2B, 0xFC, 0x2B, 0x2B, 0x2B, 0xFF, 0x2B, 0x2B, 0x2B, 0xFC, 0x2D, 0x2D, 0x2D, 0xFF,
    0x2B, 0x2B, 0x2B, 0x92, 0x00, 0x00, 0x00, 0x00, 0x55, 0x55, 0x55, 0x03, 0x00, 0x00, 0x00, 0x00,
    0x2A, 0x2A, 0x2A, 0x06, 0x2A, 0x2A, 0x2A, 0xC7, 0x2C, 0x2C, 0x2C, 0xFF, 0x2B, 0x2B, 0x2B, 0xFD,
    0x2B, 0x2B, 0x2B, 0xFE, 0x2C, 0x2C, 0x2C, 0xFF, 0x2A, 0x2A, 0x2A, 0xE8, 0x33, 0x33, 0x33, 0x1E,
    0x00, 0x00, 0x00, 0x03, 0x00, 0x00, 0x00, 0x00, 0x2F, 0x2F, 0x2F, 0x20, 0x2A, 0x2A, 0x2A, 0xCA,
    0x2E, 0x2E, 0x2E, 0xFF, 0x2A, 0x2A, 0x2A, 0xFB, 0x2B, 0x2B, 0x2B, 0xFF, 0x2B, 0x2B, 0x2B, 0xFD,
    0x2C, 0x2C, 0x2C, 0xFF, 0x2B, 0x2B, 0x2B, 0xFA, 0x2A, 0x2A, 0x2A, 0x60, 0x00, 0x00, 0x00, 0x00,
    0x00, 0x00, 0x00, 0x03, 0x00, 0x00, 0x00, 0x01, 0x00, 0x00, 0x00, 0x00, 0x00, 0x00, 0x00, 0x00,
    0x00, 0x00, 0x00, 0x00, 0x00, 0x00, 0x00, 0x00, 0x00, 0x00, 0x00, 0x00, 0x00, 0x00, 0x00, 0x00,
    0x00, 0x00, 0x00, 0x00, 0x00, 0x00, 0x00, 0x00, 0x00, 0x00, 0x00, 0x00, 0x00, 0x00, 0x00, 0x00,
    0x00, 0x00, 0x00, 0x00, 0xFF, 0x55, 0x00, 0x03, 0x00, 0x00, 0x00, 0x00, 0xF6, 0x89, 0x11, 0x59,
    0xFD, 0x8E, 0x12, 0xFF, 0xF9, 0x89, 0x12, 0xFE, 0xFA, 0x8A, 0x12, 0xFF, 0xF9, 0x89, 0x12, 0xFC,
    0xFF, 0x91, 0x13, 0xFF, 0xFB, 0x89, 0x11, 0x93, 0x00, 0x00, 0x00, 0x00, 0x00, 0x00, 0x00, 0x00,
    0xF7, 0x87, 0x13, 0x40, 0xFB, 0x8C, 0x12, 0xE6, 0xFF, 0x90, 0x13, 0xFF, 0xF9, 0x89, 0x12, 0xFC,
    0xFA, 0x8A, 0x12, 0xFF, 0xF9, 0x89, 0x12, 0xFC, 0xFF, 0x8F, 0x13, 0xFF, 0xFC, 0x8C, 0x12, 0xEA,
    0xF7, 0x89, 0x0F, 0x43, 0x00, 0x00, 0x00, 0x00, 0xFF, 0xAA, 0x00, 0x03, 0xFF, 0x00, 0x00, 0x01,
    0x00, 0x00, 0x00, 0x00, 0x00, 0x00, 0x00, 0x00, 0x00, 0x00, 0x00, 0x00, 0x00, 0x00, 0x00, 0x00,
    0x00, 0x00, 0x00, 0x00, 0xFF, 0x7F, 0x00, 0x02, 0x00, 0x00, 0x00, 0x00, 0xF8, 0x89, 0x12, 0x7C,
    0xFF, 0x94, 0x13, 0xFF, 0xFA, 0x8A, 0x12, 0xFC, 0xF9, 0x89, 0x12, 0xFC, 0xF9, 0x89, 0x12, 0xFE,
    0xF9, 0x8A, 0x12, 0xFD, 0xF9, 0x89, 0x12, 0xFC, 0xF9, 0x89, 0x12, 0xFC, 0xF9, 0x89, 0x12, 0xFC,
    0xF9, 0x89, 0x12, 0xFC, 0xF9, 0x89, 0x12, 0xFC, 0xF9, 0x89, 0x12, 0xFC, 0xF9, 0x89, 0x12, 0xFC,
    0xF9, 0x89, 0x12, 0xFC, 0xF9, 0x89, 0x12, 0xFC, 0xF9, 0x89, 0x12, 0xFC, 0xF9, 0x89, 0x12, 0xFA,
    0xFF, 0x8F, 0x13, 0xFF, 0xFA, 0x8B, 0x13, 0x6A, 0x00, 0x00, 0x00, 0x00, 0xFF, 0x99, 0x00, 0x05,
    0x00, 0x00, 0x00, 0x00, 0xFB, 0x8B, 0x12, 0xA3, 0xFF, 0x91, 0x13, 0xFF, 0xF9, 0x89, 0x12, 0xFC,
    0xFA, 0x8A, 0x12, 0xFF, 0xF9, 0x8A, 0x12, 0xFD, 0xFE, 0x8E, 0x13, 0xFF, 0xF9, 0x8A, 0x11, 0x5A,
    0x00, 0x00, 0x00, 0x00, 0xD4, 0x7F, 0x00, 0x06, 0x00, 0x00, 0x00, 0x00, 0xF9, 0x89, 0x11, 0x64,
    0xFF, 0x90, 0x13, 0xFF, 0xFA, 0x8A, 0x12, 0xFC, 0xFA, 0x8A, 0x12, 0xFF, 0xFA, 0x8A, 0x12, 0xFF,
    0xFA, 0x8A, 0x12, 0xFF, 0xF9, 0x8A, 0x12, 0xFD, 0xFF, 0x8E, 0x13, 0xFF, 0xFA, 0x8A, 0x11, 0xD8,
    0xFF, 0x89, 0x13, 0x0D, 0x00, 0x00, 0x00, 0x00, 0xFF, 0x55, 0x00, 0x03, 0xFF, 0x91, 0x24, 0x07,
    0xF8, 0x8A, 0x11, 0xC9, 0xFF, 0x90, 0x13, 0xFF, 0xF9, 0x89, 0x12, 0xFC, 0xFA, 0x8A, 0x12, 0xFF,
    0xF9, 0x89, 0x12, 0xFC, 0xFF, 0x92, 0x13, 0xFF, 0xF9, 0x87, 0x12, 0x89, 0x00, 0x00, 0x00, 0x00,
    0xFF, 0xAA, 0x00, 0x03, 0xFF, 0x91, 0x00, 0x07, 0xFA, 0x8A, 0x12, 0xB3, 0xFF, 0x94, 0x13, 0xFF,
    0xF9, 0x89, 0x12, 0xFC, 0xF9, 0x89, 0x12, 0xFC, 0xF9, 0x89, 0x12, 0xFE, 0xF9, 0x8A, 0x12, 0xFD,
    0xF9, 0x8A, 0x12, 0xFC, 0xF9, 0x89, 0x12, 0xFC, 0xF9, 0x89, 0x12, 0xFC, 0xF9, 0x89, 0x12, 0xFC,
    0xF9, 0x89, 0x12, 0xFC, 0xF9, 0x89, 0x12, 0xFC, 0xF9, 0x8A, 0x12, 0xFD, 0xF9, 0x8A, 0x12, 0xFE,
    0xFA, 0x8A, 0x12, 0xFF, 0xFA, 0x8A, 0x12, 0xFF, 0xFA, 0x8A, 0x12, 0xFF, 0xF9, 0x8A, 0x12, 0xFE,
    0xF8, 0x89, 0x12, 0xFA, 0xFF, 0x90, 0x13, 0xFE, 0xFA, 0x8B, 0x11, 0xB9, 0x00, 0x00, 0x00, 0x00,
    0xFF, 0x00, 0x00, 0x01, 0xFF, 0x7F, 0x00, 0x02, 0xFF, 0xFF, 0x00, 0x01, 0xF2, 0x85, 0x18, 0x15,
    0xFA, 0x8A, 0x11, 0xD8, 0xFF, 0x92, 0x13, 0xFF, 0xF9, 0x89, 0x12, 0xFA, 0xF9, 0x89, 0x12, 0xFE,
    0xFA, 0x8A, 0x12, 0xFF, 0xF9, 0x89, 0x12, 0xFE, 0xF9, 0x89, 0x12, 0xFC, 0xF9, 0x89, 0x12, 0xFC,
    0xF9, 0x8A, 0x12, 0xFB, 0xFC, 0x8B, 0x12, 0xFC, 0xF9, 0x8A, 0x11, 0xF2, 0xF8, 0x88, 0x12, 0x29,
    0xFF, 0x00, 0x00, 0x01, 0x00, 0x00, 0x00, 0x00, 0xF9, 0x88, 0x12, 0x5F, 0xFF, 0x8F, 0x13, 0xFF,
    0xFE, 0x8D, 0x13, 0xFF, 0xF9, 0x8A, 0x12, 0xFB, 0xF9, 0x8A, 0x12, 0xFD, 0xF9, 0x8A, 0x12, 0xFD,
    0xF9, 0x8A, 0x12, 0xFD, 0xF9, 0x8A, 0x12, 0xFC, 0xF9, 0x89, 0x12, 0xFC, 0xF9, 0x89, 0x12, 0xFC,
    0xF9, 0x89, 0x12, 0xFC, 0xF9, 0x89, 0x12, 0xFC, 0xF9, 0x89, 0x12, 0xFC, 0xF9, 0x89, 0x12, 0xFC,
    0xF9, 0x8A, 0x12, 0xFD, 0xFA, 0x8A, 0x12, 0xFF, 0xFA, 0x8A, 0x12, 0xFF, 0xFA, 0x8A, 0x12, 0xFF,
    0xFA, 0x8A, 0x12, 0xFF, 0xF9, 0x8A, 0x12, 0xFD, 0xFF, 0x91, 0x13, 0xFF, 0xFA, 0x8A, 0x13, 0x6B,
    0x00, 0x00, 0x00, 0x00, 0xFF, 0xAA, 0x00, 0x03, 0x00, 0x00, 0x00, 0x00, 0xFF, 0x7F, 0x00, 0x02,
    0x00, 0x00, 0x00, 0x00, 0xFA, 0x87, 0x12, 0x9A, 0xFF, 0x9A, 0x14, 0xFF, 0xF6, 0x87, 0x12, 0x7C,
    0x00, 0x00, 0x00, 0x00, 0x37, 0x31, 0x26, 0x2E, 0x2C, 0x2C, 0x2B, 0xF2, 0x2B, 0x2B, 0x2B, 0xFC,
    0x2B, 0x2B, 0x2B, 0xFB, 0x2B, 0x2B, 0x2B, 0xFA, 0x2C, 0x2C, 0x2C, 0x3F, 0x00, 0x00, 0x00, 0x00,
    0x35, 0x35, 0x35, 0x13, 0x2A, 0x2A, 0x2A, 0xD9, 0x2C, 0x2C, 0x2C, 0xFF, 0x2B, 0x2B, 0x2B, 0xFD,
    0x2B, 0x2B, 0x2B, 0xFD, 0x2C, 0x2C, 0x2C, 0xFF, 0x2A, 0x2A, 0x2A, 0xE3, 0x2A, 0x2A, 0x2A, 0x18,
    0x00, 0x00, 0x00, 0x00, 0x00, 0x00, 0x00, 0x02, 0x00, 0x00, 0x00, 0x00, 0x00, 0x00, 0x00, 0x00,
    0x00, 0x00, 0x00, 0x00, 0x00, 0x00, 0x00, 0x01, 0x00, 0x00, 0x00, 0x00, 0x2A, 0x2A, 0x2A, 0x06,
    0x2A, 0x2A, 0x2A, 0xC5, 0x2D, 0x2D, 0x2D, 0xFF, 0x2B, 0x2B, 0x2B, 0xFC, 0x2B, 0x2B, 0x2B, 0xFF,
    0x2B, 0x2B, 0x2B, 0xFD, 0x2D, 0x2D, 0x2D, 0xFF, 0x2B, 0x2B, 0x2B, 0x75, 0x00, 0x00, 0x00, 0x00,
    0x00, 0x00, 0x00, 0x03, 0x00, 0x00, 0x00, 0x01, 0x00, 0x00, 0x00, 0x01, 0x00, 0x00, 0x00, 0x01,
    0x00, 0x00, 0x00, 0x01, 0x00, 0x00, 0x00, 0x01, 0x00, 0x00, 0x00, 0x01, 0x00, 0x00, 0x00, 0x03,
    0x00, 0x00, 0x00, 0x02, 0x29, 0x29, 0x29, 0x2B, 0x2A, 0x2A, 0x2A, 0xF4, 0x2C, 0x2C, 0x2C, 0xFF,
    0x2B, 0x2B, 0x2B, 0xFE, 0x2B, 0x2B, 0x2B, 0xFE, 0x2B, 0x2B, 0x2B, 0xFF, 0x2B, 0x2B, 0x2B, 0xF9,
    0x2C, 0x2C, 0x2C, 0x39, 0x00, 0x00, 0x00, 0x00, 0x33, 0x33, 0x33, 0x05, 0x00, 0x00, 0x00, 0x00,
    0x29, 0x29, 0x29, 0x43, 0x2B, 0x2B, 0x2B, 0xFC, 0x2B, 0x2B, 0x2B, 0xFE, 0x2B, 0x2B, 0x2B, 0xFF,
    0x2B, 0x2B, 0x2B, 0xFC, 0x2D, 0x2D, 0x2D, 0xFF, 0x2B, 0x2B, 0x2B, 0x9D, 0x00, 0x00, 0x00, 0x01,
    0x00, 0x00, 0x00, 0x00, 0x29, 0x29, 0x29, 0x31, 0x2B, 0x2B, 0x2B, 0xDA, 0x2D, 0x2D, 0x2D, 0xFF,
    0x2B, 0x2B, 0x2B, 0xFC, 0x2B, 0x2B, 0x2B, 0xFF, 0x2B, 0x2B, 0x2B, 0xFC, 0x2D, 0x2D, 0x2D, 0xFF,
    0x2B, 0x2B, 0x2B, 0xEE, 0x28, 0x28, 0x28, 0x4B, 0x00, 0x00, 0x00, 0x00, 0x00, 0x00, 0x00, 0x03,
    0x00, 0x00, 0x00, 0x01, 0x00, 0x00, 0x00, 0x00, 0x00, 0x00, 0x00, 0x00, 0x00, 0x00, 0x00, 0x00,
    0x00, 0x00, 0x00, 0x00, 0x00, 0x00, 0x00, 0x00, 0x00, 0x00, 0x00, 0x00, 0x00, 0x00, 0x00, 0x00,
    0x00, 0x00, 0x00, 0x00, 0x00, 0x00, 0x00, 0x00, 0x00, 0x00, 0x00, 0x00, 0x00, 0x00, 0x00, 0x00,
    0x01, 0x00, 0x00, 0x00, 0xFF, 0x00, 0x00, 0x01, 0xFF, 0x00, 0x00, 0x01, 0xF9, 0x8A, 0x12, 0xB1,
    0xFF, 0x91, 0x13, 0xFF, 0xF9, 0x89, 0x12, 0xFC, 0xF9, 0x8A, 0x12, 0xFE, 0xFB, 0x8A, 0x12, 0xFE,
    0xFB, 0x8B, 0x11, 0xF8, 0xFA, 0x8C, 0x11, 0x3C, 0x00, 0x00, 0x00, 0x00, 0xF9, 0x85, 0x11, 0x58,
    0xFD, 0x8C, 0x12, 0xF3, 0xFF, 0x8E, 0x13, 0xFF, 0xF9, 0x89, 0x12, 0xFC, 0xFA, 0x8A, 0x12, 0xFF,
    0xF9, 0x8A, 0x12, 0xFB, 0xFF, 0x92, 0x13, 0xFF, 0xFC, 0x8B, 0x12, 0xDB, 0xF4, 0x84, 0x0F, 0x32,
    0x00, 0x00, 0x00, 0x00, 0xFF, 0x7F, 0x00, 0x04, 0x00, 0x00, 0x00, 0x00, 0x00, 0x00, 0x00, 0x00,
    0x00, 0x00, 0x00, 0x00, 0x00, 0x00, 0x00, 0x00, 0x00, 0x00, 0x00, 0x00, 0x00, 0x00, 0x00, 0x00,
    0xFF, 0x7F, 0x00, 0x02, 0x00, 0x00, 0x00, 0x00, 0xF8, 0x8C, 0x13, 0x28, 0xFB, 0x8B, 0x11, 0xF2,
    0xFC, 0x8C, 0x12, 0xFD, 0xF9, 0x8A, 0x12, 0xFD, 0xFA, 0x8A, 0x12, 0xFF, 0xF9, 0x8A, 0x12, 0xFD,
    0xFF, 0x8E, 0x12, 0xFF, 0xFF, 0x91, 0x13, 0xFF, 0xFF, 0x91, 0x13, 0xFF, 0xFF, 0x91, 0x13, 0xFF,
    0xFF, 0x91, 0x13, 0xFF, 0xFF, 0x91, 0x13, 0xFF, 0xFF, 0x91, 0x13, 0xFF, 0xFF, 0x91, 0x13, 0xFF,
    0xFF, 0x91, 0x13, 0xFF, 0xFF, 0x91, 0x13, 0xFF, 0xFF, 0x90, 0x13, 0xFF, 0xFF, 0x94, 0x13, 0xFF,
    0xFA, 0x8A, 0x12, 0xEE, 0xF5, 0x91, 0x12, 0x1C, 0x00, 0x00, 0x00, 0x00, 0xFF, 0x00, 0x00, 0x01,
    0xFF, 0x99, 0x00, 0x05, 0xF9, 0x89, 0x12, 0xC5, 0xFF, 0x8F, 0x13, 0xFF, 0xF9, 0x8A, 0x12, 0xFD,
    0xF9, 0x89, 0x12, 0xFE, 0xFD, 0x8C, 0x12, 0xFF, 0xF9, 0x8A, 0x11, 0xF3, 0xF9, 0x85, 0x11, 0x2C,
    0x00, 0x00, 0x00, 0x00, 0xFF, 0x7F, 0x00, 0x02, 0xFF, 0x8E, 0x14, 0x19, 0xFA, 0x8A, 0x11, 0xE5,
    0xFD, 0x8D, 0x12, 0xFE, 0xF9, 0x8A, 0x12, 0xFD, 0xFA, 0x8A, 0x12, 0xFF, 0xFA, 0x8A, 0x12, 0xFF,
    0xFA, 0x8A, 0x12, 0xFF, 0xF9, 0x89, 0x12, 0xFC, 0xFF, 0x91, 0x13, 0xFF, 0xF9, 0x8A, 0x11, 0xAD,
    0x00, 0x00, 0x00, 0x00, 0xFF, 0xAA, 0x00, 0x03, 0x00, 0x00, 0x00, 0x00, 0xFA, 0x8B, 0x12, 0x6C,
    0xFF, 0x91, 0x13, 0xFF, 0xF9, 0x89, 0x12, 0xFD, 0xFA, 0x8A, 0x12, 0xFF, 0xF9, 0x89, 0x12, 0xFD,
    0xFF, 0x8F, 0x13, 0xFF, 0xFA, 0x8A, 0x12, 0xD4, 0xFF, 0x7F, 0x12, 0x0E, 0xFF, 0x7F, 0x00, 0x02,
    0x00, 0x00, 0x00, 0x00, 0xF9, 0x8B, 0x11, 0x84, 0xFF, 0x94, 0x13, 0xFF, 0xFA, 0x89, 0x12, 0xFA,
    0xFA, 0x8A, 0x12, 0xFF, 0xFA, 0x8A, 0x12, 0xFF, 0xF9, 0x8A, 0x12, 0xFD, 0xFD, 0x8C, 0x12, 0xFF,
    0xFF, 0x90, 0x13, 0xFF, 0xFF, 0x91, 0x13, 0xFF, 0xFF, 0x91, 0x13, 0xFF, 0xFF, 0x91, 0x13, 0xFF,
    0xFF, 0x91, 0x13, 0xFF, 0xFF, 0x91, 0x13, 0xFF, 0xFF, 0x8F, 0x13, 0xFF, 0xFA, 0x8A, 0x12, 0xFF,
    0xFA, 0x8A, 0x12, 0xFF, 0xFA, 0x8A, 0x12, 0xFF, 0xFA, 0x8A, 0x12, 0xFF, 0xFA, 0x8A, 0x12, 0xFF,
    0xF9, 0x89, 0x12, 0xFC, 0xFF, 0x90, 0x13, 0xFE, 0xFA, 0x8A, 0x10, 0xB5, 0x00, 0x00, 0x00, 0x00,
    0x00, 0xFF, 0x00, 0x01, 0xFF, 0x55, 0x00, 0x03, 0x00, 0x00, 0x00, 0x00, 0xFA, 0x89, 0x12, 0x9A,
    0xFF, 0x93, 0x13, 0xFF, 0xF9, 0x89, 0x12, 0xFA, 0xFA, 0x8A, 0x12, 0xFF, 0xFA, 0x8A, 0x12, 0xFF,
    0xF9, 0x8A, 0x12, 0xFD, 0xFD, 0x8B, 0x12, 0xFF, 0xFF, 0x90, 0x13, 0xFF, 0xFF, 0x91, 0x13, 0xFF,
    0xFF, 0x8F, 0x13, 0xFF, 0xFF, 0x98, 0x14, 0xFF, 0xF9, 0x88, 0x11, 0xAE, 0x00, 0x00, 0x00, 0x00,
    0x00, 0x00, 0x00, 0x00, 0xF9, 0x88, 0x11, 0x2D, 0xFA, 0x8C, 0x12, 0xF4, 0xFC, 0x8C, 0x12, 0xFE,
    0xF9, 0x89, 0x12, 0xFC, 0xFA, 0x8A, 0x12, 0xFF, 0xF9, 0x89, 0x12, 0xFE, 0xF9, 0x89, 0x12, 0xFE,
    0xFF, 0x8D, 0x12, 0xFF, 0xFF, 0x8F, 0x13, 0xFF, 0xFF, 0x90, 0x13, 0xFF, 0xFF, 0x90, 0x13, 0xFF,
    0xFF, 0x90, 0x13, 0xFF, 0xFF, 0x90, 0x13, 0xFF, 0xFF, 0x90, 0x13, 0xFF, 0xFF, 0x91, 0x13, 0xFF,
    0xFF, 0x8F, 0x13, 0xFF, 0xFA, 0x8A, 0x12, 0xFF, 0xFA, 0x8A, 0x12, 0xFF, 0xFA, 0x8A, 0x12, 0xFF,
    0xFA, 0x8A, 0x12, 0xFD, 0xFD, 0x8D, 0x12, 0xFF, 0xF9, 0x89, 0x12, 0xE8, 0xF5, 0x8D, 0x12, 0x1B,
    0x00, 0x00, 0x00, 0x00, 0xFF, 0xFF, 0x00, 0x01, 0xFF, 0x7F, 0x00, 0x02, 0x00, 0x00, 0x00, 0x00,
    0xF9, 0x8D, 0x10, 0x2F, 0xFC, 0x90, 0x13, 0xFA, 0xFA, 0x8A, 0x12, 0xCC, 0xCC, 0x7F, 0x19, 0x0A,
    0xAA, 0x55, 0x00, 0x03, 0x2C, 0x2A, 0x2A, 0xB9, 0x2D, 0x2D, 0x2D, 0xFF, 0x2A, 0x2A, 0x2A, 0xFA,
    0x2D, 0x2D, 0x2D, 0xFF, 0x29, 0x29, 0x29, 0x80, 0x00, 0x00, 0x00, 0x00, 0x00, 0x00, 0x00, 0x01,
    0x27, 0x27, 0x27, 0x1A, 0x2A, 0x2A, 0x2A, 0xE5, 0x2C, 0x2C, 0x2C, 0xFF, 0x2B, 0x2B, 0x2B, 0xFD,
    0x2B, 0x2B, 0x2B, 0xFD, 0x2C, 0x2C, 0x2C, 0xFF, 0x2A, 0x2A, 0x2A, 0xD6, 0x36, 0x36, 0x36, 0x0E,
    0x00, 0x00, 0x00, 0x00, 0x00, 0x00, 0x00, 0x01, 0x00, 0x00, 0x00, 0x00, 0x00, 0x00, 0x00, 0x00,
    0x00, 0x00, 0x00, 0x00, 0x00, 0x00, 0x00, 0x03, 0x00, 0x00, 0x00, 0x00, 0x29, 0x29, 0x29, 0x3D,
    0x2B, 0x2B, 0x2B, 0xFC, 0x2B, 0x2B, 0x2B, 0xFF, 0x2B, 0x2B, 0x2B, 0xFE, 0x2B, 0x2B, 0x2B, 0xFE,
    0x2C, 0x2C, 0x2C, 0xFF, 0x2B, 0x2B, 0x2B, 0xED, 0x27, 0x27, 0x27, 0x20, 0x00, 0x00, 0x00, 0x00,
    0x00, 0x00, 0x00, 0x02, 0x00, 0x00, 0x00, 0x00, 0x00, 0x00, 0x00, 0x00, 0x00, 0x00, 0x00, 0x00,
    0x00, 0x00, 0x00, 0x00, 0x00, 0x00, 0x00, 0x00, 0x00, 0x00, 0x00, 0x00, 0x00, 0x00, 0x00, 0x00,
    0x00, 0x00, 0x00, 0x00, 0x29, 0x29, 0x29, 0x92, 0x2D, 0x2D, 0x2D, 0xFF, 0x2B, 0x2B, 0x2B, 0xFD,
    0x2B, 0x2B, 0x2B, 0xFF, 0x2B, 0x2B, 0x2B, 0xFC, 0x2D, 0x2D, 0x2D, 0xFE, 0x2B, 0x2B, 0x2B, 0xBB,
    0x55, 0x55, 0x55, 0x03, 0x00, 0x00, 0x00, 0x01, 0x00, 0x00, 0x00, 0x02, 0x00, 0x00, 0x00, 0x00,
    0x2A, 0x2A, 0x2A, 0x9C, 0x2D, 0x2D, 0x2D, 0xFF, 0x2B, 0x2B, 0x2B, 0xFC, 0x2B, 0x2B, 0x2B, 0xFF,
    0x2B, 0x2B, 0x2B, 0xFE, 0x2B, 0x2B, 0x2B, 0xFB, 0x2C, 0x2C, 0x2C, 0x45, 0x00, 0x00, 0x00, 0x00,
    0x2B, 0x2B, 0x2B, 0x46, 0x2C, 0x2C, 0x2C, 0xEB, 0x2C, 0x2C, 0x2C, 0xFF, 0x2B, 0x2B, 0x2B, 0xFC,
    0x2B, 0x2B, 0x2B, 0xFF, 0x2B, 0x2B, 0x2B, 0xFB, 0x2D, 0x2D, 0x2D, 0xFF, 0x2B, 0x2B, 0x2B, 0xDF,
    0x2D, 0x2D, 0x2D, 0x38, 0x00, 0x00, 0x00, 0x00, 0x00, 0x00, 0x00, 0x04, 0x00, 0x00, 0x00, 0x00,
    0x00, 0x00, 0x00, 0x00, 0x00, 0x00, 0x00, 0x00, 0x00, 0x00, 0x00, 0x00, 0x00, 0x00, 0x00, 0x00,
    0x00, 0x00, 0x00, 0x00, 0x00, 0x00, 0x00, 0x00, 0x00, 0x00, 0x00, 0x00, 0x00, 0x00, 0x00, 0x00,
    0x00, 0x00, 0x00, 0x00, 0x00, 0x00, 0x00, 0x00, 0x00, 0x00, 0x00, 0x00, 0x00, 0x00, 0x00, 0x00,
    0xFF, 0x7F, 0x00, 0x02, 0x00, 0x00, 0x00, 0x00, 0xF9, 0x8D, 0x10, 0x2F, 0xFA, 0x8A, 0x11, 0xF4,
    0xFC, 0x8B, 0x12, 0xFF, 0xF9, 0x89, 0x12, 0xFE, 0xF9, 0x8A, 0x12, 0xFC, 0xFF, 0x90, 0x13, 0xFF,
    0xF8, 0x89, 0x11, 0xBF, 0x00, 0x00, 0x00, 0x00, 0xF7, 0x8A, 0x13, 0x69, 0xFC, 0x8C, 0x13, 0xFE,
    0xFC, 0x8C, 0x12, 0xFF, 0xF8, 0x8A, 0x12, 0xFD, 0xFA, 0x8A, 0x12, 0xFF, 0xF9, 0x8A, 0x12, 0xFD,
    0xFF, 0x92, 0x13, 0xFF, 0xFB, 0x8D, 0x12, 0xCA, 0xEF, 0x8B, 0x0F, 0x21, 0x00, 0x00, 0x00, 0x00,
    0xBF, 0x7F, 0x00, 0x04, 0x00, 0x00, 0x00, 0x00, 0x00, 0x00, 0x00, 0x00, 0x00, 0x00, 0x00, 0x00,
    0x00, 0x00, 0x00, 0x00, 0x00, 0x00, 0x00, 0x00, 0x00, 0x00, 0x00, 0x00, 0x00, 0x00, 0x00, 0x00,
    0xFF, 0x55, 0x00, 0x03, 0x00, 0x00, 0x00, 0x00, 0xF7, 0x8A, 0x12, 0x8A, 0xFF, 0x92, 0x13, 0xFF,
    0xF8, 0x89, 0x12, 0xFC, 0xFA, 0x8A, 0x12, 0xFF, 0xFA, 0x89, 0x12, 0xFE, 0xFF, 0x8F, 0x13, 0xFF,
    0xFA, 0x8A, 0x12, 0xDF, 0xFA, 0x89, 0x11, 0xBB, 0xF9, 0x8A, 0x11, 0xBC, 0xFA, 0x89, 0x11, 0xBB,
    0xFA, 0x89, 0x11, 0xBB, 0xFA, 0x89, 0x11, 0xBB, 0xFA, 0x89, 0x11, 0xBB, 0xFA, 0x89, 0x11, 0xBB,
    0xFA, 0x89, 0x11, 0xBB, 0xFA, 0x89, 0x11, 0xBB, 0xFA, 0x89, 0x11, 0xB9, 0xFF, 0x8F, 0x12, 0xBD,
    0xFA, 0x8A, 0x13, 0x78, 0x00, 0x00, 0x00, 0x00, 0xFF, 0xFF, 0x00, 0x02, 0x00, 0x00, 0x00, 0x00,
    0xF6, 0x8C, 0x11, 0x1D, 0xF9, 0x89, 0x11, 0xE8, 0xFE, 0x8D, 0x12, 0xFF, 0xF9, 0x89, 0x12, 0xFE,
    0xF9, 0x8A, 0x12, 0xFD, 0xFF, 0x8F, 0x13, 0xFF, 0xFA, 0x8A, 0x11, 0xCE, 0xFF, 0x7F, 0x1F, 0x08,
    0xFF, 0x00, 0x00, 0x01, 0x00, 0x00, 0x00, 0x00, 0xF8, 0x88, 0x12, 0x99, 0xFF, 0x92, 0x13, 0xFF,
    0xF9, 0x89, 0x12, 0xFC, 0xFA, 0x8A, 0x12, 0xFF, 0xFA, 0x8A, 0x12, 0xFF, 0xFA, 0x8A, 0x12, 0xFF,
    0xFA, 0x8A, 0x12, 0xFF, 0xF9, 0x89, 0x12, 0xFC, 0xFF, 0x92, 0x13, 0xFF, 0xF8, 0x88, 0x12, 0x7B,
    0x00, 0x00, 0x00, 0x00, 0xFF, 0xFF, 0x00, 0x01, 0xF5, 0x84, 0x12, 0x1B, 0xFA, 0x89, 0x11, 0xE7,
    0xFC, 0x8D, 0x13, 0xFE, 0xF9, 0x8A, 0x12, 0xFD, 0xFA, 0x8A, 0x12, 0xFE, 0xFB, 0x8B, 0x12, 0xFC,
    0xFC, 0x8D, 0x12, 0xFB, 0xF7, 0x86, 0x12, 0x46, 0x00, 0x00, 0x00, 0x00, 0xFF, 0xFF, 0x00, 0x01,
    0xF9, 0x89, 0x14, 0x32, 0xFB, 0x8C, 0x12, 0xF6, 0xFB, 0x8B, 0x12, 0xFD, 0xF9, 0x89, 0x12, 0xFE,
    0xFA, 0x8A, 0x12, 0xFF, 0xF8, 0x89, 0x12, 0xFE, 0xFF, 0x90, 0x13, 0xFF, 0xFA, 0x8A, 0x11, 0xF2,
    0xF9, 0x8A, 0x12, 0xC3, 0xF9, 0x89, 0x11, 0xBB, 0xFA, 0x89, 0x11, 0xBB, 0xFA, 0x89, 0x11, 0xBB,
    0xF9, 0x88, 0x11, 0xBC, 0xFA, 0x8A, 0x11, 0xBA, 0xFA, 0x8A, 0x11, 0xCC, 0xFB, 0x8A, 0x12, 0xFF,
    0xFC, 0x8B, 0x12, 0xFF, 0xF9, 0x8A, 0x12, 0xFF, 0xFA, 0x8A, 0x12, 0xFF, 0xFA, 0x8A, 0x12, 0xFF,
    0xF9, 0x89, 0x12, 0xFC, 0xFF, 0x91, 0x13, 0xFF, 0xF9, 0x89, 0x11, 0x80, 0x00, 0x00, 0x00, 0x00,
    0xD4, 0x7F, 0x00, 0x06, 0x00, 0x00, 0x00, 0x00, 0xF5, 0x8B, 0x12, 0x37, 0xFB, 0x8C, 0x12, 0xF9,
    0xFB, 0x8B, 0x12, 0xFD, 0xF9, 0x8A, 0x12, 0xFE, 0xFA, 0x8A, 0x12, 0xFF, 0xF9, 0x89, 0x12, 0xFE,
    0xFF, 0x8F, 0x12, 0xFF, 0xF9, 0x89, 0x11, 0xF4, 0xF9, 0x89, 0x12, 0xC3, 0xF9, 0x89, 0x11, 0xBB,
    0xF9, 0x8A, 0x11, 0xBA, 0xFF, 0x8F, 0x13, 0xBB, 0xFB, 0x8A, 0x0F, 0x44, 0x00, 0x00, 0x00, 0x00,
    0xFF, 0xFF, 0x00, 0x01, 0xF7, 0x88, 0x11, 0xAF, 0xFF, 0x92, 0x13, 0xFF, 0xF8, 0x89, 0x12, 0xFC,
    0xFA, 0x8A, 0x12, 0xFF, 0xF9, 0x89, 0x12, 0xFF, 0xFD, 0x8C, 0x12, 0xFF, 0xFF, 0x8F, 0x13, 0xFF,
    0xFA, 0x8A, 0x11, 0xE9, 0xFA, 0x89, 0x12, 0xD2, 0xFB, 0x8A, 0x12, 0xC3, 0xF9, 0x8A, 0x11, 0xC2,
    0xF9, 0x8A, 0x11, 0xC2, 0xF9, 0x8A, 0x11, 0xC2, 0xF9, 0x89, 0x11, 0xC3, 0xF9, 0x89, 0x11, 0xC1,
    0xFA, 0x89, 0x12, 0xCF, 0xFB, 0x8B, 0x12, 0xFF, 0xFA, 0x8A, 0x12, 0xFF, 0xFA, 0x8A, 0x12, 0xFF,
    0xF9, 0x89, 0x12, 0xFC, 0xFF, 0x92, 0x13, 0xFF, 0xF8, 0x88, 0x12, 0x9B, 0x00, 0x00, 0x00, 0x00,
    0xFF, 0x7F, 0x00, 0x02, 0x00, 0x00, 0x00, 0x00, 0xFF, 0x7F, 0x00, 0x02, 0x00, 0x00, 0x00, 0x00,
    0xF8, 0x87, 0x12, 0xA7, 0xFF, 0x95, 0x13, 0xFF, 0xF1, 0x84, 0x13, 0x4D, 0x00, 0x00, 0x00, 0x00,
    0x30, 0x2E, 0x29, 0x63, 0x2D, 0x2D, 0x2D, 0xFF, 0x2A, 0x2A, 0x2A, 0xFA, 0x2D, 0x2D, 0x2D, 0xFF,
    0x2A, 0x2A, 0x2A, 0xC2, 0x2A, 0x2A, 0x2A, 0x06, 0x55, 0x55, 0x55, 0x03, 0x00, 0x00, 0x00, 0x00,
    0x29, 0x29, 0x29, 0x25, 0x2A, 0x2A, 0x2A, 0xEE, 0x2C, 0x2C, 0x2C, 0xFF, 0x2B, 0x2B, 0x2B, 0xFE,
    0x2B, 0x2B, 0x2B, 0xFD, 0x2D, 0x2D, 0x2D, 0xFF, 0x2A, 0x2A, 0x2A, 0xCB, 0x24, 0x24, 0x24, 0x07,
    0x00, 0x00, 0x00, 0x00, 0x00, 0x00, 0x00, 0x01, 0x00, 0x00, 0x00, 0x00, 0x00, 0x00, 0x00, 0x00,
    0x00, 0x00, 0x00, 0x00, 0x00, 0x00, 0x00, 0x02, 0x00, 0x00, 0x00, 0x00, 0x2B, 0x2B, 0x2B, 0x9A,
    0x2D, 0x2D, 0x2D, 0xFF, 0x2B, 0x2B, 0x2B, 0xFC, 0x2B, 0x2B, 0x2B, 0xFF, 0x2B, 0x2B, 0x2B, 0xFC,
    0x2D, 0x2D, 0x2D, 0xFF, 0x2B, 0x2B, 0x2B, 0x98, 0x00, 0x00, 0x00, 0x00, 0x00, 0x00, 0x00, 0x01,
    0x00, 0x00, 0x00, 0x00, 0x00, 0x00, 0x00, 0x00, 0x00, 0x00, 0x00, 0x00, 0x00, 0x00, 0x00, 0x00,
    0x00, 0x00, 0x00, 0x00, 0x00, 0x00, 0x00, 0x00, 0x00, 0x00, 0x00, 0x01, 0x1F, 0x1F, 0x1F, 0x08,
    0x2C, 0x2C, 0x2C, 0x62, 0x2C, 0x2C, 0x2C, 0xF7, 0x2B, 0x2B, 0x2B, 0xFE, 0x2B, 0x2B, 0x2B, 0xFE,
    0x2B, 0x2B, 0x2B, 0xFF, 0x2B, 0x2B, 0x2B, 0xFC, 0x2C, 0x2C, 0x2C, 0xFF, 0x2A, 0x2A, 0x2A, 0x5A,
    0x00, 0x00, 0x00, 0x00, 0x3F, 0x3F, 0x3F, 0x04, 0x00, 0x00, 0x00, 0x00, 0x29, 0x29, 0x29, 0x1F,
    0x2A, 0x2A, 0x2A, 0xEA, 0x2C, 0x2C, 0x2C, 0xFF, 0x2B, 0x2B, 0x2B, 0xFE, 0x2B, 0x2B, 0x2B, 0xFC,
    0x2D, 0x2D, 0x2D, 0xFF, 0x29, 0x29, 0x29, 0xC9, 0x00, 0x00, 0x00, 0x00, 0x2B, 0x2B, 0x2B, 0x58,
    0x2B, 0x2B, 0x2B, 0xF7, 0x2C, 0x2C, 0x2C, 0xFF, 0x2B, 0x2B, 0x2B, 0xFC, 0x2B, 0x2B, 0x2B, 0xFF,
    0x2B, 0x2B, 0x2B, 0xFD, 0x2E, 0x2E, 0x2E, 0xFF, 0x2B, 0x2B, 0x2B, 0xCF, 0x2A, 0x2A, 0x2A, 0x24,
    0x00, 0x00, 0x00, 0x00, 0x00, 0x00, 0x00, 0x03, 0x00, 0x00, 0x00, 0x00, 0x00, 0x00, 0x00, 0x00,
    0x00, 0x00, 0x00, 0x00, 0x00, 0x00, 0x00, 0x00, 0x00, 0x00, 0x00, 0x00, 0x00, 0x00, 0x00, 0x00,
    0x00, 0x00, 0x00, 0x00, 0x00, 0x00, 0x00, 0x00, 0x00, 0x00, 0x00, 0x00, 0x00, 0x00, 0x00, 0x00,
    0x00, 0x00, 0x00, 0x00, 0x00, 0x00, 0x00, 0x00, 0x00, 0x00, 0x00, 0x00, 0x00, 0x00, 0x00, 0x00,
    0xFF, 0x7F, 0x00, 0x02, 0x00, 0x00, 0x00, 0x00, 0xF9, 0x89, 0x11, 0x84, 0xFF, 0x91, 0x13, 0xFF,
    0xF9, 0x89, 0x12, 0xFC, 0xFA, 0x8A, 0x12, 0xFF, 0xFA, 0x8A, 0x12, 0xFD, 0xFD, 0x8F, 0x13, 0xFD,
    0xF9, 0x8C, 0x13, 0x5B, 0xFA, 0x89, 0x12, 0x71, 0xFF, 0x91, 0x13, 0xFF, 0xFA, 0x8B, 0x12, 0xFE,
    0xF9, 0x8A, 0x12, 0xFD, 0xFA, 0x8A, 0x12, 0xFF, 0xF9, 0x8A, 0x12, 0xFD, 0xFF, 0x8E, 0x13, 0xFF,
    0xFA, 0x8B, 0x11, 0xB3, 0xF0, 0x78, 0x0F, 0x11, 0x00, 0x00, 0x00, 0x00, 0xFF, 0x55, 0x00, 0x03,
    0x00, 0x00, 0x00, 0x00, 0x00, 0x00, 0x00, 0x00, 0x00, 0x00, 0x00, 0x00, 0x00, 0x00, 0x00, 0x00,
    0x00, 0x00, 0x00, 0x00, 0x00, 0x00, 0x00, 0x00, 0x00, 0x00, 0x00, 0x00, 0xFF, 0xFF, 0x00, 0x01,
    0x00, 0x00, 0x00, 0x00, 0xF0, 0x87, 0x0F, 0x11, 0xF9, 0x88, 0x11, 0xDC, 0xFE, 0x8E, 0x12, 0xFF,
    0xF9, 0x8A, 0x12, 0xFD, 0xF9, 0x89, 0x12, 0xFD, 0xFF, 0x90, 0x13, 0xFF, 0xFC, 0x8B, 0x12, 0xB1,
    0xFF, 0x90, 0x0B, 0x17, 0x00, 0x00, 0x00, 0x00, 0x00, 0x00, 0x00, 0x00, 0x00, 0x00, 0x00, 0x00,
    0x00, 0x00, 0x00, 0x00, 0x00, 0x00, 0x00, 0x00, 0x00, 0x00, 0x00, 0x00, 0x00, 0x00, 0x00, 0x00,
    0x00, 0x00, 0x00, 0x00, 0x00, 0x00, 0x00, 0x00, 0x00, 0x00, 0x00, 0x00, 0x00, 0x00, 0x00, 0x00,
    0x00, 0x00, 0x00, 0x00, 0xFF, 0x00, 0x00, 0x01, 0xFF, 0x7F, 0x00, 0x02, 0x00, 0x00, 0x00, 0x00,
    0xFA, 0x8A, 0x11, 0x3B, 0xF9, 0x8A, 0x12, 0xFC, 0xFB, 0x8A, 0x12, 0xFF, 0xF9, 0x8A, 0x12, 0xFE,
    0xF9, 0x89, 0x12, 0xFC, 0xFF, 0x91, 0x13, 0xFF, 0xFA, 0x89, 0x11, 0x9F, 0x00, 0x00, 0x00, 0x00,
    0x00, 0x00, 0x00, 0x00, 0xFA, 0x89, 0x10, 0x3D, 0xFB, 0x8C, 0x11, 0xFA, 0xFB, 0x8B, 0x12, 0xFD,
    0xFA, 0x8A, 0x12, 0xFE, 0xFA, 0x8A, 0x12, 0xFF, 0xFA, 0x8A, 0x12, 0xFF, 0xFA, 0x8A, 0x12, 0xFF,
    0xF9, 0x8A, 0x12, 0xFE, 0xFA, 0x8A, 0x12, 0xFE, 0xFB, 0x8C, 0x12, 0xFE, 0xFB, 0x8B, 0x11, 0x49,
    0xFF, 0x00, 0x00, 0x01, 0x00, 0x00, 0x00, 0x00, 0xF8, 0x88, 0x10, 0x99, 0xFF, 0x92, 0x13, 0xFF,
    0xF9, 0x89, 0x12, 0xFC, 0xFA, 0x8A, 0x12, 0xFF, 0xF9, 0x89, 0x12, 0xFC, 0xFF, 0x92, 0x13, 0xFF,
    0xF8, 0x8A, 0x12, 0x95, 0x00, 0x00, 0x00, 0x00, 0xFF, 0xAA, 0x00, 0x03, 0x00, 0x00, 0x00, 0x00,
    0xF8, 0x8A, 0x12, 0xA6, 0xFF, 0x91, 0x13, 0xFF, 0xF9, 0x89, 0x12, 0xFC, 0xFA, 0x8A, 0x12, 0xFF,
    0xF9, 0x8A, 0x12, 0xFD, 0xFF, 0x8F, 0x13, 0xFF, 0xFA, 0x89, 0x11, 0xB0, 0xFF, 0x89, 0x14, 0x25,
    0x00, 0x00, 0x00, 0x00, 0x00, 0x00, 0x00, 0x00, 0x00, 0x00, 0x00, 0x00, 0x00, 0x00, 0x00, 0x00,
    0x00, 0x00, 0x00, 0x00, 0x00, 0x00, 0x00, 0x00, 0xFF, 0x7F, 0x00, 0x02, 0xF7, 0x88, 0x12, 0x61,
    0xFA, 0x8B, 0x12, 0xFB, 0xFA, 0x8A, 0x12, 0xFE, 0xF9, 0x8A, 0x12, 0xFE, 0xF9, 0x8A, 0x12, 0xFE,
    0xFB, 0x8A, 0x12, 0xFF, 0xFB, 0x8C, 0x12, 0xFA, 0xF5, 0x8B, 0x12, 0x37, 0x00, 0x00, 0x00, 0x00,
    0xFF, 0x7F, 0x00, 0x04, 0x00, 0x00, 0x00, 0x00, 0xF8, 0x8B, 0x12, 0xA5, 0xFF, 0x92, 0x13, 0xFF,
    0xF9, 0x89, 0x12, 0xFC, 0xFA, 0x8A, 0x12, 0xFF, 0xF8, 0x8A, 0x12, 0xFD, 0xFF, 0x8F, 0x13, 0xFF,
    0xFB, 0x8A, 0x12, 0xC5, 0xF8, 0x8C, 0x13, 0x28, 0x00, 0x00, 0x00, 0x00, 0x00, 0x00, 0x00, 0x00,
    0x00, 0x00, 0x00, 0x00, 0x00, 0x00, 0x00, 0x00, 0x00, 0x00, 0x00, 0x00, 0xFF, 0x00, 0x00, 0x01,
    0xFA, 0x8B, 0x13, 0x35, 0xFA, 0x8B, 0x11, 0xFA, 0xFB, 0x8A, 0x12, 0xFE, 0xF9, 0x8A, 0x12, 0xFE,
    0xF9, 0x8A, 0x12, 0xFE, 0xFB, 0x8C, 0x12, 0xFE, 0xFB, 0x8C, 0x13, 0xF0, 0xFC, 0x88, 0x11, 0x5A,
    0xFF, 0x70, 0x0A, 0x19, 0xFF, 0x7F, 0x1F, 0x08, 0x00, 0x00, 0x00, 0x00, 0x00, 0x00, 0x00, 0x00,
    0x00, 0x00, 0x00, 0x00, 0x00, 0x00, 0x00, 0x00, 0x00, 0x00, 0x00, 0x00, 0x00, 0x00, 0x00, 0x00,
    0xF8, 0x88, 0x12, 0x79, 0xFF, 0x91, 0x13, 0xFF, 0xF9, 0x89, 0x12, 0xFC, 0xF9, 0x8A, 0x12, 0xFE,
    0xFB, 0x8A, 0x12, 0xFE, 0xFB, 0x8B, 0x12, 0xFB, 0xFA, 0x89, 0x14, 0x3F, 0xFF, 0x00, 0x00, 0x01,
    0xFF, 0x55, 0x00, 0x03, 0xFF, 0x55, 0x00, 0x03, 0x00, 0x00, 0x00, 0x00, 0xFA, 0x89, 0x13, 0x34,
    0xFD, 0x91, 0x13, 0xFE, 0xF7, 0x87, 0x12, 0xA4, 0x00, 0x00, 0x00, 0x00, 0x3B, 0x33, 0x2A, 0x1E,
    0x2B, 0x2B, 0x2B, 0xE6, 0x2B, 0x2B, 0x2B, 0xFD, 0x2B, 0x2B, 0x2B, 0xFC, 0x2B, 0x2B, 0x2B, 0xEE,
    0x2B, 0x2B, 0x2B, 0x29, 0x00, 0x00, 0x00, 0x00, 0x3F, 0x3F, 0x3F, 0x04, 0x00, 0x00, 0x00, 0x00,
    0x28, 0x28, 0x28, 0x33, 0x2B, 0x2B, 0x2B, 0xF7, 0x2B, 0x2B, 0x2B, 0xFF, 0x2B, 0x2B, 0x2B, 0xFE,
    0x2B, 0x2B, 0x2B, 0xFC, 0x2D, 0x2D, 0x2D, 0xFF, 0x2B, 0x2B, 0x2B, 0xBC, 0x00, 0x00, 0x00, 0x01,
    0x00, 0x00, 0x00, 0x00, 0x00, 0x00, 0x00, 0x01, 0x00, 0x00, 0x00, 0x00, 0x00, 0x00, 0x00, 0x00,
    0x00, 0x00, 0x00, 0x02, 0x00, 0x00, 0x00, 0x00, 0x27, 0x27, 0x27, 0x1A, 0x2B, 0x2B, 0x2B, 0xE7,
    0x2C, 0x2C, 0x2C, 0xFF, 0x2B, 0x2B, 0x2B, 0xFE, 0x2B, 0x2B, 0x2B, 0xFF, 0x2B, 0x2B, 0x2B, 0xFF,
    0x2B, 0x2B, 0x2B, 0xFF, 0x2B, 0x2B, 0x2B, 0xDB, 0x2C, 0x2C, 0x2C, 0xC5, 0x2B, 0x2B, 0x2B, 0xC8,
    0x2B, 0x2B, 0x2B, 0xC8, 0x2B, 0x2B, 0x2B, 0xC8, 0x2B, 0x2B, 0x2B, 0xC8, 0x2B, 0x2B, 0x2B, 0xC8,
    0x2B, 0x2B, 0x2B, 0xC8, 0x2B, 0x2B, 0x2B, 0xC8, 0x2B, 0x2B, 0x2B, 0xC9, 0x2B, 0x2B, 0x2B, 0xD8,
    0x2C, 0x2C, 0x2C, 0xFF, 0x2B, 0x2B, 0x2B, 0xFF, 0x2B, 0x2B, 0x2B, 0xFF, 0x2B, 0x2B, 0x2B, 0xFE,
    0x2A, 0x2A, 0x2A, 0xFA, 0x2E, 0x2E, 0x2E, 0xFF, 0x2A, 0x2A, 0x2A, 0xC5, 0x1F, 0x1F, 0x1F, 0x08,
    0x00, 0x00, 0x00, 0x01, 0x55, 0x55, 0x55, 0x03, 0x00, 0x00, 0x00, 0x00, 0x29, 0x29, 0x29, 0x6E,
    0x2D, 0x2D, 0x2D, 0xFF, 0x2B, 0x2B, 0x2B, 0xFD, 0x2B, 0x2B, 0x2B, 0xFF, 0x2B, 0x2B, 0x2B, 0xFD,
    0x2D, 0x2D, 0x2D, 0xFF, 0x29, 0x29, 0x29, 0x62, 0x2A, 0x2A, 0x2A, 0x5F, 0x2C, 0x2C, 0x2C, 0xFD,
    0x2C, 0x2C, 0x2C, 0xFF, 0x2B, 0x2B, 0x2B, 0xFD, 0x2B, 0x2B, 0x2B, 0xFF, 0x2B, 0x2B, 0x2B, 0xFD,
    0x2C, 0x2C, 0x2C, 0xFF, 0x2B, 0x2B, 0x2B, 0xBB, 0x26, 0x26, 0x26, 0x14, 0x00, 0x00, 0x00, 0x00,
    0x00, 0x00, 0x00, 0x03, 0x00, 0x00, 0x00, 0x00, 0x00, 0x00, 0x00, 0x00, 0x00, 0x00, 0x00, 0x00,
    0x00, 0x00, 0x00, 0x00, 0x00, 0x00, 0x00, 0x00, 0x00, 0x00, 0x00, 0x00, 0x00, 0x00, 0x00, 0x00,
    0x00, 0x00, 0x00, 0x00, 0x00, 0x00, 0x00, 0x00, 0x00, 0x00, 0x00, 0x00, 0x00, 0x00, 0x00, 0x00,
    0x00, 0x00, 0x00, 0x00, 0x00, 0x00, 0x00, 0x00, 0x00, 0x00, 0x00, 0x00, 0xFF, 0xFF, 0x00, 0x01,
    0x00, 0x00, 0x00, 0x00, 0xF0, 0x8D, 0x0E, 0x12, 0xF9, 0x8A, 0x12, 0xDA, 0xFE, 0x8E, 0x13, 0xFF,
    0xF9, 0x8A, 0x12, 0xFD, 0xF9, 0x89, 0x12, 0xFE, 0xFF, 0x8E, 0x12, 0xFF, 0xFA, 0x89, 0x12, 0xDC,
    0xFA, 0x8A, 0x11, 0x9D, 0xFF, 0x90, 0x13, 0xFF, 0xFA, 0x8B, 0x12, 0xFD, 0xF9, 0x89, 0x12, 0xFE,
    0xFA, 0x8A, 0x12, 0xFF, 0xF9, 0x8A, 0x12, 0xFD, 0xFE, 0x8F, 0x13, 0xFF, 0xF9, 0x89, 0x11, 0xC8,
    0xFF, 0x66, 0x00, 0x05, 0x00, 0x00, 0x00, 0x00, 0xFF, 0x55, 0x00, 0x03, 0x00, 0x00, 0x00, 0x00,
    0x00, 0x00, 0x00, 0x00, 0x00, 0x00, 0x00, 0x00, 0x00, 0x00, 0x00, 0x00, 0x00, 0x00, 0x00, 0x00,
    0x00, 0x00, 0x00, 0x00, 0x00, 0x00, 0x00, 0x00, 0x00, 0x00, 0x00, 0x00, 0xFF, 0x55, 0x00, 0x03,
    0x00, 0x00, 0x00, 0x00, 0xF9, 0x8A, 0x10, 0x5C, 0xFE, 0x8E, 0x12, 0xFF, 0xF9, 0x89, 0x12, 0xFE,
    0xF9, 0x89, 0x12, 0xFE, 0xFC, 0x8B, 0x12, 0xFF, 0xFA, 0x8B, 0x11, 0xF1, 0xF6, 0x88, 0x11, 0x1E,
    0x00, 0x00, 0x00, 0x00, 0x00, 0x00, 0x00, 0x00, 0x00, 0x00, 0x00, 0x00, 0x00, 0x00, 0x00, 0x00,
    0x00, 0x00, 0x00, 0x00, 0x00, 0x00, 0x00, 0x00, 0x00, 0x00, 0x00, 0x00, 0x00, 0x00, 0x00, 0x00,
    0x00, 0x00, 0x00, 0x00, 0x00, 0x00, 0x00, 0x00, 0xFF, 0x7F, 0x00, 0x02, 0xFF, 0xFF, 0x00, 0x01,
    0xFF, 0xFF, 0x00, 0x01, 0x00, 0x00, 0x00, 0x00, 0xFF, 0xAA, 0x00, 0x03, 0x00, 0x00, 0x00, 0x00,
    0xF9, 0x8A, 0x11, 0x65, 0xFF, 0x8F, 0x12, 0xFF, 0xF9, 0x8A, 0x12, 0xFD, 0xFA, 0x8A, 0x12, 0xFF,
    0xF9, 0x8A, 0x12, 0xFD, 0xFF, 0x90, 0x13, 0xFF, 0xFA, 0x88, 0x11, 0x69, 0xFF, 0xFF, 0x00, 0x01,
    0xFF, 0x8D, 0x1C, 0x09, 0xF9, 0x89, 0x12, 0xC6, 0xFF, 0x90, 0x13, 0xFF, 0xF9, 0x89, 0x12, 0xFC,
    0xFA, 0x8A, 0x12, 0xFF, 0xFA, 0x8A, 0x12, 0xFF, 0xFA, 0x8A, 0x12, 0xFF, 0xFA, 0x8A, 0x12, 0xFF,
    0xF9, 0x89, 0x12, 0xFE, 0xFE, 0x8C, 0x12, 0xFF, 0xF9, 0x89, 0x11, 0xEB, 0xFF, 0x8E, 0x0F, 0x22,
    0x00, 0x00, 0x00, 0x00, 0xFA, 0x8C, 0x11, 0x3C, 0xFC, 0x8C, 0x12, 0xF9, 0xFB, 0x8B, 0x12, 0xFD,
    0xF9, 0x8A, 0x12, 0xFE, 0xF9, 0x8A, 0x12, 0xFD, 0xFE, 0x8E, 0x13, 0xFF, 0xFA, 0x8C, 0x12, 0xDC,
    0xFF, 0xAA, 0x0E, 0x12, 0xFF, 0xFF, 0x00, 0x02, 0xFF, 0xFF, 0x00, 0x01, 0xF9, 0x8A, 0x10, 0x2E,
    0xFA, 0x8B, 0x11, 0xF5, 0xFC, 0x8B, 0x12, 0xFE, 0xF9, 0x8A, 0x12, 0xFE, 0xF9, 0x8A, 0x12, 0xFD,
    0xFF, 0x8E, 0x12, 0xFE, 0xFB, 0x8A, 0x11, 0xD7, 0xFF, 0x8B, 0x17, 0x0B, 0x00, 0x00, 0x00, 0x00,
    0xFF, 0x7F, 0x00, 0x02, 0xFF, 0xFF, 0x00, 0x01, 0xFF, 0xFF, 0x00, 0x01, 0xFF, 0xFF, 0x00, 0x01,
    0xFF, 0xFF, 0x00, 0x01, 0xFF, 0x7F, 0x00, 0x04, 0x00, 0x00, 0x00, 0x00, 0xF9, 0x8E, 0x11, 0x2B,
    0xF9, 0x89, 0x11, 0xF8, 0xFB, 0x8B, 0x12, 0xFF, 0xF9, 0x89, 0x12, 0xFE, 0xFA, 0x89, 0x12, 0xFC,
    0xFF, 0x90, 0x13, 0xFE, 0xF8, 0x89, 0x10, 0xC4, 0xFF, 0x99, 0x00, 0x05, 0xFF, 0x7F, 0x00, 0x02,
    0x00, 0x00, 0x00, 0x00, 0xF8, 0x86, 0x14, 0x26, 0xFA, 0x8A, 0x11, 0xF1, 0xFC, 0x8C, 0x12, 0xFE,
    0xF9, 0x8A, 0x12, 0xFE, 0xF9, 0x8A, 0x12, 0xFE, 0xFC, 0x8B, 0x12, 0xFE, 0xFA, 0x8B, 0x11, 0xF1,
    0xF8, 0x85, 0x13, 0x28, 0x00, 0x00, 0x00, 0x00, 0xFF, 0x7F, 0x00, 0x02, 0xFF, 0xFF, 0x00, 0x01,
    0xFF, 0xFF, 0x00, 0x01, 0xFF, 0xFF, 0x00, 0x01, 0xFF, 0xAA, 0x00, 0x03, 0x00, 0x00, 0x00, 0x00,
    0xF9, 0x8B, 0x12, 0x94, 0xFF, 0x91, 0x13, 0xFF, 0xF9, 0x89, 0x12, 0xFC, 0xFA, 0x8A, 0x12, 0xFF,
    0xF9, 0x8A, 0x12, 0xFD, 0xFF, 0x91, 0x13, 0xFF, 0xF8, 0x8C, 0x12, 0x6F, 0x00, 0x00, 0x00, 0x00,
    0x00, 0x00, 0x00, 0x00, 0x00, 0x00, 0x00, 0x00, 0x00, 0x00, 0x00, 0x00, 0x00, 0x00, 0x00, 0x00,
    0x00, 0x00, 0x00, 0x00, 0x7F, 0x7F, 0x00, 0x02, 0xFF, 0x00, 0x00, 0x01, 0xEC, 0x91, 0x12, 0x0E,
    0xF9, 0x8A, 0x11, 0xD8, 0xFF, 0x8F, 0x13, 0xFF, 0xF9, 0x8A, 0x12, 0xFD, 0xF9, 0x89, 0x12, 0xFD,
    0xFF, 0x90, 0x13, 0xFF, 0xF9, 0x89, 0x11, 0xC7, 0xFF, 0x99, 0x00, 0x05, 0xFF, 0x00, 0x00, 0x01,
    0xFF, 0xFF, 0x00, 0x01, 0xFF, 0x7F, 0x00, 0x02, 0x00, 0x00, 0x00, 0x00, 0xF9, 0x88, 0x10, 0xB7,
    0xFD, 0x8F, 0x12, 0xF3, 0xEA, 0x82, 0x14, 0x25, 0x00, 0x00, 0x00, 0x00, 0x2D, 0x2C, 0x2A, 0xA2,
    0x2D, 0x2D, 0x2D, 0xFF, 0x2A, 0x2A, 0x2A, 0xFA, 0x2D, 0x2D, 0x2D, 0xFF, 0x2A, 0x2A, 0x2A, 0x67,
    0x00, 0x00, 0x00, 0x00, 0x3F, 0x3F, 0x3F, 0x04, 0x00, 0x00, 0x00, 0x04, 0x00, 0x00, 0x00, 0x01,
    0x2C, 0x2C, 0x2C, 0x45, 0x2B, 0x2B, 0x2B, 0xFE, 0x2B, 0x2B, 0x2B, 0xFF, 0x2B, 0x2B, 0x2B, 0xFE,
    0x2B, 0x2B, 0x2B, 0xFC, 0x2D, 0x2D, 0x2D, 0xFF, 0x2A, 0x2A, 0x2A, 0xAD, 0x00, 0x00, 0x00, 0x00,
    0x00, 0x00, 0x00, 0x01, 0x00, 0x00, 0x00, 0x00, 0x00, 0x00, 0x00, 0x00, 0x00, 0x00, 0x00, 0x00,
    0x55, 0x55, 0x55, 0x03, 0x00, 0x00, 0x00, 0x00, 0x2A, 0x2A, 0x2A, 0x6C, 0x2C, 0x2C, 0x2C, 0xFF,
    0x2B, 0x2B, 0x2B, 0xFD, 0x2B, 0x2B, 0x2B, 0xFF, 0x2B, 0x2B, 0x2B, 0xFF, 0x2B, 0x2B, 0x2B, 0xFF,
    0x2B, 0x2B, 0x2B, 0xFF, 0x2C, 0x2C, 0x2C, 0xFF, 0x2D, 0x2D, 0x2D, 0xFF, 0x2D, 0x2D, 0x2D, 0xFF,
    0x2D, 0x2D, 0x2D, 0xFF, 0x2D, 0x2D, 0x2D, 0xFF, 0x2D, 0x2D, 0x2D, 0xFF, 0x2D, 0x2D, 0x2D, 0xFF,
    0x2D, 0x2D, 0x2D, 0xFF, 0x2D, 0x2D, 0x2D, 0xFF, 0x2D, 0x2D, 0x2D, 0xFF, 0x2C, 0x2C, 0x2C, 0xFF,
    0x2B, 0x2B, 0x2B, 0xFE, 0x2B, 0x2B, 0x2B, 0xFF, 0x2B, 0x2B, 0x2B, 0xFF, 0x2C, 0x2C, 0x2C, 0xFF,
    0x2F, 0x2F, 0x2F, 0xFF, 0x2C, 0x2C, 0x2C, 0xDC, 0x2E, 0x2E, 0x2E, 0x26, 0x00, 0x00, 0x00, 0x00,
    0x00, 0x00, 0x00, 0x03, 0x00, 0x00, 0x00, 0x00, 0x1F, 0x1F, 0x1F, 0x08, 0x2B, 0x2B, 0x2B, 0xC9,
    0x2D, 0x2D, 0x2D, 0xFF, 0x2B, 0x2B, 0x2B, 0xFC, 0x2B, 0x2B, 0x2B, 0xFE, 0x2C, 0x2C, 0x2C, 0xFF,
    0x2A, 0x2A, 0x2A, 0xE0, 0x2A, 0x2A, 0x2A, 0x91, 0x2C, 0x2C, 0x2C, 0xFF, 0x2C, 0x2C, 0x2C, 0xFE,
    0x2B, 0x2B, 0x2B, 0xFE, 0x2B, 0x2B, 0x2B, 0xFF, 0x2B, 0x2B, 0x2B, 0xFD, 0x2C, 0x2C, 0x2C, 0xFF,
    0x2B, 0x2B, 0x2B, 0xCF, 0x33, 0x33, 0x33, 0x0A, 0x00, 0x00, 0x00, 0x00, 0x00, 0x00, 0x00, 0x03,
    0x00, 0x00, 0x00, 0x00, 0x00, 0x00, 0x00, 0x00, 0x00, 0x00, 0x00, 0x00, 0x00, 0x00, 0x00, 0x00,
    0x00, 0x00, 0x00, 0x00, 0x00, 0x00, 0x00, 0x00, 0x00, 0x00, 0x00, 0x00, 0x00, 0x00, 0x00, 0x00,
    0x00, 0x00, 0x00, 0x00, 0x00, 0x00, 0x00, 0x00, 0x00, 0x00, 0x00, 0x00, 0x00, 0x00, 0x00, 0x00,
    0x00, 0x00, 0x00, 0x00, 0x00, 0x00, 0x00, 0x00, 0x00, 0x00, 0x00, 0x00, 0xFF, 0x55, 0x00, 0x03,
    0x00, 0x00, 0x00, 0x00, 0xF9, 0x89, 0x11, 0x57, 0xFE, 0x8E, 0x13, 0xFF, 0xF9, 0x89, 0x12, 0xFE,
    0xFA, 0x8A, 0x12, 0xFF, 0xF8, 0x89, 0x12, 0xFD, 0xFF, 0x92, 0x13, 0xFF, 0xFB, 0x8B, 0x11, 0x85,
    0xFA, 0x89, 0x12, 0x7C, 0xFF, 0x92, 0x13, 0xFF, 0xF9, 0x89, 0x12, 0xFC, 0xFA, 0x8A, 0x12, 0xFF,
    0xFA, 0x8A, 0x12, 0xFF, 0xF9, 0x8A, 0x12, 0xFD, 0xFE, 0x8D, 0x12, 0xFF, 0xFA, 0x8A, 0x11, 0xE3,
    0xF6, 0x88, 0x11, 0x1E, 0xFF, 0xFF, 0x00, 0x01, 0xFF, 0xFF, 0x00, 0x01, 0x00, 0x00, 0x00, 0x00,
    0x00, 0x00, 0x00, 0x00, 0x00, 0x00, 0x00, 0x00, 0x00, 0x00, 0x00, 0x00, 0x00, 0x00, 0x00, 0x00,
    0x00, 0x00, 0x00, 0x00, 0x00, 0x00, 0x00, 0x00, 0xFF, 0x00, 0x00, 0x01, 0xFF, 0x00, 0x00, 0x01,
    0xFF, 0xFF, 0x00, 0x01, 0xF9, 0x89, 0x12, 0xB7, 0xFF, 0x90, 0x13, 0xFF, 0xF9, 0x89, 0x12, 0xFC,
    0xFA, 0x8A, 0x12, 0xFE, 0xFC, 0x8C, 0x12, 0xFF, 0xF9, 0x89, 0x11, 0xF1, 0xF9, 0x89, 0x11, 0x87,
    0xFA, 0x8A, 0x11, 0x74, 0xFA, 0x89, 0x11, 0x75, 0xF8, 0x89, 0x11, 0x75, 0xF8, 0x89, 0x11, 0x75,
    0xF8, 0x89, 0x11, 0x75, 0xF8, 0x89, 0x11, 0x75, 0xF8, 0x8A, 0x11, 0x74, 0xFA, 0x8A, 0x11, 0x76,
    0xF9, 0x89, 0x11, 0x64, 0xF8, 0x7F, 0x14, 0x26, 0x00, 0x00, 0x00, 0x00, 0x00, 0x00, 0x00, 0x00,
    0xFF, 0x00, 0x00, 0x01, 0x00, 0x00, 0x00, 0x00, 0xFF, 0x7F, 0x00, 0x02, 0x00, 0x00, 0x00, 0x00,
    0xF9, 0x8A, 0x12, 0x8C, 0xFF, 0x91, 0x13, 0xFF, 0xF9, 0x89, 0x12, 0xFC, 0xF9, 0x8A, 0x12, 0xFE,
    0xFB, 0x8A, 0x12, 0xFF, 0xFA, 0x8B, 0x12, 0xF9, 0xFF, 0x8A, 0x11, 0x39, 0x00, 0x00, 0x00, 0x00,
    0xF8, 0x89, 0x12, 0x71, 0xFF, 0x91, 0x13, 0xFF, 0xF9, 0x89, 0x12, 0xFC, 0xFA, 0x8A, 0x12, 0xFF,
    0xF9, 0x8A, 0x12, 0xFE, 0xFA, 0x8A, 0x12, 0xFF, 0xFA, 0x8A, 0x12, 0xFF, 0xFA, 0x8A, 0x12, 0xFF,
    0xFA, 0x8A, 0x12, 0xFC, 0xFF, 0x90, 0x13, 0xFF, 0xFB, 0x8A, 0x12, 0xC5, 0xFF, 0x7F, 0x00, 0x06,
    0xFF, 0x99, 0x00, 0x05, 0xFB, 0x89, 0x12, 0xC1, 0xFF, 0x90, 0x13, 0xFF, 0xF8, 0x89, 0x12, 0xFD,
    0xFA, 0x8A, 0x12, 0xFF, 0xFB, 0x8B, 0x12, 0xFC, 0xFD, 0x8D, 0x12, 0xFF, 0xFB, 0x8F, 0x0F, 0x50,
    0x00, 0x00, 0x00, 0x00, 0xFF, 0x99, 0x00, 0x05, 0x00, 0x00, 0x00, 0x00, 0xF9, 0x89, 0x12, 0x89,
    0xFF, 0x92, 0x13, 0xFF, 0xF9, 0x89, 0x12, 0xFC, 0xFA, 0x8A, 0x12, 0xFF, 0xF9, 0x8A, 0x12, 0xFD,
    0xFF, 0x90, 0x13, 0xFF, 0xFA, 0x8B, 0x10, 0x6A, 0x00, 0x00, 0x00, 0x00, 0xFF, 0x66, 0x00, 0x05,
    0x00, 0x00, 0x00, 0x00, 0x00, 0x00, 0x00, 0x00, 0x00, 0x00, 0x00, 0x00, 0x00, 0x00, 0x00, 0x00,
    0x00, 0x00, 0x00, 0x00, 0xFF, 0xAA, 0x00, 0x03, 0x00, 0x00, 0x00, 0x00, 0xF8, 0x8A, 0x12, 0x7F,
    0xFF, 0x91, 0x13, 0xFF, 0xF9, 0x89, 0x12, 0xFC, 0xFA, 0x8A, 0x12, 0xFF, 0xF9, 0x8A, 0x12, 0xFD,
    0xFF, 0x91, 0x13, 0xFF, 0xFA, 0x8A, 0x10, 0x6D, 0x00, 0x00, 0x00, 0x00, 0xFF, 0x7F, 0x00, 0x06,
    0x00, 0x00, 0x00, 0x00, 0xFA, 0x89, 0x10, 0x7A, 0xFF, 0x91, 0x13, 0xFF, 0xF9, 0x89, 0x12, 0xFC,
    0xFA, 0x8A, 0x12, 0xFF, 0xF9, 0x89, 0x12, 0xFC, 0xFF, 0x91, 0x13, 0xFF, 0xFA, 0x88, 0x11, 0x9D,
    0x00, 0x00, 0x00, 0x00, 0xFF, 0x7F, 0x00, 0x04, 0xFF, 0x00, 0x00, 0x01, 0x00, 0x00, 0x00, 0x00,
    0x00, 0x00, 0x00, 0x00, 0xFF, 0x7F, 0x00, 0x02, 0x00, 0x00, 0x00, 0x00, 0xFF, 0x8B, 0x17, 0x16,
    0xF9, 0x8A, 0x12, 0xE5, 0xFE, 0x8D, 0x12, 0xFF, 0xF9, 0x89, 0x12, 0xFE, 0xF9, 0x8A, 0x12, 0xFD,
    0xFE, 0x8E, 0x13, 0xFF, 0xFA, 0x89, 0x11, 0xDB, 0xEE, 0x88, 0x11, 0x0F, 0xFF, 0x55, 0x00, 0x03,
    0xFF, 0xAA, 0x00, 0x03, 0xFF, 0x00, 0x00, 0x01, 0x00, 0x00, 0x00, 0x00, 0x00, 0x00, 0x00, 0x00,
    0x00, 0x00, 0x00, 0x00, 0xFF, 0xAA, 0x00, 0x03, 0xFF, 0x00, 0x00, 0x01, 0xFC, 0x8A, 0x12, 0x55,
    0xFE, 0x8E, 0x13, 0xFF, 0xFA, 0x8A, 0x12, 0xFD, 0xFA, 0x8A, 0x12, 0xFF, 0xF9, 0x8A, 0x12, 0xFD,
    0xFF, 0x90, 0x13, 0xFF, 0xFA, 0x89, 0x13, 0x6A, 0x00, 0x00, 0x00, 0x00, 0xFF, 0x55, 0x00, 0x03,
    0xFF, 0xAA, 0x00, 0x03, 0x00, 0x00, 0x00, 0x00, 0xFB, 0x8A, 0x12, 0x44, 0xFF, 0x95, 0x14, 0xFF,
    0xF3, 0x85, 0x14, 0x71, 0x00, 0x00, 0x00, 0x00, 0x32, 0x2E, 0x28, 0x4C, 0x2C, 0x2C, 0x2C, 0xFE,
    0x2A, 0x2A, 0x2A, 0xFB, 0x2D, 0x2D, 0x2D, 0xFF, 0x2A, 0x2A, 0x2A, 0xA2, 0x00, 0x00, 0x00, 0x00,
    0x00, 0x00, 0x00, 0x00, 0x00, 0x00, 0x00, 0x00, 0x00, 0x00, 0x00, 0x00, 0x00, 0x00, 0x00, 0x00,
    0x2C, 0x2C, 0x2C, 0x51, 0x2C, 0x2C, 0x2C, 0xFF, 0x2B, 0x2B, 0x2B, 0xFE, 0x2B, 0x2B, 0x2B, 0xFF,
    0x2A, 0x2A, 0x2A, 0xFC, 0x2D, 0x2D, 0x2D, 0xFF, 0x2B, 0x2B, 0x2B, 0x9E, 0x00, 0x00, 0x00, 0x00,
    0x00, 0x00, 0x00, 0x02, 0x00, 0x00, 0x00, 0x00, 0x00, 0x00, 0x00, 0x00, 0x00, 0x00, 0x00, 0x01,
    0x00, 0x00, 0x00, 0x01, 0x33, 0x33, 0x33, 0x05, 0x2A, 0x2A, 0x2A, 0xC5, 0x2D, 0x2D, 0x2D, 0xFF,
    0x2B, 0x2B, 0x2B, 0xFC, 0x2B, 0x2B, 0x2B, 0xFF, 0x2B, 0x2B, 0x2B, 0xFF, 0x2B, 0x2B, 0x2B, 0xFF,
    0x2B, 0x2B, 0x2B, 0xFF, 0x2B, 0x2B, 0x2B, 0xFE, 0x2B, 0x2B, 0x2B, 0xFC, 0x2B, 0x2B, 0x2B, 0xFC,
    0x2B, 0x2B, 0x2B, 0xFC, 0x2B, 0x2B, 0x2B, 0xFC, 0x2B, 0x2B, 0x2B, 0xFC, 0x2B, 0x2B, 0x2B, 0xFC,
    0x2B, 0x2B, 0x2B, 0xFC, 0x2B, 0x2B, 0x2B, 0xFC, 0x2B, 0x2B, 0x2B, 0xFC, 0x2B, 0x2B, 0x2B, 0xFD,
    0x2B, 0x2B, 0x2B, 0xFF, 0x2B, 0x2B, 0x2B, 0xFE, 0x2B, 0x2B, 0x2B, 0xFE, 0x2B, 0x2B, 0x2B, 0xE5,
    0x2B, 0x2B, 0x2B, 0x98, 0x33, 0x33, 0x33, 0x19, 0x00, 0x00, 0x00, 0x00, 0x00, 0x00, 0x00, 0x01,
    0x00, 0x00, 0x00, 0x03, 0x00, 0x00, 0x00, 0x00, 0x29, 0x29, 0x29, 0x43, 0x2B, 0x2B, 0x2B, 0xFC,
    0x2B, 0x2B, 0x2B, 0xFE, 0x2B, 0x2B, 0x2B, 0xFE, 0x2B, 0x2B, 0x2B, 0xFC, 0x2E, 0x2E, 0x2E, 0xFF,
    0x2B, 0x2B, 0x2B, 0x8E, 0x29, 0x29, 0x29, 0x68, 0x2D, 0x2D, 0x2D, 0xFF, 0x2B, 0x2B, 0x2B, 0xFD,
    0x2B, 0x2B, 0x2B, 0xFF, 0x2B, 0x2B, 0x2B, 0xFF, 0x2B, 0x2B, 0x2B, 0xFE, 0x2C, 0x2C, 0x2C, 0xFF,
    0x2A, 0x2A, 0x2A, 0xE9, 0x2A, 0x2A, 0x2A, 0x24, 0x00, 0x00, 0x00, 0x02, 0x00, 0x00, 0x00, 0x02,
    0x00, 0x00, 0x00, 0x00, 0x00, 0x00, 0x00, 0x00, 0x00, 0x00, 0x00, 0x00, 0x00, 0x00, 0x00, 0x00,
    0x00, 0x00, 0x00, 0x00, 0x00, 0x00, 0x00, 0x00, 0x00, 0x00, 0x00, 0x00, 0x00, 0x00, 0x00, 0x00,
    0x00, 0x00, 0x00, 0x00, 0x00, 0x00, 0x00, 0x00, 0x00, 0x00, 0x00, 0x00, 0x00, 0x00, 0x00, 0x00,
    0x00, 0x00, 0x00, 0x00, 0x00, 0x00, 0x00, 0x00, 0x00, 0x00, 0x00, 0x00, 0xFF, 0xFF, 0x00, 0x01,
    0xFF, 0x7F, 0x00, 0x02, 0xFA, 0x8A, 0x12, 0xB3, 0xFF, 0x91, 0x13, 0xFF, 0xF9, 0x8A, 0x12, 0xFC,
    0xF9, 0x8A, 0x12, 0xFE, 0xFB, 0x8B, 0x12, 0xFF, 0xFB, 0x8B, 0x12, 0xFA, 0xF9, 0x8A, 0x10, 0x2E,
    0xF8, 0x85, 0x12, 0x2A, 0xFA, 0x8A, 0x12, 0xFA, 0xFC, 0x8B, 0x12, 0xFF, 0xF9, 0x8A, 0x12, 0xFE,
    0xFA, 0x8A, 0x12, 0xFF, 0xFA, 0x8A, 0x12, 0xFF, 0xF9, 0x8A, 0x12, 0xFD, 0xFF, 0x90, 0x13, 0xFF,
    0xFA, 0x89, 0x11, 0x66, 0x00, 0x00, 0x00, 0x00, 0xFF, 0xAA, 0x00, 0x03, 0x00, 0x00, 0x00, 0x00,
    0x00, 0x00, 0x00, 0x00, 0x00, 0x00, 0x00, 0x00, 0x00, 0x00, 0x00, 0x00, 0x00, 0x00, 0x00, 0x00,
    0x00, 0x00, 0x00, 0x00, 0x00, 0x00, 0x00, 0x00, 0xFF, 0x7F, 0x00, 0x02, 0x00, 0x00, 0x00, 0x00,
    0xF9, 0x8A, 0x10, 0x2E, 0xFA, 0x89, 0x11, 0xF4, 0xFC, 0x8B, 0x12, 0xFF, 0xF9, 0x8A, 0x12, 0xFE,
    0xFA, 0x8A, 0x12, 0xFF, 0xFA, 0x8A, 0x12, 0xFF, 0xFC, 0x8B, 0x12, 0xFF, 0xFF, 0x92, 0x13, 0xFF,
    0xFF, 0x92, 0x13, 0xFF, 0xFF, 0x92, 0x13, 0xFF, 0xFF, 0x92, 0x13, 0xFF, 0xFF, 0x92, 0x13, 0xFF,
    0xFF, 0x92, 0x13, 0xFF, 0xFF, 0x92, 0x13, 0xFF, 0xFF, 0x92, 0x13, 0xFF, 0xFF, 0x93, 0x13, 0xFF,
    0xFF, 0x90, 0x13, 0xFF, 0xFD, 0x8E, 0x12, 0xF5, 0xFA, 0x8A, 0x11, 0x72, 0x00, 0x00, 0x00, 0x00,
    0xFF, 0x7F, 0x00, 0x02, 0xFF, 0x00, 0x00, 0x01, 0xFF, 0x00, 0x00, 0x01, 0x00, 0x00, 0x00, 0x00,
    0xFA, 0x89, 0x12, 0xB6, 0xFF, 0x90, 0x13, 0xFF, 0xFA, 0x8A, 0x12, 0xFC, 0xF9, 0x8A, 0x12, 0xFD,
    0xFF, 0x8E, 0x12, 0xFF, 0xF9, 0x89, 0x12, 0xDC, 0xFF, 0x94, 0x15, 0x0C, 0xFF, 0x88, 0x12, 0x1C,
    0xFA, 0x8B, 0x11, 0xEA, 0xFC, 0x8D, 0x13, 0xFE, 0xF9, 0x8A, 0x12, 0xFD, 0xF9, 0x8A, 0x12, 0xFE,
    0xFC, 0x8B, 0x12, 0xFF, 0xFB, 0x8A, 0x12, 0xFF, 0xFA, 0x8A, 0x12, 0xFF, 0xFA, 0x8A, 0x12, 0xFF,
    0xF9, 0x89, 0x12, 0xFC, 0xFF, 0x91, 0x13, 0xFF, 0xFA, 0x8A, 0x13, 0x9B, 0x00, 0x00, 0x00, 0x00,
    0xF9, 0x88, 0x11, 0x65, 0xFF, 0x90, 0x13, 0xFF, 0xF9, 0x8A, 0x12, 0xFD, 0xFA, 0x8A, 0x12, 0xFF,
    0xF9, 0x89, 0x12, 0xFC, 0xFF, 0x92, 0x13, 0xFF, 0xFA, 0x88, 0x13, 0xA1, 0x00, 0x00, 0x00, 0x00,
    0xFF, 0xAA, 0x00, 0x03, 0xFF, 0x00, 0x00, 0x01, 0xFF, 0x87, 0x0F, 0x11, 0xF9, 0x89, 0x11, 0xDC,
    0xFE, 0x8E, 0x13, 0xFF, 0xF9, 0x8A, 0x12, 0xFD, 0xF9, 0x8A, 0x12, 0xFD, 0xFE, 0x8D, 0x12, 0xFF,
    0xF9, 0x89, 0x11, 0xE7, 0xF4, 0x8A, 0x15, 0x18, 0xFF, 0x00, 0x00, 0x01, 0xFF, 0x7F, 0x00, 0x02,
    0x00, 0x00, 0x00, 0x00, 0x00, 0x00, 0x00, 0x00, 0x00, 0x00, 0x00, 0x00, 0x00, 0x00, 0x00, 0x00,
    0xFF, 0x00, 0x00, 0x01, 0x00, 0x00, 0x00, 0x00, 0xFF, 0x7F, 0x15, 0x0C, 0xF7, 0x89, 0x13, 0xD5,
    0xFF, 0x8F, 0x13, 0xFF, 0xF9, 0x8A, 0x12, 0xFD, 0xFA, 0x8A, 0x12, 0xFD, 0xFD, 0x8D, 0x12, 0xFF,
    0xFA, 0x89, 0x11, 0xE7, 0xF5, 0x89, 0x13, 0x1A, 0x00, 0x00, 0x00, 0x00, 0xFF, 0xFF, 0x00, 0x01,
    0xFF, 0x8B, 0x17, 0x0B, 0xFA, 0x89, 0x12, 0xD3, 0xFF, 0x8F, 0x12, 0xFF, 0xF9, 0x8A, 0x12, 0xFC,
    0xFA, 0x8A, 0x12, 0xFF, 0xFB, 0x8A, 0x12, 0xFE, 0xFC, 0x8C, 0x13, 0xFC, 0xF7, 0x89, 0x13, 0x41,
    0xFF, 0x00, 0x00, 0x01, 0xFF, 0x55, 0x00, 0x03, 0x00, 0x00, 0x00, 0x00, 0x00, 0x00, 0x00, 0x00,
    0x00, 0x00, 0x00, 0x00, 0xFF, 0xAA, 0x00, 0x03, 0x00, 0x00, 0x00, 0x00, 0xFA, 0x8C, 0x14, 0x66,
    0xFF, 0x90, 0x13, 0xFF, 0xF9, 0x8A, 0x12, 0xFD, 0xFA, 0x8A, 0x12, 0xFF, 0xF9, 0x89, 0x12, 0xFC,
    0xFF, 0x92, 0x13, 0xFF, 0xF9, 0x8A, 0x11, 0x83, 0x00, 0x00, 0x00, 0x00, 0xFF, 0x7F, 0x00, 0x02,
    0x00, 0x00, 0x00, 0x00, 0x00, 0x00, 0x00, 0x00, 0x00, 0x00, 0x00, 0x00, 0x00, 0x00, 0x00, 0x00,
    0x00, 0x00, 0x00, 0x00, 0xFF, 0xFF, 0x00, 0x01, 0x00, 0x00, 0x00, 0x00, 0xF9, 0x8A, 0x12, 0xAF,
    0xFF, 0x91, 0x13, 0xFF, 0xF9, 0x89, 0x12, 0xFC, 0xF9, 0x8A, 0x12, 0xFD, 0xFD, 0x8D, 0x12, 0xFF,
    0xF9, 0x89, 0x11, 0xEA, 0xF5, 0x84, 0x12, 0x1B, 0x00, 0x00, 0x00, 0x00, 0xFF, 0x7F, 0x00, 0x02,
    0xFF, 0xFF, 0x00, 0x01, 0xFF, 0xAA, 0x00, 0x03, 0xFC, 0x8B, 0x12, 0xCF, 0xFA, 0x8B, 0x12, 0xD9,
    0xD7, 0x75, 0x13, 0x0D, 0x3F, 0x3F, 0x2F, 0x10, 0x2B, 0x2B, 0x2A, 0xD7, 0x2C, 0x2C, 0x2C, 0xFF,
    0x2B, 0x2B, 0x2B, 0xFE, 0x2B, 0x2B, 0x2B, 0xDF, 0x29, 0x29, 0x29, 0x2B, 0x28, 0x28, 0x28, 0x19,
    0x25, 0x25, 0x25, 0x1B, 0x28, 0x28, 0x28, 0x19, 0x2D, 0x2D, 0x2D, 0x1C, 0x28, 0x28, 0x28, 0x13,
    0x2B, 0x2B, 0x2B, 0x70, 0x2D, 0x2D, 0x2D, 0xFF, 0x2B, 0x2B, 0x2B, 0xFD, 0x2B, 0x2B, 0x2B, 0xFF,
    0x2B, 0x2B, 0x2B, 0xFC, 0x2D, 0x2D, 0x2D, 0xFF, 0x2B, 0x2B, 0x2B, 0x8E, 0x00, 0x00, 0x00, 0x00,
    0x00, 0x00, 0x00, 0x02, 0x00, 0x00, 0x00, 0x00, 0x00, 0x00, 0x00, 0x00, 0x55, 0x55, 0x55, 0x03,
    0x00, 0x00, 0x00, 0x00, 0x2B, 0x2B, 0x2B, 0x41, 0x2B, 0x2B, 0x2B, 0xFB, 0x2B, 0x2B, 0x2B, 0xFE,
    0x2B, 0x2B, 0x2B, 0xFE, 0x2B, 0x2B, 0x2B, 0xFF, 0x2B, 0x2B, 0x2B, 0xFF, 0x2B, 0x2B, 0x2B, 0xFC,
    0x2A, 0x2A, 0x2A, 0xFB, 0x2A, 0x2A, 0x2A, 0xFB, 0x2A, 0x2A, 0x2A, 0xFB, 0x2A, 0x2A, 0x2A, 0xFB,
    0x2A, 0x2A, 0x2A, 0xFB, 0x2A, 0x2A, 0x2A, 0xFB, 0x2A, 0x2A, 0x2A, 0xFB, 0x2A, 0x2A, 0x2A, 0xFB,
    0x2A, 0x2A, 0x2A, 0xFC, 0x2B, 0x2B, 0x2B, 0xFE, 0x2B, 0x2B, 0x2B, 0xFF, 0x2B, 0x2B, 0x2B, 0xFF,
    0x2B, 0x2B, 0x2B, 0xFF, 0x2B, 0x2B, 0x2B, 0xFD, 0x2C, 0x2C, 0x2C, 0xFF, 0x2A, 0x2A, 0x2A, 0xBA,
    0x00, 0x00, 0x00, 0x01, 0x00, 0x00, 0x00, 0x00, 0x00, 0x00, 0x00, 0x02, 0x00, 0x00, 0x00, 0x00,
    0x00, 0x00, 0x00, 0x01, 0x00, 0x00, 0x00, 0x00, 0x2B, 0x2B, 0x2B, 0x9F, 0x2D, 0x2D, 0x2D, 0xFF,
    0x2B, 0x2B, 0x2B, 0xFC, 0x2B, 0x2B, 0x2B, 0xFF, 0x2B, 0x2B, 0x2B, 0xFE, 0x2B, 0x2B, 0x2B, 0xFC,
    0x27, 0x27, 0x27, 0x3A, 0x2C, 0x2C, 0x2C, 0x17, 0x2B, 0x2B, 0x2B, 0xF1, 0x2B, 0x2B, 0x2B, 0xFF,
    0x2B, 0x2B, 0x2B, 0xFE, 0x2B, 0x2B, 0x2B, 0xFF, 0x2B, 0x2B, 0x2B, 0xFF, 0x2B, 0x2B, 0x2B, 0xFD,
    0x2D, 0x2D, 0x2D, 0xFF, 0x2B, 0x2B, 0x2B, 0x70, 0x00, 0x00, 0x00, 0x00, 0x00, 0x00, 0x00, 0x03,
    0x00, 0x00, 0x00, 0x00, 0x00, 0x00, 0x00, 0x00, 0x00, 0x00, 0x00, 0x00, 0x00, 0x00, 0x00, 0x00,
    0x00, 0x00, 0x00, 0x00, 0x00, 0x00, 0x00, 0x00, 0x00, 0x00, 0x00, 0x00, 0x00, 0x00, 0x00, 0x00,
    0x00, 0x00, 0x00, 0x00, 0x00, 0x00, 0x00, 0x00, 0x00, 0x00, 0x00, 0x00, 0x00, 0x00, 0x00, 0x00,
    0x00, 0x00, 0x00, 0x00, 0x00, 0x00, 0x00, 0x00, 0xFF, 0x7F, 0x00, 0x02, 0x00, 0x00, 0x00, 0x00,
    0xF9, 0x8A, 0x10, 0x2E, 0xFB, 0x8A, 0x11, 0xF4, 0xFC, 0x8B, 0x12, 0xFF, 0xF9, 0x8A, 0x12, 0xFE,
    0xF9, 0x8A, 0x12, 0xFD, 0xFF, 0x90, 0x13, 0xFF, 0xF8, 0x88, 0x11, 0xBE, 0xFF, 0x7F, 0x00, 0x02,
    0xFF, 0x91, 0x00, 0x07, 0xF8, 0x88, 0x11, 0xCB, 0xFF, 0x8F, 0x13, 0xFF, 0xF9, 0x8A, 0x12, 0xFD,
    0xFA, 0x8A, 0x12, 0xFF, 0xFA, 0x8A, 0x12, 0xFF, 0xF9, 0x8A, 0x12, 0xFC, 0xFF, 0x90, 0x13, 0xFF,
    0xFA, 0x89, 0x11, 0xB2, 0xFF, 0x00, 0x00, 0x01, 0xFF, 0x00, 0x00, 0x01, 0x00, 0x00, 0x00, 0x00,
    0x00, 0x00, 0x00, 0x00, 0x00, 0x00, 0x00, 0x00, 0x00, 0x00, 0x00, 0x00, 0x00, 0x00, 0x00, 0x00,
    0x00, 0x00, 0x00, 0x00, 0x00, 0x00, 0x00, 0x00, 0xFF, 0x55, 0x00, 0x03, 0x00, 0x00, 0x00, 0x00,
    0xF9, 0x89, 0x10, 0x5D, 0xFF, 0x8E, 0x13, 0xFE, 0xF9, 0x8A, 0x12, 0xFD, 0xFA, 0x8A, 0x12, 0xFF,
    0xFA, 0x8A, 0x12, 0xFF, 0xFA, 0x8A, 0x12, 0xFF, 0xFA, 0x8A, 0x12, 0xFF, 0xF9, 0x89, 0x12, 0xFC,
    0xF9, 0x89, 0x12, 0xFC, 0xF9, 0x89, 0x12, 0xFC, 0xF9, 0x89, 0x12, 0xFC, 0xF9, 0x89, 0x12, 0xFC,
    0xF9, 0x89, 0x12, 0xFC, 0xF9, 0x89, 0x12, 0xFC, 0xF9, 0x89, 0x12, 0xFC, 0xF9, 0x89, 0x12, 0xFC,
    0xF9, 0x89, 0x12, 0xFA, 0xFF, 0x90, 0x13, 0xFF, 0xFA, 0x8A, 0x11, 0xDF, 0xEC, 0x7F, 0x12, 0x0E,
    0x00, 0x00, 0x00, 0x00, 0xFF, 0x7F, 0x00, 0x02, 0x00, 0x00, 0x00, 0x00, 0xFF, 0x88, 0x11, 0x0F,
    0xFA, 0x8A, 0x11, 0xD9, 0xFF, 0x8E, 0x13, 0xFF, 0xF9, 0x8A, 0x12, 0xFD, 0xF9, 0x89, 0x12, 0xFC,
    0xFF, 0x91, 0x13, 0xFF, 0xF9, 0x8A, 0x11, 0xAF, 0x00, 0x00, 0x00, 0x00, 0xFA, 0x88, 0x11, 0xA2,
    0xFF, 0x92, 0x13, 0xFF, 0xF8, 0x89, 0x12, 0xFD, 0xFA, 0x8A, 0x12, 0xFF, 0xFC, 0x8B, 0x12, 0xFF,
    0xF9, 0x8A, 0x12, 0xF6, 0xF9, 0x8A, 0x12, 0xFA, 0xFB, 0x8A, 0x12, 0xFF, 0xFA, 0x8A, 0x12, 0xFF,
    0xF9, 0x8A, 0x12, 0xFD, 0xFF, 0x90, 0x12, 0xFF, 0xF9, 0x8A, 0x12, 0x5E, 0xEC, 0x7F, 0x12, 0x0E,
    0xFA, 0x8A, 0x11, 0xE4, 0xFD, 0x8D, 0x12, 0xFE, 0xF9, 0x8A, 0x12, 0xFD, 0xF9, 0x8A, 0x12, 0xFD,
    0xFD, 0x8D, 0x12, 0xFE, 0xFB, 0x8A, 0x11, 0xE3, 0xFF, 0x8E, 0x14, 0x19, 0xFF, 0xFF, 0x00, 0x01,
    0xFF, 0x7F, 0x00, 0x04, 0x00, 0x00, 0x00, 0x00, 0xF9, 0x8A, 0x13, 0x5A, 0xFF, 0x8F, 0x12, 0xFF,
    0xFA, 0x8A, 0x12, 0xFD, 0xFA, 0x8A, 0x12, 0xFF, 0xF9, 0x89, 0x12, 0xFC, 0xFF, 0x92, 0x13, 0xFF,
    0xF9, 0x8B, 0x10, 0x98, 0x00, 0x00, 0x00, 0x00, 0xFF, 0x7F, 0x00, 0x02, 0x00, 0x00, 0x00, 0x00,
    0x00, 0x00, 0x00, 0x00, 0x00, 0x00, 0x00, 0x00, 0x00, 0x00, 0x00, 0x00, 0x00, 0x00, 0x00, 0x00,
    0xFF, 0xAA, 0x00, 0x03, 0x00, 0x00, 0x00, 0x00, 0xFB, 0x8B, 0x12, 0x52, 0xFE, 0x8E, 0x12, 0xFF,
    0xF9, 0x89, 0x12, 0xFE, 0xFA, 0x8A, 0x12, 0xFF, 0xF9, 0x89, 0x12, 0xFC, 0xFF, 0x92, 0x13, 0xFF,
    0xFA, 0x8A, 0x10, 0x9B, 0x00, 0x00, 0x00, 0x00, 0xFF, 0x99, 0x00, 0x05, 0x00, 0x00, 0x00, 0x00,
    0xF8, 0x8B, 0x10, 0x4D, 0xFD, 0x8D, 0x12, 0xFF, 0xF9, 0x8A, 0x12, 0xFE, 0xFA, 0x8A, 0x12, 0xFF,
    0xF9, 0x8A, 0x12, 0xFD, 0xFF, 0x8F, 0x13, 0xFE, 0xF9, 0x88, 0x11, 0xC8, 0xDA, 0x6D, 0x24, 0x07,
    0xFF, 0x00, 0x00, 0x01, 0xFF, 0x00, 0x00, 0x01, 0x00, 0x00, 0x00, 0x00, 0x00, 0x00, 0x00, 0x00,
    0xFF, 0x00, 0x00, 0x01, 0xFF, 0x00, 0x00, 0x01, 0xFF, 0x7F, 0x00, 0x02, 0xF8, 0x8A, 0x12, 0xC2,
    0xFF, 0x90, 0x13, 0xFF, 0xF9, 0x8A, 0x12, 0xFC, 0xF9, 0x8A, 0x12, 0xFE, 0xFC, 0x8B, 0x12, 0xFF,
    0xFB, 0x8C, 0x12, 0xF4, 0xF9, 0x8D, 0x16, 0x2D, 0x00, 0x00, 0x00, 0x00, 0xFF, 0x7F, 0x00, 0x02,
    0x00, 0x00, 0x00, 0x00, 0x00, 0x00, 0x00, 0x00, 0x00, 0x00, 0x00, 0x00, 0x00, 0x00, 0x00, 0x00,
    0xFF, 0x7F, 0x00, 0x02, 0x00, 0x00, 0x00, 0x00, 0xFF, 0x88, 0x11, 0x2B, 0xFA, 0x8A, 0x12, 0xF5,
    0xFC, 0x8B, 0x12, 0xFF, 0xF9, 0x8A, 0x12, 0xFE, 0xF9, 0x89, 0x12, 0xFC, 0xFF, 0x92, 0x13, 0xFF,
    0xF9, 0x89, 0x12, 0x98, 0x00, 0x00, 0x00, 0x00, 0xFF, 0x7F, 0x00, 0x02, 0xFF, 0xAA, 0x00, 0x03,
    0x00, 0x00, 0x00, 0x00, 0xF9, 0x89, 0x11, 0x59, 0xFF, 0x91, 0x13, 0xFF, 0xEE, 0x81, 0x14, 0x3F,
    0x00, 0x00, 0x00, 0x00, 0x2E, 0x2C, 0x2A, 0x8A, 0x2D, 0x2D, 0x2D, 0xFF, 0x2A, 0x2A, 0x2A, 0xFC,
    0x2B, 0x2B, 0x2B, 0xFF, 0x2B, 0x2B, 0x2B, 0xF2, 0x2A, 0x2A, 0x2A, 0xE4, 0x2A, 0x2A, 0x2A, 0xEA,
    0x2A, 0x2A, 0x2A, 0xE9, 0x2A, 0x2A, 0x2A, 0xE9, 0x2A, 0x2A, 0x2A, 0xEA, 0x2B, 0x2B, 0x2B, 0xE7,
    0x2B, 0x2B, 0x2B, 0xF2, 0x2B, 0x2B, 0x2B, 0xFF, 0x2B, 0x2B, 0x2B, 0xFF, 0x2B, 0x2B, 0x2B, 0xFF,
    0x2B, 0x2B, 0x2B, 0xFC, 0x2D, 0x2D, 0x2D, 0xFF, 0x2A, 0x2A, 0x2A, 0x7F, 0x00, 0x00, 0x00, 0x00,
    0x00, 0x00, 0x00, 0x03, 0x00, 0x00, 0x00, 0x00, 0x00, 0x00, 0x00, 0x00, 0x00, 0x00, 0x00, 0x02,
    0x00, 0x00, 0x00, 0x00, 0x2B, 0x2B, 0x2B, 0x99, 0x2D, 0x2D, 0x2D, 0xFF, 0x2B, 0x2B, 0x2B, 0xFC,
    0x2B, 0x2B, 0x2B, 0xFF, 0x2B, 0x2B, 0x2B, 0xFF, 0x2B, 0x2B, 0x2B, 0xFF, 0x2D, 0x2D, 0x2D, 0xFF,
    0x2E, 0x2E, 0x2E, 0xFF, 0x2E, 0x2E, 0x2E, 0xFF, 0x2E, 0x2E, 0x2E, 0xFF, 0x2E, 0x2E, 0x2E, 0xFF,
    0x2E, 0x2E, 0x2E, 0xFF, 0x2E, 0x2E, 0x2E, 0xFF, 0x2E, 0x2E, 0x2E, 0xFF, 0x2E, 0x2E, 0x2E, 0xFF,
    0x2E, 0x2E, 0x2E, 0xFF, 0x2C, 0x2C, 0x2C, 0xFF, 0x2B, 0x2B, 0x2B, 0xFF, 0x2B, 0x2B, 0x2B, 0xFF,
    0x2B, 0x2B, 0x2B, 0xFF, 0x2B, 0x2B, 0x2B, 0xFF, 0x2B, 0x2B, 0x2B, 0xFD, 0x2D, 0x2D, 0x2D, 0xFF,
    0x2B, 0x2B, 0x2B, 0x69, 0x00, 0x00, 0x00, 0x01, 0x00, 0x00, 0x00, 0x03, 0x00, 0x00, 0x00, 0x02,
    0x00, 0x00, 0x00, 0x00, 0x2A, 0x2A, 0x2A, 0x1E, 0x2A, 0x2A, 0x2A, 0xEA, 0x2C, 0x2C, 0x2C, 0xFF,
    0x2B, 0x2B, 0x2B, 0xFE, 0x2B, 0x2B, 0x2B, 0xFD, 0x2D, 0x2D, 0x2D, 0xFF, 0x2A, 0x2A, 0x2A, 0xC6,
    0x2A, 0x2A, 0x2A, 0x06, 0x00, 0x00, 0x00, 0x01, 0x2B, 0x2B, 0x2B, 0xB7, 0x2D, 0x2D, 0x2D, 0xFF,
    0x2B, 0x2B, 0x2B, 0xFC, 0x2B, 0x2B, 0x2B, 0xFF, 0x2B, 0x2B, 0x2B, 0xFF, 0x2B, 0x2B, 0x2B, 0xFC,
    0x2D, 0x2D, 0x2D, 0xFE, 0x2B, 0x2B, 0x2B, 0xBA, 0x7F, 0x7F, 0x7F, 0x02, 0x00, 0x00, 0x00, 0x01,
    0x00, 0x00, 0x00, 0x01, 0x00, 0x00, 0x00, 0x00, 0x00, 0x00, 0x00, 0x00, 0x00, 0x00, 0x00, 0x00,
    0x00, 0x00, 0x00, 0x00, 0x00, 0x00, 0x00, 0x00, 0x00, 0x00, 0x00, 0x00, 0x00, 0x00, 0x00, 0x00,
    0x00, 0x00, 0x00, 0x00, 0x00, 0x00, 0x00, 0x00, 0x00, 0x00, 0x00, 0x00, 0x00, 0x00, 0x00, 0x00,
    0x00, 0x00, 0x00, 0x00, 0x00, 0x00, 0x00, 0x00, 0xFF, 0x7F, 0x00, 0x02, 0x00, 0x00, 0x00, 0x00,
    0xF9, 0x89, 0x12, 0x87, 0xFF, 0x91, 0x13, 0xFF, 0xF9, 0x89, 0x12, 0xFC, 0xFA, 0x8A, 0x12, 0xFF,
    0xF9, 0x8A, 0x12, 0xFD, 0xFF, 0x8E, 0x13, 0xFF, 0xF7, 0x87, 0x12, 0x62, 0x00, 0x00, 0x00, 0x00,
    0x00, 0x00, 0x00, 0x00, 0xFB, 0x8A, 0x11, 0x83, 0xFF, 0x91, 0x13, 0xFF, 0xF9, 0x89, 0x12, 0xFC,
    0xFA, 0x8A, 0x12, 0xFF, 0xFA, 0x8A, 0x12, 0xFF, 0xF9, 0x89, 0x12, 0xFE, 0xFD, 0x8C, 0x12, 0xFF,
    0xFA, 0x8A, 0x11, 0xED, 0xFF, 0x86, 0x0E, 0x24, 0x00, 0x00, 0x00, 0x00, 0xFF, 0x7F, 0x00, 0x02,
    0x00, 0x00, 0x00, 0x00, 0x00, 0x00, 0x00, 0x00, 0x00, 0x00, 0x00, 0x00, 0x00, 0x00, 0x00, 0x00,
    0x00, 0x00, 0x00, 0x00, 0x00, 0x00, 0x00, 0x00, 0xFF, 0x55, 0x00, 0x03, 0x00, 0x00, 0x00, 0x00,
    0xF9, 0x8A, 0x11, 0x5A, 0xFF, 0x91, 0x13, 0xFF, 0xFA, 0x8A, 0x12, 0xFB, 0xF9, 0x8A, 0x12, 0xFB,
    0xF9, 0x89, 0x12, 0xFC, 0xF9, 0x89, 0x12, 0xFC, 0xF9, 0x89, 0x12, 0xFC, 0xFA, 0x8A, 0x12, 0xFB,
    0xF9, 0x89, 0x12, 0xFC, 0xFA, 0x8A, 0x12, 0xFB, 0xF9, 0x89, 0x12, 0xFC, 0xF9, 0x89, 0x12, 0xFE,
    0xFA, 0x8A, 0x12, 0xFF, 0xFA, 0x8A, 0x12, 0xFF, 0xFA, 0x8A, 0x12, 0xFF, 0xFA, 0x8A, 0x12, 0xFF,
    0xF9, 0x8A, 0x12, 0xFD, 0xFF, 0x8D, 0x13, 0xFE, 0xF8, 0x8A, 0x12, 0xD2, 0xFF, 0x99, 0x19, 0x0A,
    0x00, 0x00, 0x00, 0x00, 0xFF, 0xAA, 0x00, 0x03, 0x00, 0x00, 0x00, 0x00, 0xF9, 0x8D, 0x16, 0x2D,
    0xF9, 0x89, 0x11, 0xF3, 0xFD, 0x8B, 0x12, 0xFF, 0xF9, 0x89, 0x12, 0xFE, 0xF8, 0x8A, 0x12, 0xFD,
    0xFF, 0x92, 0x13, 0xFF, 0xFA, 0x8B, 0x10, 0x6A, 0xFA, 0x88, 0x12, 0x38, 0xFC, 0x8E, 0x13, 0xFD,
    0xFA, 0x8B, 0x12, 0xFD, 0xF9, 0x89, 0x12, 0xFE, 0xFC, 0x8C, 0x12, 0xFE, 0xFA, 0x8A, 0x12, 0xF0,
    0xF9, 0x8A, 0x12, 0x97, 0xFA, 0x8B, 0x11, 0xF9, 0xFB, 0x8B, 0x12, 0xFF, 0xF9, 0x89, 0x12, 0xFE,
    0xFC, 0x8B, 0x12, 0xFF, 0xFA, 0x8B, 0x12, 0xFB, 0xF8, 0x85, 0x0C, 0x28, 0xFB, 0x88, 0x13, 0x83,
    0xFF, 0x93, 0x13, 0xFF, 0xF9, 0x89, 0x12, 0xFC, 0xFA, 0x8A, 0x12, 0xFE, 0xFA, 0x8A, 0x12, 0xFC,
    0xFF, 0x8F, 0x13, 0xFF, 0xF9, 0x89, 0x10, 0x5B, 0x00, 0x00, 0x00, 0x00, 0xFF, 0xAA, 0x00, 0x03,
    0xFF, 0xFF, 0x00, 0x01, 0xFF, 0x7F, 0x00, 0x02, 0xF9, 0x8A, 0x12, 0xB6, 0xFF, 0x91, 0x13, 0xFF,
    0xF9, 0x8A, 0x12, 0xFC, 0xFA, 0x8A, 0x12, 0xFF, 0xFB, 0x8A, 0x12, 0xFE, 0xFB, 0x8C, 0x11, 0xFB,
    0xFA, 0x8A, 0x11, 0x3B, 0x00, 0x00, 0x00, 0x00, 0xFF, 0xAA, 0x00, 0x03, 0x00, 0x00, 0x00, 0x00,
    0x00, 0x00, 0x00, 0x00, 0x00, 0x00, 0x00, 0x00, 0x00, 0x00, 0x00, 0x00, 0x00, 0x00, 0x00, 0x00,
    0xFF, 0xFF, 0x00, 0x01, 0x00, 0x00, 0x00, 0x00, 0xF9, 0x89, 0x13, 0xAC, 0xFF, 0x91, 0x13, 0xFF,
    0xF9, 0x89, 0x12, 0xFC, 0xFA, 0x8A, 0x12, 0xFF, 0xFB, 0x8A, 0x12, 0xFE, 0xFB, 0x8B, 0x12, 0xFB,
    0xFA, 0x89, 0x10, 0x3D, 0x00, 0x00, 0x00, 0x00, 0xFF, 0x7F, 0x00, 0x04, 0x00, 0x00, 0x00, 0x00,
    0xFA, 0x8A, 0x12, 0xAA, 0xFF, 0x91, 0x13, 0xFF, 0xF9, 0x8A, 0x12, 0xFC, 0xFA, 0x8A, 0x12, 0xFF,
    0xF9, 0x89, 0x12, 0xFD, 0xFF, 0x91, 0x13, 0xFF, 0xFA, 0x8A, 0x12, 0x6D, 0x00, 0x00, 0x00, 0x00,
    0xFF, 0xAA, 0x00, 0x03, 0x00, 0x00, 0x00, 0x00, 0x00, 0x00, 0x00, 0x00, 0x00, 0x00, 0x00, 0x00,
    0xFF, 0xAA, 0x00, 0x03, 0x00, 0x00, 0x00, 0x00, 0xFA, 0x8A, 0x11, 0x3B, 0xFC, 0x8C, 0x12, 0xF9,
    0xFB, 0x8A, 0x12, 0xFE, 0xFA, 0x8A, 0x12, 0xFF, 0xF9, 0x89, 0x12, 0xFC, 0xFF, 0x91, 0x13, 0xFF,
    0xFA, 0x8A, 0x11, 0xAF, 0x00, 0x00, 0x00, 0x00, 0xFF, 0xFF, 0x00, 0x01, 0x00, 0x00, 0x00, 0x00,
    0x00, 0x00, 0x00, 0x00, 0x00, 0x00, 0x00, 0x00, 0x00, 0x00, 0x00, 0x00, 0x00, 0x00, 0x00, 0x00,
    0xFF, 0x7F, 0x00, 0x02, 0x00, 0x00, 0x00, 0x00, 0xFB, 0x8A, 0x13, 0x81, 0xFF, 0x92, 0x13, 0xFF,
    0xF9, 0x89, 0x12, 0xFC, 0xF9, 0x8A, 0x12, 0xFE, 0xFB, 0x8A, 0x12, 0xFE, 0xFB, 0x8B, 0x12, 0xFC,
    0xFA, 0x89, 0x10, 0x3F, 0x00, 0x00, 0x00, 0x00, 0xFF, 0xAA, 0x00, 0x03, 0xFF, 0xFF, 0x00, 0x01,
    0xFF, 0x6D, 0x00, 0x07, 0xF9, 0x89, 0x12, 0xE0, 0xF7, 0x88, 0x12, 0xAA, 0x00, 0x00, 0x00, 0x00,
    0x33, 0x2F, 0x25, 0x36, 0x2C, 0x2C, 0x2C, 0xF8, 0x2B, 0x2B, 0x2B, 0xFD, 0x2B, 0x2B, 0x2B, 0xFE,
    0x2B, 0x2B, 0x2B, 0xFF, 0x2C, 0x2C, 0x2C, 0xFF, 0x2C, 0x2C, 0x2C, 0xFF, 0x2C, 0x2C, 0x2C, 0xFF,
    0x2C, 0x2C, 0x2C, 0xFF, 0x2C, 0x2C, 0x2C, 0xFF, 0x2C, 0x2C, 0x2C, 0xFF, 0x2C, 0x2C, 0x2C, 0xFF,
    0x2B, 0x2B, 0x2B, 0xFF, 0x2B, 0x2B, 0x2B, 0xFF, 0x2B, 0x2B, 0x2B, 0xFF, 0x2B, 0x2B, 0x2B, 0xFF,
    0x2B, 0x2B, 0x2B, 0xFD, 0x2D, 0x2D, 0x2D, 0xFF, 0x29, 0x29, 0x29, 0x6E, 0x00, 0x00, 0x00, 0x00,
    0x55, 0x55, 0x55, 0x03, 0x00, 0x00, 0x00, 0x00, 0x00, 0x00, 0x00, 0x02, 0x00, 0x00, 0x00, 0x00,
    0x2D, 0x2D, 0x2D, 0x1C, 0x2A, 0x2A, 0x2A, 0xE9, 0x2C, 0x2C, 0x2C, 0xFF, 0x2B, 0x2B, 0x2B, 0xFD,
    0x2B, 0x2B, 0x2B, 0xFF, 0x2B, 0x2B, 0x2B, 0xFF, 0x2B, 0x2B, 0x2B, 0xFD, 0x2C, 0x2C, 0x2C, 0xB3,
    0x2B, 0x2B, 0x2B, 0xA0, 0x2A, 0x2A, 0x2A, 0xA3, 0x2A, 0x2A, 0x2A, 0xA3, 0x2A, 0x2A, 0x2A, 0xA3,
    0x2A, 0x2A, 0x2A, 0xA3, 0x2A, 0x2A, 0x2A, 0xA3, 0x2A, 0x2A, 0x2A, 0xA3, 0x2A, 0x2A, 0x2A, 0xA3,
    0x2A, 0x2A, 0x2A, 0xAA, 0x2B, 0x2B, 0x2B, 0xE3, 0x2C, 0x2C, 0x2C, 0xFF, 0x2B, 0x2B, 0x2B, 0xFE,
    0x2B, 0x2B, 0x2B, 0xFF, 0x2B, 0x2B, 0x2B, 0xFF, 0x2B, 0x2B, 0x2B, 0xFC, 0x2D, 0x2D, 0x2D, 0xFE,
    0x2B, 0x2B, 0x2B, 0x86, 0x00, 0x00, 0x00, 0x00, 0x00, 0x00, 0x00, 0x03, 0x00, 0x00, 0x00, 0x03,
    0x00, 0x00, 0x00, 0x00, 0x2A, 0x2A, 0x2A, 0x71, 0x2D, 0x2D, 0x2D, 0xFF, 0x2B, 0x2B, 0x2B, 0xFD,
    0x2B, 0x2B, 0x2B, 0xFF, 0x2B, 0x2B, 0x2B, 0xFD, 0x2D, 0x2D, 0x2D, 0xFF, 0x2C, 0x2C, 0x2C, 0x6C,
    0x00, 0x00, 0x00, 0x00, 0x00, 0x00, 0x00, 0x00, 0x2C, 0x2C, 0x2C, 0x6E, 0x2D, 0x2D, 0x2D, 0xFF,
    0x2B, 0x2B, 0x2B, 0xFD, 0x2B, 0x2B, 0x2B, 0xFF, 0x2B, 0x2B, 0x2B, 0xFF, 0x2B, 0x2B, 0x2B, 0xFE,
    0x2B, 0x2B, 0x2B, 0xFF, 0x2B, 0x2B, 0x2B, 0xF2, 0x29, 0x29, 0x29, 0x2B, 0x00, 0x00, 0x00, 0x00,
    0x00, 0x00, 0x00, 0x02, 0x00, 0x00, 0x00, 0x00, 0x00, 0x00, 0x00, 0x00, 0x00, 0x00, 0x00, 0x00,
    0x00, 0x00, 0x00, 0x00, 0x00, 0x00, 0x00, 0x00, 0x00, 0x00, 0x00, 0x00, 0x00, 0x00, 0x00, 0x00,
    0x00, 0x00, 0x00, 0x00, 0x00, 0x00, 0x00, 0x00, 0x00, 0x00, 0x00, 0x00, 0x00, 0x00, 0x00, 0x00,
    0x00, 0x00, 0x00, 0x00, 0xFF, 0xFF, 0x00, 0x01, 0x00, 0x00, 0x00, 0x00, 0xFF, 0x8F, 0x0F, 0x10,
    0xF9, 0x88, 0x11, 0xDA, 0xFE, 0x8E, 0x13, 0xFF, 0xF9, 0x8A, 0x12, 0xFD, 0xF9, 0x8A, 0x12, 0xFD,
    0xFE, 0x8D, 0x12, 0xFF, 0xF9, 0x89, 0x12, 0xE0, 0xFF, 0x8B, 0x17, 0x16, 0xFF, 0x00, 0x00, 0x01,
    0x00, 0x00, 0x00, 0x00, 0xFA, 0x8A, 0x15, 0x3B, 0xFA, 0x8B, 0x11, 0xFA, 0xFB, 0x8A, 0x12, 0xFF,
    0xF9, 0x8A, 0x12, 0xFE, 0xFA, 0x8A, 0x12, 0xFF, 0xFA, 0x8A, 0x12, 0xFF, 0xF9, 0x8A, 0x12, 0xFD,
    0xFF, 0x90, 0x13, 0xFF, 0xFA, 0x8B, 0x12, 0x6C, 0x00, 0x00, 0x00, 0x00, 0xFF, 0xAA, 0x00, 0x03,
    0x00, 0x00, 0x00, 0x00, 0x00, 0x00, 0x00, 0x00, 0x00, 0x00, 0x00, 0x00, 0x00, 0x00, 0x00, 0x00,
    0x00, 0x00, 0x00, 0x00, 0x00, 0x00, 0x00, 0x00, 0xFF, 0xFF, 0x00, 0x01, 0xFF, 0x00, 0x00, 0x01,
    0xFF, 0x8C, 0x0C, 0x14, 0xF9, 0x88, 0x12, 0xC4, 0xFF, 0x93, 0x13, 0xFF, 0xFF, 0x92, 0x13, 0xFF,
    0xFF, 0x92, 0x13, 0xFF, 0xFF, 0x92, 0x13, 0xFF, 0xFF, 0x92, 0x13, 0xFF, 0xFF, 0x92, 0x13, 0xFF,
    0xFF, 0x92, 0x13, 0xFF, 0xFF, 0x92, 0x13, 0xFF, 0xFF, 0x92, 0x13, 0xFF, 0xFF, 0x8D, 0x12, 0xFF,
    0xFA, 0x8A, 0x12, 0xFF, 0xFA, 0x8A, 0x12, 0xFF, 0xFA, 0x8A, 0x12, 0xFF, 0xFA, 0x8A, 0x12, 0xFF,
    0xF9, 0x89, 0x12, 0xFC, 0xFF, 0x91, 0x13, 0xFF, 0xFA, 0x8A, 0x12, 0x9B, 0x00, 0x00, 0x00, 0x00,
    0xFF, 0x7F, 0x00, 0x02, 0xFF, 0xAA, 0x00, 0x03, 0x00, 0x00, 0x00, 0x00, 0xF8, 0x89, 0x13, 0x50,
    0xFF, 0x8D, 0x12, 0xFF, 0xF9, 0x89, 0x12, 0xFE, 0xF9, 0x89, 0x12, 0xFE, 0xFB, 0x8A, 0x12, 0xFF,
    0xFB, 0x8B, 0x12, 0xFB, 0xFB, 0x86, 0x0E, 0x46, 0xF9, 0x8A, 0x12, 0xC1, 0xFF, 0x91, 0x13, 0xFF,
    0xF9, 0x8A, 0x12, 0xFD, 0xF9, 0x89, 0x12, 0xFC, 0xFF, 0x93, 0x13, 0xFF, 0xFA, 0x88, 0x10, 0x79,
    0xFA, 0x8A, 0x11, 0x76, 0xFF, 0x93, 0x13, 0xFF, 0xF9, 0x89, 0x12, 0xFC, 0xF9, 0x8A, 0x12, 0xFD,
    0xFF, 0x8F, 0x13, 0xFF, 0xFA, 0x8A, 0x12, 0xD0, 0xFA, 0x8B, 0x10, 0x3E, 0xFB, 0x8B, 0x12, 0xF3,
    0xFC, 0x8C, 0x12, 0xFD, 0xF9, 0x8A, 0x12, 0xFE, 0xF9, 0x89, 0x12, 0xFC, 0xFF, 0x92, 0x13, 0xFF,
    0xF9, 0x8A, 0x11, 0xAD, 0xFF, 0x00, 0x00, 0x01, 0xFF, 0xFF, 0x00, 0x02, 0xFF, 0xAA, 0x00, 0x03,
    0x00, 0x00, 0x00, 0x00, 0xF9, 0x8A, 0x0F, 0x30, 0xFA, 0x8A, 0x12, 0xF8, 0xFC, 0x8B, 0x12, 0xFF,
    0xF9, 0x8A, 0x12, 0xFE, 0xF9, 0x8A, 0x12, 0xFC, 0xFF, 0x90, 0x13, 0xFF, 0xF8, 0x89, 0x10, 0xC4,
    0xFF, 0x66, 0x33, 0x05, 0xFF, 0x00, 0x00, 0x01, 0xFF, 0x00, 0x00, 0x01, 0x00, 0x00, 0x00, 0x00,
    0x00, 0x00, 0x00, 0x00, 0x00, 0x00, 0x00, 0x00, 0x00, 0x00, 0x00, 0x00, 0xFF, 0x7F, 0x00, 0x02,
    0xFF, 0x00, 0x00, 0x01, 0xF8, 0x85, 0x12, 0x2A, 0xFB, 0x8A, 0x11, 0xF3, 0xFC, 0x8B, 0x12, 0xFF,
    0xF9, 0x89, 0x12, 0xFE, 0xF9, 0x8A, 0x12, 0xFC, 0xFF, 0x90, 0x13, 0xFF, 0xF9, 0x89, 0x10, 0xC6,
    0xFF, 0x99, 0x33, 0x05, 0xFF, 0x7F, 0x00, 0x02, 0x00, 0x00, 0x00, 0x00, 0xF8, 0x89, 0x0D, 0x25,
    0xFA, 0x8A, 0x11, 0xF1, 0xFD, 0x8C, 0x12, 0xFF, 0xF9, 0x89, 0x12, 0xFE, 0xF9, 0x89, 0x12, 0xFE,
    0xFD, 0x8D, 0x12, 0xFF, 0xF9, 0x89, 0x12, 0xE9, 0xFF, 0x88, 0x12, 0x1C, 0x00, 0x00, 0x00, 0x00,
    0x7F, 0x7F, 0x00, 0x02, 0x00, 0x00, 0x00, 0x00, 0x00, 0x00, 0x00, 0x00, 0x00, 0x00, 0x00, 0x00,
    0xFF, 0x7F, 0x00, 0x02, 0x00, 0x00, 0x00, 0x00, 0xF9, 0x8A, 0x12, 0x95, 0xFF, 0x92, 0x13, 0xFF,
    0xF9, 0x89, 0x12, 0xFC, 0xFA, 0x8A, 0x12, 0xFF, 0xFA, 0x8A, 0x12, 0xFD, 0xFE, 0x8F, 0x13, 0xFF,
    0xF9, 0x90, 0x12, 0x55, 0x00, 0x00, 0x00, 0x00, 0xFF, 0xAA, 0x00, 0x03, 0x00, 0x00, 0x00, 0x00,
    0x00, 0x00, 0x00, 0x00, 0x00, 0x00, 0x00, 0x00, 0x00, 0x00, 0x00, 0x00, 0xFF, 0xFF, 0x00, 0x01,
    0x00, 0x00, 0x00, 0x00, 0xFF, 0x88, 0x11, 0x0F, 0xFA, 0x8A, 0x12, 0xDA, 0xFE, 0x8E, 0x13, 0xFF,
    0xF9, 0x8A, 0x12, 0xFD, 0xFA, 0x8A, 0x12, 0xFC, 0xFF, 0x90, 0x13, 0xFF, 0xF8, 0x89, 0x12, 0xC5,
    0xCC, 0x99, 0x00, 0x05, 0x00, 0x00, 0x00, 0x00, 0xFF, 0x7F, 0x00, 0x04, 0x00, 0x00, 0x00, 0x00,
    0xFA, 0x89, 0x11, 0x66, 0xF9, 0x89, 0x12, 0xF6, 0xE2, 0x84, 0x12, 0x1B, 0x55, 0x2A, 0x2A, 0x06,
    0x2C, 0x2B, 0x29, 0xC3, 0x2D, 0x2D, 0x2D, 0xFF, 0x2B, 0x2B, 0x2B, 0xFC, 0x2B, 0x2B, 0x2B, 0xFF,
    0x2B, 0x2B, 0x2B, 0xFF, 0x2B, 0x2B, 0x2B, 0xFE, 0x2B, 0x2B, 0x2B, 0xFD, 0x2B, 0x2B, 0x2B, 0xFD,
    0x2B, 0x2B, 0x2B, 0xFD, 0x2B, 0x2B, 0x2B, 0xFD, 0x2B, 0x2B, 0x2B, 0xFD, 0x2B, 0x2B, 0x2B, 0xFD,
    0x2B, 0x2B, 0x2B, 0xFE, 0x2B, 0x2B, 0x2B, 0xFF, 0x2B, 0x2B, 0x2B, 0xFF, 0x2B, 0x2B, 0x2B, 0xFF,
    0x2B, 0x2B, 0x2B, 0xFD, 0x2C, 0x2C, 0x2C, 0xFF, 0x2A, 0x2A, 0x2A, 0x60, 0x00, 0x00, 0x00, 0x00,
    0x00, 0x00, 0x00, 0x03, 0x00, 0x00, 0x00, 0x00, 0x00, 0x00, 0x00, 0x03, 0x00, 0x00, 0x00, 0x00,
    0x2A, 0x2A, 0x2A, 0x6B, 0x2D, 0x2D, 0x2D, 0xFF, 0x2B, 0x2B, 0x2B, 0xFD, 0x2B, 0x2B, 0x2B, 0xFF,
    0x2B, 0x2B, 0x2B, 0xFD, 0x2D, 0x2D, 0x2D, 0xFE, 0x2B, 0x2B, 0x2B, 0xC9, 0x00, 0x00, 0x00, 0x00,
    0x00, 0x00, 0x00, 0x00, 0x00, 0x00, 0x00, 0x00, 0x00, 0x00, 0x00, 0x00, 0x00, 0x00, 0x00, 0x00,
    0x00, 0x00, 0x00, 0x00, 0x00, 0x00, 0x00, 0x00, 0x00, 0x00, 0x00, 0x00, 0x00, 0x00, 0x00, 0x00,
    0x00, 0x00, 0x00, 0x00, 0x2A, 0x2A, 0x2A, 0x3C, 0x2B, 0x2B, 0x2B, 0xF9, 0x2B, 0x2B, 0x2B, 0xFF,
    0x2B, 0x2B, 0x2B, 0xFE, 0x2B, 0x2B, 0x2B, 0xFF, 0x2B, 0x2B, 0x2B, 0xFD, 0x2C, 0x2C, 0x2C, 0xFF,
    0x2B, 0x2B, 0x2B, 0x64, 0x00, 0x00, 0x00, 0x00, 0x3F, 0x3F, 0x3F, 0x04, 0x00, 0x00, 0x00, 0x00,
    0x24, 0x24, 0x24, 0x07, 0x2B, 0x2B, 0x2B, 0xC9, 0x2D, 0x2D, 0x2D, 0xFF, 0x2B, 0x2B, 0x2B, 0xFC,
    0x2B, 0x2B, 0x2B, 0xFE, 0x2C, 0x2C, 0x2C, 0xFF, 0x2B, 0x2B, 0x2B, 0xE7, 0x2B, 0x2B, 0x2B, 0x1D,
    0x00, 0x00, 0x00, 0x00, 0x00, 0x00, 0x00, 0x00, 0x2A, 0x2A, 0x2A, 0x2A, 0x2B, 0x2B, 0x2B, 0xF1,
    0x2B, 0x2B, 0x2B, 0xFF, 0x2B, 0x2B, 0x2B, 0xFE, 0x2B, 0x2B, 0x2B, 0xFF, 0x2B, 0x2B, 0x2B, 0xFF,
    0x2B, 0x2B, 0x2B, 0xFD, 0x2D, 0x2D, 0x2D, 0xFF, 0x29, 0x29, 0x29, 0x75, 0x00, 0x00, 0x00, 0x00,
    0x00, 0x00, 0x00, 0x03, 0x00, 0x00, 0x00, 0x00, 0x00, 0x00, 0x00, 0x00, 0x00, 0x00, 0x00, 0x00,
    0x00, 0x00, 0x00, 0x00, 0x00, 0x00, 0x00, 0x00, 0x00, 0x00, 0x00, 0x00, 0x00, 0x00, 0x00, 0x00,
    0x00, 0x00, 0x00, 0x00, 0x00, 0x00, 0x00, 0x00, 0x00, 0x00, 0x00, 0x00, 0x00, 0x00, 0x00, 0x00,
    0x00, 0x00, 0x00, 0x00, 0xFF, 0x55, 0x00, 0x03, 0x00, 0x00, 0x00, 0x00, 0xF9, 0x8A, 0x11, 0x5A,
    0xFE, 0x8E, 0x13, 0xFF, 0xF9, 0x89, 0x12, 0xFE, 0xFA, 0x8A, 0x12, 0xFF, 0xF9, 0x8A, 0x12, 0xFC,
    0xFF, 0x91, 0x13, 0xFF, 0xF9, 0x89, 0x11, 0x8F, 0x00, 0x00, 0x00, 0x00, 0xFF, 0xAA, 0x00, 0x03,
    0x00, 0x00, 0x00, 0x00, 0xFF, 0x8D, 0x1C, 0x09, 0xFA, 0x8A, 0x11, 0xCD, 0xFF, 0x8F, 0x13, 0xFF,
    0xF9, 0x8A, 0x12, 0xFD, 0xFA, 0x8A, 0x12, 0xFF, 0xFA, 0x8A, 0x12, 0xFF, 0xF9, 0x8A, 0x12, 0xFC,
    0xFF, 0x91, 0x13, 0xFF, 0xF9, 0x8A, 0x12, 0xB8, 0xAA, 0x55, 0x00, 0x03, 0xFF, 0x00, 0x00, 0x01,
    0x00, 0x00, 0x00, 0x00, 0x00, 0x00, 0x00, 0x00, 0x00, 0x00, 0x00, 0x00, 0x00, 0x00, 0x00, 0x00,
    0x00, 0x00, 0x00, 0x00, 0x00, 0x00, 0x00, 0x00, 0x00, 0x00, 0x00, 0x00, 0xFF, 0xFF, 0x00, 0x01,
    0x00, 0x00, 0x00, 0x00, 0xFF, 0x8B, 0x17, 0x0B, 0xFC, 0x8D, 0x10, 0x5C, 0xFA, 0x89, 0x11, 0x9C,
    0xFA, 0x8B, 0x11, 0xA3, 0xFA, 0x89, 0x11, 0xA3, 0xFA, 0x89, 0x11, 0xA3, 0xFA, 0x89, 0x11, 0xA3,
    0xFA, 0x89, 0x11, 0xA3, 0xFA, 0x8A, 0x11, 0xA2, 0xFA, 0x89, 0x12, 0xA7, 0xF9, 0x8A, 0x11, 0xE5,
    0xFD, 0x8C, 0x12, 0xFF, 0xF9, 0x8A, 0x12, 0xFE, 0xFA, 0x8A, 0x12, 0xFF, 0xFA, 0x8A, 0x12, 0xFE,
    0xFA, 0x8A, 0x12, 0xFE, 0xFB, 0x8D, 0x12, 0xFD, 0xFB, 0x8A, 0x12, 0x44, 0x00, 0x00, 0x00, 0x00,
    0xFF, 0xAA, 0x00, 0x03, 0xFF, 0xAA, 0x00, 0x03, 0x00, 0x00, 0x00, 0x00, 0xF8, 0x8A, 0x13, 0x78,
    0xFF, 0x90, 0x13, 0xFF, 0xF9, 0x8A, 0x12, 0xFC, 0xFA, 0x8A, 0x12, 0xFD, 0xFF, 0x8F, 0x13, 0xFF,
    0xFA, 0x89, 0x12, 0xD4, 0xF9, 0x89, 0x12, 0x8D, 0xFF, 0x8E, 0x13, 0xFF, 0xF9, 0x89, 0x12, 0xFE,
    0xF8, 0x8A, 0x12, 0xFD, 0xFF, 0x8F, 0x13, 0xFF, 0xFA, 0x89, 0x12, 0xD3, 0xE2, 0x8D, 0x1C, 0x09,
    0xF8, 0x88, 0x13, 0xA8, 0xFF, 0x92, 0x13, 0xFF, 0xF9, 0x89, 0x12, 0xFC, 0xF9, 0x8A, 0x12, 0xFD,
    0xFF, 0x91, 0x13, 0xFF, 0xFA, 0x8A, 0x12, 0xA9, 0xFA, 0x89, 0x11, 0xAE, 0xFF, 0x92, 0x13, 0xFF,
    0xF8, 0x8A, 0x12, 0xFD, 0xF9, 0x8A, 0x12, 0xFD, 0xFC, 0x8C, 0x12, 0xFE, 0xFA, 0x8D, 0x12, 0xE9,
    0xF7, 0x8B, 0x0F, 0x21, 0x00, 0x00, 0x00, 0x00, 0xFF, 0x7F, 0x00, 0x02, 0xFF, 0x7F, 0x00, 0x02,
    0x00, 0x00, 0x00, 0x00, 0xF9, 0x89, 0x12, 0x89, 0xFF, 0x91, 0x13, 0xFF, 0xF9, 0x89, 0x12, 0xFC,
    0xFA, 0x8A, 0x12, 0xFF, 0xF9, 0x8A, 0x12, 0xFD, 0xFF, 0x90, 0x12, 0xFF, 0xFA, 0x88, 0x13, 0x67,
    0x00, 0x00, 0x00, 0x00, 0xFF, 0xAA, 0x00, 0x03, 0x00, 0x00, 0x00, 0x00, 0x00, 0x00, 0x00, 0x00,
    0x00, 0x00, 0x00, 0x00, 0x00, 0x00, 0x00, 0x00, 0x00, 0x00, 0x00, 0x00, 0xFF, 0xAA, 0x00, 0x03,
    0x00, 0x00, 0x00, 0x00, 0xF8, 0x89, 0x14, 0x7E, 0xFF, 0x92, 0x13, 0xFF, 0xF9, 0x89, 0x12, 0xFC,
    0xFA, 0x8A, 0x12, 0xFF, 0xF9, 0x89, 0x12, 0xFD, 0xFF, 0x90, 0x13, 0xFF, 0xFC, 0x8B, 0x11, 0x68,
    0x00, 0x00, 0x00, 0x00, 0xFF, 0x7F, 0x00, 0x06, 0x00, 0x00, 0x00, 0x00, 0xF8, 0x88, 0x12, 0x7D,
    0xFF, 0x91, 0x13, 0xFF, 0xF9, 0x89, 0x12, 0xFC, 0xFA, 0x8A, 0x12, 0xFF, 0xF9, 0x89, 0x12, 0xFC,
    0xFF, 0x92, 0x13, 0xFF, 0xF8, 0x89, 0x11, 0x9C, 0x00, 0x00, 0x00, 0x00, 0xFF, 0x7F, 0x00, 0x02,
    0x00, 0x00, 0x00, 0x00, 0x00, 0x00, 0x00, 0x00, 0x00, 0x00, 0x00, 0x00, 0xFF, 0x7F, 0x00, 0x02,
    0x00, 0x00, 0x00, 0x00, 0xFF, 0x8A, 0x15, 0x18, 0xF9, 0x8A, 0x11, 0xE5, 0xFD, 0x8D, 0x12, 0xFF,
    0xF9, 0x8A, 0x12, 0xFD, 0xF9, 0x8A, 0x12, 0xFD, 0xFF, 0x8E, 0x13, 0xFF, 0xF9, 0x88, 0x11, 0xD8,
    0xEB, 0x89, 0x13, 0x0D, 0x00, 0x00, 0x00, 0x00, 0xFF, 0x00, 0x00, 0x01, 0x00, 0x00, 0x00, 0x00,
    0x00, 0x00, 0x00, 0x00, 0x00, 0x00, 0x00, 0x00, 0x00, 0x00, 0x00, 0x00, 0xFF, 0xAA, 0x00, 0x03,
    0x00, 0x00, 0x00, 0x00, 0xF9, 0x8A, 0x12, 0x55, 0xFE, 0x8E, 0x13, 0xFF, 0xF9, 0x89, 0x12, 0xFE,
    0xF9, 0x8A, 0x12, 0xFF, 0xF9, 0x89, 0x12, 0xFD, 0xFF, 0x90, 0x13, 0xFF, 0xFA, 0x88, 0x12, 0x6C,
    0x00, 0x00, 0x00, 0x00, 0xFF, 0x7F, 0x00, 0x04, 0xFF, 0x7F, 0x00, 0x02, 0xFF, 0x8D, 0x00, 0x09,
    0xF9, 0x89, 0x12, 0xE1, 0xF6, 0x86, 0x12, 0x79, 0x00, 0x00, 0x00, 0x00, 0x2F, 0x2D, 0x28, 0x71,
    0x2D, 0x2D, 0x2D, 0xFF, 0x2A, 0x2A, 0x2A, 0xFB, 0x2B, 0x2B, 0x2B, 0xFE, 0x2B, 0x2B, 0x2B, 0xFE,
    0x2B, 0x2B, 0x2B, 0xFE, 0x2B, 0x2B, 0x2B, 0xFE, 0x2B, 0x2B, 0x2B, 0xFE, 0x2B, 0x2B, 0x2B, 0xFE,
    0x2B, 0x2B, 0x2B, 0xFE, 0x2B, 0x2B, 0x2B, 0xFE, 0x2B, 0x2B, 0x2B, 0xFE, 0x2B, 0x2B, 0x2B, 0xFE,
    0x2B, 0x2B, 0x2B, 0xFF, 0x2B, 0x2B, 0x2B, 0xFF, 0x2B, 0x2B, 0x2B, 0xFF, 0x2B, 0x2B, 0x2B, 0xFF,
    0x2B, 0x2B, 0x2B, 0xFE, 0x2C, 0x2C, 0x2C, 0xFF, 0x2A, 0x2A, 0x2A, 0x4E, 0x00, 0x00, 0x00, 0x00,
    0x00, 0x00, 0x00, 0x03, 0x00, 0x00, 0x00, 0x01, 0x00, 0x00, 0x00, 0x01, 0x2A, 0x2A, 0x2A, 0x06,
    0x2B, 0x2B, 0x2B, 0xC7, 0x2D, 0x2D, 0x2D, 0xFF, 0x2B, 0x2B, 0x2B, 0xFC, 0x2B, 0x2B, 0x2B, 0xFF,
    0x2B, 0x2B, 0x2B, 0xFD, 0x2D, 0x2D, 0x2D, 0xFF, 0x2A, 0x2A, 0x2A, 0x71, 0x00, 0x00, 0x00, 0x01,
    0x2A, 0x2A, 0x2A, 0x06, 0x00, 0x00, 0x00, 0x03, 0x00, 0x00, 0x00, 0x03, 0x00, 0x00, 0x00, 0x03,
    0x00, 0x00, 0x00, 0x03, 0x00, 0x00, 0x00, 0x03, 0x00, 0x00, 0x00, 0x03, 0x33, 0x33, 0x33, 0x05,
    0x55, 0x55, 0x55, 0x03, 0x28, 0x28, 0x28, 0x3F, 0x2B, 0x2B, 0x2B, 0xFB, 0x2B, 0x2B, 0x2B, 0xFE,
    0x2B, 0x2B, 0x2B, 0xFE, 0x2B, 0x2B, 0x2B, 0xFE, 0x2C, 0x2C, 0x2C, 0xFF, 0x2A, 0x2A, 0x2A, 0xEE,
    0x2B, 0x2B, 0x2B, 0x23, 0x00, 0x00, 0x00, 0x00, 0x3F, 0x3F, 0x3F, 0x04, 0x00, 0x00, 0x00, 0x00,
    0x2C, 0x2C, 0x2C, 0x45, 0x2B, 0x2B, 0x2B, 0xFC, 0x2B, 0x2B, 0x2B, 0xFE, 0x2B, 0x2B, 0x2B, 0xFF,
    0x2B, 0x2B, 0x2B, 0xFC, 0x2D, 0x2D, 0x2D, 0xFF, 0x2B, 0x2B, 0x2B, 0x9A, 0x00, 0x00, 0x00, 0x00,
    0x7F, 0x7F, 0x7F, 0x02, 0x00, 0x00, 0x00, 0x01, 0x55, 0x55, 0x55, 0x03, 0x2B, 0x2B, 0x2B, 0xBA,
    0x2D, 0x2D, 0x2D, 0xFF, 0x2B, 0x2B, 0x2B, 0xFC, 0x2B, 0x2B, 0x2B, 0xFF, 0x2B, 0x2B, 0x2B, 0xFF,
    0x2B, 0x2B, 0x2B, 0xFC, 0x2D, 0x2D, 0x2D, 0xFF, 0x2B, 0x2B, 0x2B, 0xC1, 0x33, 0x33, 0x33, 0x05,
    0x00, 0x00, 0x00, 0x00, 0x00, 0x00, 0x00, 0x01, 0x00, 0x00, 0x00, 0x00, 0x00, 0x00, 0x00, 0x00,
    0x00, 0x00, 0x00, 0x00, 0x00, 0x00, 0x00, 0x00, 0x00, 0x00, 0x00, 0x00, 0x00, 0x00, 0x00, 0x00,
    0x00, 0x00, 0x00, 0x00, 0x00, 0x00, 0x00, 0x00, 0x00, 0x00, 0x00, 0x00, 0x00, 0x00, 0x00, 0x00,
    0x00, 0x00, 0x00, 0x00, 0xFF, 0x00, 0x00, 0x01, 0xFF, 0xFF, 0x00, 0x01, 0xF9, 0x8A, 0x12, 0xB3,
    0xFF, 0x91, 0x13, 0xFF, 0xF9, 0x89, 0x12, 0xFC, 0xF9, 0x8A, 0x12, 0xFE, 0xFB, 0x8B, 0x12, 0xFE,
    0xFA, 0x8B, 0x11, 0xF7, 0xFA, 0x8B, 0x12, 0x37, 0x00, 0x00, 0x00, 0x00, 0xFF, 0x55, 0x00, 0x03,
    0xFF, 0x7F, 0x00, 0x02, 0x00, 0x00, 0x00, 0x00, 0xFB, 0x8A, 0x12, 0x88, 0xFF, 0x92, 0x13, 0xFF,
    0xF9, 0x89, 0x12, 0xFC, 0xFA, 0x8A, 0x12, 0xFF, 0xFA, 0x8A, 0x12, 0xFF, 0xF9, 0x89, 0x12, 0xFE,
    0xFD, 0x8C, 0x12, 0xFF, 0xF9, 0x8A, 0x11, 0xF1, 0xF8, 0x82, 0x12, 0x29, 0x00, 0x00, 0x00, 0x00,
    0xFF, 0x7F, 0x00, 0x02, 0x00, 0x00, 0x00, 0x00, 0x00, 0x00, 0x00, 0x00, 0x00, 0x00, 0x00, 0x00,
    0x00, 0x00, 0x00, 0x00, 0xFF, 0xFF, 0x00, 0x01, 0xFF, 0xAA, 0x00, 0x03, 0xFF, 0xAA, 0x00, 0x03,
    0xFF, 0x7F, 0x00, 0x04, 0xFF, 0xFF, 0x00, 0x01, 0x00, 0x00, 0x00, 0x00, 0x00, 0x00, 0x00, 0x00,
    0x00, 0x00, 0x00, 0x00, 0x00, 0x00, 0x00, 0x00, 0x00, 0x00, 0x00, 0x00, 0x00, 0x00, 0x00, 0x00,
    0x00, 0x00, 0x00, 0x00, 0x00, 0x00, 0x00, 0x00, 0x00, 0x00, 0x00, 0x00, 0xFC, 0x8C, 0x13, 0x5B,
    0xFF, 0x8F, 0x13, 0xFF, 0xF9, 0x8A, 0x12, 0xFD, 0xFA, 0x8A, 0x12, 0xFF, 0xFA, 0x8A, 0x12, 0xFC,
    0xFF, 0x8F, 0x13, 0xFE, 0xF9, 0x89, 0x11, 0xC8, 0xFF, 0x91, 0x00, 0x07, 0x00, 0x00, 0x00, 0x00,
    0xFF, 0xFF, 0x00, 0x01, 0xFF, 0x7F, 0x00, 0x02, 0x00, 0x00, 0x00, 0x00, 0xF8, 0x8A, 0x12, 0xA4,
    0xFF, 0x92, 0x13, 0xFF, 0xF9, 0x89, 0x12, 0xFC, 0xF9, 0x8A, 0x12, 0xFE, 0xFD, 0x8C, 0x12, 0xFF,
    0xFA, 0x8A, 0x12, 0xE1, 0xFA, 0x8A, 0x12, 0xEB, 0xFD, 0x8C, 0x12, 0xFE, 0xF9, 0x8A, 0x12, 0xFD,
    0xFB, 0x8B, 0x12, 0xFD, 0xFB, 0x8D, 0x12, 0xFB, 0xF6, 0x85, 0x10, 0x3F, 0xFF, 0x7F, 0x00, 0x02,
    0xFA, 0x8A, 0x12, 0xD2, 0xFF, 0x8F, 0x13, 0xFF, 0xF9, 0x8A, 0x12, 0xFD, 0xFA, 0x8A, 0x12, 0xFF,
    0xFA, 0x8A, 0x12, 0xFE, 0xFA, 0x89, 0x10, 0xD7, 0xF9, 0x8A, 0x11, 0xF9, 0xFB, 0x8B, 0x12, 0xFE,
    0xF9, 0x8A, 0x12, 0xFE, 0xFA, 0x89, 0x12, 0xFC, 0xFF, 0x91, 0x13, 0xFF, 0xFA, 0x89, 0x11, 0x66,
    0x00, 0x00, 0x00, 0x00, 0xFF, 0xAA, 0x00, 0x03, 0xFF, 0xFF, 0x00, 0x01, 0x00, 0x00, 0x00, 0x00,
    0xF0, 0x87, 0x0F, 0x11, 0xFA, 0x89, 0x12, 0xDE, 0xFE, 0x8E, 0x13, 0xFF, 0xF9, 0x8A, 0x12, 0xFD,
    0xF9, 0x89, 0x12, 0xFE, 0xFE, 0x8D, 0x12, 0xFF, 0xF9, 0x89, 0x11, 0xE9, 0xF7, 0x87, 0x0F, 0x20,
    0xFF, 0x7F, 0x00, 0x04, 0xFF, 0x99, 0x00, 0x05, 0xFF, 0xAA, 0x00, 0x03, 0xFF, 0xAA, 0x00, 0x03,
    0xFF, 0xAA, 0x00, 0x03, 0xFF, 0xAA, 0x00, 0x03, 0xFF, 0x99, 0x00, 0x05, 0x00, 0x00, 0x00, 0x00,
    0xFF, 0x89, 0x13, 0x0D, 0xFA, 0x89, 0x11, 0xDC, 0xFD, 0x8E, 0x12, 0xFE, 0xF9, 0x8A, 0x12, 0xFD,
    0xF9, 0x89, 0x12, 0xFE, 0xFE, 0x8D, 0x12, 0xFF, 0xFA, 0x8A, 0x11, 0xE8, 0xF5, 0x89, 0x13, 0x1A,
    0x00, 0x00, 0x00, 0x00, 0xFF, 0xFF, 0x00, 0x01, 0xFF, 0x7F, 0x00, 0x0A, 0xF8, 0x89, 0x12, 0xD4,
    0xFE, 0x8F, 0x13, 0xFF, 0xF9, 0x8A, 0x12, 0xFD, 0xF9, 0x8A, 0x12, 0xFE, 0xFB, 0x8A, 0x12, 0xFE,
    0xFB, 0x8C, 0x12, 0xFB, 0xFB, 0x87, 0x13, 0x40, 0x00, 0x00, 0x00, 0x00, 0xFF, 0x55, 0x00, 0x03,
    0x00, 0x00, 0x00, 0x00, 0x00, 0x00, 0x00, 0x00, 0x00, 0x00, 0x00, 0x00, 0xFF, 0xAA, 0x00, 0x03,
    0x00, 0x00, 0x00, 0x00, 0xF7, 0x88, 0x11, 0x67, 0xFF, 0x91, 0x13, 0xFF, 0xF9, 0x8A, 0x12, 0xFD,
    0xFA, 0x8A, 0x12, 0xFF, 0xF9, 0x89, 0x12, 0xFC, 0xFF, 0x91, 0x13, 0xFF, 0xF7, 0x8C, 0x11, 0x86,
    0xFF, 0x7F, 0x00, 0x02, 0xFF, 0xAA, 0x00, 0x06, 0xFF, 0xAA, 0x00, 0x03, 0xFF, 0xAA, 0x00, 0x03,
    0xFF, 0xAA, 0x00, 0x03, 0xFF, 0xAA, 0x00, 0x03, 0xFF, 0x7F, 0x00, 0x04, 0xFF, 0x99, 0x00, 0x05,
    0xFF, 0x7F, 0x00, 0x02, 0xF7, 0x89, 0x12, 0xB4, 0xFF, 0x91, 0x13, 0xFF, 0xF9, 0x89, 0x12, 0xFC,
    0xF9, 0x89, 0x12, 0xFE, 0xFE, 0x8D, 0x12, 0xFF, 0xFA, 0x89, 0x12, 0xE7, 0xF4, 0x84, 0x14, 0x19,
    0x00, 0x00, 0x00, 0x00, 0xFF, 0xBF, 0x00, 0x04, 0x00, 0x00, 0x00, 0x00, 0xFA, 0x89, 0x11, 0x75,
    0xF8, 0x89, 0x12, 0xD4, 0xFF, 0x7F, 0x00, 0x04, 0x3A, 0x33, 0x2B, 0x23, 0x2C, 0x2B, 0x2B, 0xEF,
    0x2C, 0x2C, 0x2C, 0xFD, 0x2C, 0x2C, 0x2C, 0xFF, 0x2C, 0x2C, 0x2C, 0xFF, 0x2C, 0x2C, 0x2C, 0xFF,
    0x2C, 0x2C, 0x2C, 0xFF, 0x2C, 0x2C, 0x2C, 0xFF, 0x2C, 0x2C, 0x2C, 0xFF, 0x2C, 0x2C, 0x2C, 0xFF,
    0x2C, 0x2C, 0x2C, 0xFF, 0x2C, 0x2C, 0x2C, 0xFF, 0x2C, 0x2C, 0x2C, 0xFF, 0x2C, 0x2C, 0x2C, 0xFF,
    0x2B, 0x2B, 0x2B, 0xFF, 0x2B, 0x2B, 0x2B, 0xFF, 0x2B, 0x2B, 0x2B, 0xFF, 0x2B, 0x2B, 0x2B, 0xFE,
    0x2B, 0x2B, 0x2B, 0xFF, 0x2B, 0x2B, 0x2B, 0xFE, 0x2B, 0x2B, 0x2B, 0x40, 0x00, 0x00, 0x00, 0x00,
    0x00, 0x00, 0x00, 0x03, 0x00, 0x00, 0x00, 0x03, 0x00, 0x00, 0x00, 0x00, 0x2B, 0x2B, 0x2B, 0x40,
    0x2B, 0x2B, 0x2B, 0xFC, 0x2B, 0x2B, 0x2B, 0xFE, 0x2B, 0x2B, 0x2B, 0xFE, 0x2B, 0x2B, 0x2B, 0xFE,
    0x2C, 0x2C, 0x2C, 0xFF, 0x2A, 0x2A, 0x2A, 0xEA, 0x2A, 0x2A, 0x2A, 0x1E, 0x00, 0x00, 0x00, 0x00,
    0x00, 0x00, 0x00, 0x02, 0x00, 0x00, 0x00, 0x00, 0x00, 0x00, 0x00, 0x00, 0x00, 0x00, 0x00, 0x00,
    0x00, 0x00, 0x00, 0x00, 0x00, 0x00, 0x00, 0x00, 0x00, 0x00, 0x00, 0x00, 0x55, 0x55, 0x55, 0x03,
    0x00, 0x00, 0x00, 0x00, 0x29, 0x29, 0x29, 0x86, 0x2D, 0x2D, 0x2D, 0xFF, 0x2B, 0x2B, 0x2B, 0xFC,
    0x2B, 0x2B, 0x2B, 0xFF, 0x2B, 0x2B, 0x2B, 0xFC, 0x2D, 0x2D, 0x2D, 0xFF, 0x2B, 0x2B, 0x2B, 0xA4,
    0x00, 0x00, 0x00, 0x00, 0x00, 0x00, 0x00, 0x02, 0x00, 0x00, 0x00, 0x02, 0x00, 0x00, 0x00, 0x00,
    0x2B, 0x2B, 0x2B, 0x9F, 0x2D, 0x2D, 0x2D, 0xFF, 0x2B, 0x2B, 0x2B, 0xFC, 0x2B, 0x2B, 0x2B, 0xFE,
    0x2B, 0x2B, 0x2B, 0xFE, 0x2B, 0x2B, 0x2B, 0xFA, 0x2B, 0x2B, 0x2B, 0x40, 0x00, 0x00, 0x00, 0x00,
    0x00, 0x00, 0x00, 0x03, 0x00, 0x00, 0x00, 0x03, 0x00, 0x00, 0x00, 0x00, 0x2A, 0x2A, 0x2A, 0x73,
    0x2D, 0x2D, 0x2D, 0xFF, 0x2B, 0x2B, 0x2B, 0xFD, 0x2B, 0x2B, 0x2B, 0xFF, 0x2B, 0x2B, 0x2B, 0xFF,
    0x2B, 0x2B, 0x2B, 0xFE, 0x2B, 0x2B, 0x2B, 0xFF, 0x2A, 0x2A, 0x2A, 0xF5, 0x29, 0x29, 0x29, 0x31,
    0x00, 0x00, 0x00, 0x00, 0x00, 0x00, 0x00, 0x02, 0x00, 0x00, 0x00, 0x00, 0x00, 0x00, 0x00, 0x00,
    0x00, 0x00, 0x00, 0x00, 0x00, 0x00, 0x00, 0x00, 0x00, 0x00, 0x00, 0x00, 0x00, 0x00, 0x00, 0x00,
    0x00, 0x00, 0x00, 0x00, 0x00, 0x00, 0x00, 0x00, 0x00, 0x00, 0x00, 0x00, 0x00, 0x00, 0x00, 0x00,
    0xFF, 0x55, 0x00, 0x03, 0x00, 0x00, 0x00, 0x00, 0xF9, 0x89, 0x14, 0x32, 0xFA, 0x8A, 0x12, 0xF5,
    0xFC, 0x8B, 0x12, 0xFF, 0xF9, 0x8A, 0x12, 0xFE, 0xF9, 0x8A, 0x12, 0xFC, 0xFF, 0x90, 0x13, 0xFF,
    0xFA, 0x89, 0x11, 0xBB, 0xFF, 0x7F, 0x00, 0x02, 0xFF, 0x00, 0x00, 0x01, 0xFF, 0x00, 0x00, 0x01,
    0xFF, 0x55, 0x00, 0x03, 0x00, 0x00, 0x00, 0x00, 0xFB, 0x87, 0x13, 0x40, 0xFA, 0x8A, 0x12, 0xFC,
    0xFB, 0x8B, 0x12, 0xFF, 0xFA, 0x8A, 0x12, 0xFF, 0xFA, 0x8A, 0x12, 0xFF, 0xFA, 0x8A, 0x12, 0xFF,
    0xF8, 0x8A, 0x12, 0xFD, 0xFF, 0x91, 0x13, 0xFF, 0xFA, 0x8A, 0x11, 0x72, 0x00, 0x00, 0x00, 0x00,
    0xFF, 0xAA, 0x00, 0x03, 0x00, 0x00, 0x00, 0x00, 0x00, 0x00, 0x00, 0x00, 0x00, 0x00, 0x00, 0x00,
    0x00, 0x00, 0x00, 0x00, 0x00, 0x00, 0x00, 0x00, 0x00, 0x00, 0x00, 0x00, 0x00, 0x00, 0x00, 0x00,
    0x00, 0x00, 0x00, 0x00, 0x00, 0x00, 0x00, 0x00, 0x00, 0x00, 0x00, 0x00, 0x00, 0x00, 0x00, 0x00,
    0x00, 0x00, 0x00, 0x00, 0x00, 0x00, 0x00, 0x00, 0x00, 0x00, 0x00, 0x00, 0x00, 0x00, 0x00, 0x00,
    0x00, 0x00, 0x00, 0x00, 0x00, 0x00, 0x00, 0x00, 0xFF, 0x00, 0x00, 0x01, 0xFA, 0x8B, 0x12, 0xA3,
    0xFE, 0x90, 0x13, 0xFF, 0xF9, 0x8A, 0x12, 0xFC, 0xFA, 0x8A, 0x12, 0xFF, 0xF8, 0x89, 0x12, 0xFD,
    0xFF, 0x91, 0x13, 0xFF, 0xF8, 0x89, 0x12, 0x71, 0x00, 0x00, 0x00, 0x00, 0xFF, 0xAA, 0x00, 0x03,
    0xFF, 0x00, 0x00, 0x01, 0x00, 0x00, 0x00, 0x00, 0xFF, 0x7F, 0x00, 0x06, 0xFB, 0x8B, 0x12, 0xC6,
    0xFF, 0x8F, 0x13, 0xFF, 0xF9, 0x8A, 0x12, 0xFD, 0xFA, 0x8A, 0x12, 0xFF, 0xFA, 0x8A, 0x12, 0xFF,
    0xFC, 0x8B, 0x12, 0xFF, 0xFC, 0x8B, 0x12, 0xFF, 0xF9, 0x8A, 0x12, 0xFF, 0xF9, 0x89, 0x12, 0xFC,
    0xFF, 0x92, 0x13, 0xFF, 0xF9, 0x88, 0x11, 0x90, 0x00, 0x00, 0x00, 0x00, 0xFF, 0x87, 0x0F, 0x20,
    0xF8, 0x88, 0x12, 0xEB, 0xFF, 0x8C, 0x12, 0xFF, 0xF9, 0x89, 0x12, 0xFE, 0xFA, 0x8A, 0x12, 0xFF,
    0xF9, 0x8A, 0x12, 0xFF, 0xFD, 0x8C, 0x12, 0xFF, 0xFA, 0x8A, 0x12, 0xFF, 0xFA, 0x8A, 0x12, 0xFF,
    0xF8, 0x89, 0x12, 0xFD, 0xFF, 0x91, 0x13, 0xFF, 0xF9, 0x89, 0x12, 0xB8, 0xFF, 0xAA, 0x00, 0x03,
    0xFF, 0x7F, 0x00, 0x02, 0xFF, 0x00, 0x00, 0x01, 0xFF, 0xAA, 0x00, 0x03, 0x00, 0x00, 0x00, 0x00,
    0xFC, 0x8C, 0x11, 0x59, 0xFE, 0x8E, 0x13, 0xFF, 0xFA, 0x8A, 0x12, 0xFD, 0xFA, 0x8A, 0x12, 0xFF,
    0xF9, 0x8A, 0x12, 0xFD, 0xFF, 0x8F, 0x13, 0xFF, 0xFA, 0x8C, 0x12, 0xCC, 0x00, 0x00, 0x00, 0x00,
    0x00, 0x00, 0x00, 0x00, 0x00, 0x00, 0x00, 0x00, 0x00, 0x00, 0x00, 0x00, 0x00, 0x00, 0x00, 0x00,
    0x00, 0x00, 0x00, 0x00, 0x00, 0x00, 0x00, 0x00, 0x00, 0x00, 0x00, 0x00, 0x00, 0x00, 0x00, 0x00,
    0xF9, 0x89, 0x11, 0x91, 0xFF, 0x90, 0x13, 0xFF, 0xF9, 0x8A, 0x12, 0xFD, 0xFA, 0x8A, 0x12, 0xFF,
    0xF9, 0x89, 0x12, 0xFC, 0xFF, 0x92, 0x13, 0xFF, 0xF9, 0x8B, 0x12, 0x96, 0x00, 0x00, 0x00, 0x00,
    0xFF, 0x66, 0x00, 0x05, 0x00, 0x00, 0x00, 0x00, 0xFB, 0x8C, 0x13, 0x50, 0xFC, 0x8D, 0x12, 0xFF,
    0xF9, 0x89, 0x12, 0xFE, 0xFA, 0x8A, 0x12, 0xFF, 0xF9, 0x89, 0x12, 0xFC, 0xFF, 0x90, 0x12, 0xFF,
    0xF8, 0x88, 0x12, 0xC6, 0xFF, 0xBF, 0x3F, 0x04, 0xFF, 0x00, 0x00, 0x01, 0x00, 0x00, 0x00, 0x00,
    0x00, 0x00, 0x00, 0x00, 0x00, 0x00, 0x00, 0x00, 0xFF, 0x00, 0x00, 0x01, 0xFF, 0xFF, 0x00, 0x01,
    0xFF, 0x7F, 0x00, 0x04, 0xF9, 0x89, 0x12, 0xC1, 0xFF, 0x90, 0x13, 0xFE, 0xF9, 0x89, 0x12, 0xFC,
    0xFA, 0x8A, 0x12, 0xFF, 0xFA, 0x8A, 0x12, 0xFD, 0xFF, 0x8F, 0x12, 0xFF, 0xFB, 0x8C, 0x0F, 0x50,
    0x00, 0x00, 0x00, 0x00, 0x00, 0x00, 0x00, 0x00, 0x00, 0x00, 0x00, 0x00, 0x00, 0x00, 0x00, 0x00,
    0x00, 0x00, 0x00, 0x00, 0x00, 0x00, 0x00, 0x00, 0x00, 0x00, 0x00, 0x00, 0x00, 0x00, 0x00, 0x00,
    0xF8, 0x90, 0x14, 0x25, 0xFA, 0x8B, 0x12, 0xF5, 0xFC, 0x8B, 0x12, 0xFE, 0xF9, 0x8A, 0x12, 0xFE,
    0xF9, 0x89, 0x12, 0xFC, 0xFF, 0x91, 0x13, 0xFF, 0xFA, 0x8A, 0x12, 0x9B, 0x00, 0x00, 0x00, 0x00,
    0xFF, 0xAA, 0x00, 0x03, 0xFF, 0xFF, 0x00, 0x01, 0xEF, 0x8F, 0x0F, 0x10, 0xF9, 0x89, 0x12, 0xE2,
    0xFB, 0x88, 0x12, 0x45, 0x00, 0x00, 0x00, 0x00, 0x2E, 0x2C, 0x2A, 0xB0, 0x2C, 0x2C, 0x2C, 0xFF,
    0x2C, 0x2C, 0x2C, 0xFF, 0x2A, 0x2A, 0x2A, 0xCA, 0x29, 0x29, 0x29, 0x43, 0x2B, 0x2B, 0x2B, 0x40,
    0x2B, 0x2B, 0x2B, 0x40, 0x2C, 0x2C, 0x2C, 0x3F, 0x2C, 0x2C, 0x2C, 0x3F, 0x2C, 0x2C, 0x2C, 0x3F,
    0x2C, 0x2C, 0x2C, 0x3F, 0x2B, 0x2B, 0x2B, 0x41, 0x29, 0x29, 0x29, 0x3D, 0x2B, 0x2B, 0x2B, 0x6F,
    0x2B, 0x2B, 0x2B, 0xFE, 0x2B, 0x2B, 0x2B, 0xFF, 0x2B, 0x2B, 0x2B, 0xFF, 0x2B, 0x2B, 0x2B, 0xFE,
    0x2B, 0x2B, 0x2B, 0xFF, 0x2B, 0x2B, 0x2B, 0xF8, 0x2C, 0x2C, 0x2C, 0x34, 0x00, 0x00, 0x00, 0x00,
    0x00, 0x00, 0x00, 0x03, 0x00, 0x00, 0x00, 0x02, 0x00, 0x00, 0x00, 0x00, 0x2C, 0x2C, 0x2C, 0x9C,
    0x2D, 0x2D, 0x2D, 0xFF, 0x2A, 0x2A, 0x2A, 0xFC, 0x2B, 0x2B, 0x2B, 0xFF, 0x2B, 0x2B, 0x2B, 0xFC,
    0x2D, 0x2D, 0x2D, 0xFF, 0x2B, 0x2B, 0x2B, 0x9F, 0x00, 0x00, 0x00, 0x00, 0x00, 0x00, 0x00, 0x02,
    0x00, 0x00, 0x00, 0x00, 0x00, 0x00, 0x00, 0x00, 0x00, 0x00, 0x00, 0x00, 0x00, 0x00, 0x00, 0x00,
    0x00, 0x00, 0x00, 0x00, 0x00, 0x00, 0x00, 0x00, 0x00, 0x00, 0x00, 0x01, 0x00, 0x00, 0x00, 0x00,
    0x2E, 0x2E, 0x2E, 0x0B, 0x2B, 0x2B, 0x2B, 0xD4, 0x2C, 0x2C, 0x2C, 0xFF, 0x2B, 0x2B, 0x2B, 0xFD,
    0x2B, 0x2B, 0x2B, 0xFF, 0x2B, 0x2B, 0x2B, 0xFE, 0x2C, 0x2C, 0x2C, 0xFD, 0x2B, 0x2B, 0x2B, 0x4C,
    0x00, 0x00, 0x00, 0x00, 0x33, 0x33, 0x33, 0x05, 0x00, 0x00, 0x00, 0x00, 0x2E, 0x2E, 0x2E, 0x21,
    0x2B, 0x2B, 0x2B, 0xEB, 0x2C, 0x2C, 0x2C, 0xFF, 0x2B, 0x2B, 0x2B, 0xFE, 0x2B, 0x2B, 0x2B, 0xFC,
    0x2D, 0x2D, 0x2D, 0xFF, 0x2A, 0x2A, 0x2A, 0xC5, 0x33, 0x33, 0x33, 0x05, 0x00, 0x00, 0x00, 0x00,
    0x00, 0x00, 0x00, 0x00, 0x00, 0x00, 0x00, 0x02, 0x00, 0x00, 0x00, 0x00, 0x25, 0x25, 0x25, 0x2F,
    0x2A, 0x2A, 0x2A, 0xF4, 0x2C, 0x2C, 0x2C, 0xFF, 0x2B, 0x2B, 0x2B, 0xFE, 0x2B, 0x2B, 0x2B, 0xFF,
    0x2B, 0x2B, 0x2B, 0xFF, 0x2B, 0x2B, 0x2B, 0xFC, 0x2D, 0x2D, 0x2D, 0xFF, 0x2A, 0x2A, 0x2A, 0x7D,
    0x00, 0x00, 0x00, 0x00, 0x00, 0x00, 0x00, 0x03, 0x00, 0x00, 0x00, 0x00, 0x00, 0x00, 0x00, 0x00,
    0x00, 0x00, 0x00, 0x00, 0x00, 0x00, 0x00, 0x00, 0x00, 0x00, 0x00, 0x00, 0x00, 0x00, 0x00, 0x00,
    0x00, 0x00, 0x00, 0x00, 0x00, 0x00, 0x00, 0x00, 0x00, 0x00, 0x00, 0x00, 0x00, 0x00, 0x00, 0x00,
    0xFF, 0x7F, 0x00, 0x02, 0x00, 0x00, 0x00, 0x00, 0xF9, 0x89, 0x12, 0x87, 0xFF, 0x91, 0x13, 0xFF,
    0xF9, 0x89, 0x12, 0xFC, 0xFA, 0x8A, 0x12, 0xFF, 0xF9, 0x8A, 0x12, 0xFD, 0xFE, 0x8F, 0x12, 0xFF,
    0xF9, 0x89, 0x12, 0x62, 0x00, 0x00, 0x00, 0x00, 0xFF, 0x55, 0x00, 0x03, 0x00, 0x00, 0x00, 0x00,
    0xFF, 0xFF, 0x00, 0x01, 0x00, 0x00, 0x00, 0x00, 0xFF, 0x8B, 0x17, 0x0B, 0xFA, 0x89, 0x12, 0xD1,
    0xFF, 0x8F, 0x13, 0xFF, 0xF9, 0x8A, 0x12, 0xFD, 0xFA, 0x8A, 0x12, 0xFF, 0xFA, 0x8A, 0x12, 0xFF,
    0xF9, 0x8A, 0x12, 0xFD, 0xFF, 0x90, 0x13, 0xFF, 0xFA, 0x8A, 0x11, 0xBF, 0xBF, 0x7F, 0x00, 0x04,
    0x00, 0x00, 0x00, 0x00, 0xFF, 0x00, 0x00, 0x01, 0x00, 0x00, 0x00, 0x00, 0xFF, 0x00, 0x00, 0x01,
    0xFF, 0x00, 0x00, 0x01, 0xF5, 0x8D, 0x12, 0x1B, 0xFC, 0x8A, 0x13, 0x76, 0xFA, 0x8A, 0x13, 0x78,
    0xFA, 0x8B, 0x13, 0x77, 0xFA, 0x8B, 0x13, 0x77, 0xFA, 0x8B, 0x13, 0x77, 0xF8, 0x8A, 0x13, 0x78,
    0xF8, 0x8A, 0x13, 0x78, 0xF8, 0x8A, 0x13, 0x78, 0xFA, 0x89, 0x13, 0x77, 0xF8, 0x89, 0x12, 0x7A,
    0xF9, 0x88, 0x12, 0x8C, 0xF9, 0x8D, 0x11, 0x8E, 0xF9, 0x89, 0x11, 0xBB, 0xFF, 0x8D, 0x12, 0xFF,
    0xFA, 0x8A, 0x12, 0xFF, 0xFA, 0x8A, 0x12, 0xFF, 0xFA, 0x8A, 0x12, 0xFD, 0xFC, 0x8C, 0x12, 0xFE,
    0xF9, 0x8A, 0x11, 0xEA, 0xFF, 0x88, 0x11, 0x1E, 0x00, 0x00, 0x00, 0x00, 0xFF, 0x7F, 0x00, 0x02,
    0xFF, 0x7F, 0x00, 0x02, 0x00, 0x00, 0x00, 0x00, 0xFF, 0x88, 0x11, 0x1E, 0xFA, 0x89, 0x12, 0xE9,
    0xFE, 0x8C, 0x12, 0xFF, 0xF9, 0x89, 0x12, 0xFE, 0xFA, 0x8A, 0x12, 0xFF, 0xFA, 0x8A, 0x12, 0xFF,
    0xFA, 0x8A, 0x12, 0xFF, 0xF9, 0x8A, 0x12, 0xFE, 0xF9, 0x8A, 0x12, 0xFD, 0xFF, 0x8F, 0x13, 0xFF,
    0xF9, 0x89, 0x13, 0xD5, 0xF0, 0x87, 0x0F, 0x11, 0xFF, 0xFF, 0x00, 0x01, 0xF7, 0x89, 0x0F, 0x41,
    0xFA, 0x8B, 0x12, 0xFB, 0xFB, 0x8A, 0x12, 0xFF, 0xF9, 0x8A, 0x12, 0xFE, 0xFA, 0x8A, 0x12, 0xFF,
    0xFA, 0x8A, 0x12, 0xFF, 0xF9, 0x8A, 0x12, 0xFE, 0xFA, 0x8A, 0x12, 0xFF, 0xF9, 0x89, 0x12, 0xFE,
    0xFC, 0x8D, 0x12, 0xFD, 0xFB, 0x8B, 0x12, 0xEF, 0xF8, 0x88, 0x12, 0x29, 0x00, 0x00, 0x00, 0x00,
    0xFF, 0x7F, 0x00, 0x02, 0x00, 0x00, 0x00, 0x00, 0xFF, 0x7F, 0x00, 0x02, 0x00, 0x00, 0x00, 0x00,
    0xFA, 0x8A, 0x12, 0xA4, 0xFF, 0x91, 0x13, 0xFF, 0xF9, 0x89, 0x12, 0xFC, 0xFA, 0x8A, 0x12, 0xFF,
    0xFA, 0x8A, 0x12, 0xFF, 0xFB, 0x8A, 0x12, 0xFF, 0xFA, 0x8A, 0x12, 0xF9, 0xF8, 0x8A, 0x12, 0xA8,
    0xF9, 0x89, 0x12, 0x89, 0xFA, 0x88, 0x12, 0x79, 0xFA, 0x8B, 0x13, 0x77, 0xFA, 0x8B, 0x13, 0x77,
    0xFA, 0x8B, 0x13, 0x77, 0xF8, 0x88, 0x12, 0x79, 0xF9, 0x89, 0x10, 0x89, 0xF9, 0x89, 0x11, 0xBB,
    0xFF, 0x8E, 0x13, 0xFF, 0xFA, 0x8A, 0x12, 0xFE, 0xFA, 0x8A, 0x12, 0xFF, 0xF9, 0x8A, 0x12, 0xFE,
    0xFB, 0x8B, 0x12, 0xFD, 0xFB, 0x8B, 0x12, 0xFB, 0xFA, 0x88, 0x12, 0x36, 0x00, 0x00, 0x00, 0x00,
    0xFF, 0x7F, 0x00, 0x04, 0x00, 0x00, 0x00, 0x00, 0xF9, 0x89, 0x11, 0xAC, 0xFF, 0x91, 0x13, 0xFF,
    0xF9, 0x89, 0x12, 0xFC, 0xFA, 0x8A, 0x12, 0xFF, 0xF9, 0x89, 0x12, 0xFD, 0xFF, 0x90, 0x13, 0xFF,
    0xFA, 0x8B, 0x12, 0x6C, 0x00, 0x00, 0x00, 0x00, 0xFF, 0xAA, 0x00, 0x03, 0x00, 0x00, 0x00, 0x00,
    0x00, 0x00, 0x00, 0x00, 0x00, 0x00, 0x00, 0x00, 0xFF, 0x7F, 0x00, 0x02, 0x00, 0x00, 0x00, 0x00,
    0xFA, 0x87, 0x14, 0x33, 0xFA, 0x8A, 0x12, 0xF8, 0xFC, 0x8B, 0x12, 0xFF, 0xF9, 0x8A, 0x12, 0xFE,
    0xFA, 0x8A, 0x12, 0xFF, 0xF9, 0x89, 0x12, 0xFE, 0xFD, 0x8D, 0x12, 0xFF, 0xFA, 0x89, 0x12, 0xD3,
    0xF9, 0x8A, 0x11, 0x90, 0xFB, 0x8A, 0x11, 0x8E, 0xF9, 0x89, 0x11, 0x80, 0xFA, 0x8A, 0x13, 0x76,
    0xFA, 0x8A, 0x13, 0x78, 0xFA, 0x8B, 0x13, 0x77, 0xFA, 0x8B, 0x12, 0x79, 0xF8, 0x8A, 0x11, 0x74,
    0xF9, 0x89, 0x11, 0xB4, 0xFF, 0x8E, 0x13, 0xFF, 0xF8, 0x89, 0x12, 0xFE, 0xF9, 0x8A, 0x12, 0xFE,
    0xFA, 0x8A, 0x12, 0xFE, 0xFA, 0x8A, 0x12, 0xFC, 0xF6, 0x85, 0x10, 0x3D, 0x00, 0x00, 0x00, 0x00,
    0xFF, 0x99, 0x00, 0x05, 0x00, 0x00, 0x00, 0x00, 0xF9, 0x8A, 0x12, 0x8C, 0xF7, 0x89, 0x13, 0xA9,
    0x00, 0x00, 0x00, 0x00, 0x31, 0x2E, 0x29, 0x57, 0x2D, 0x2D, 0x2C, 0xFF, 0x2B, 0x2B, 0x2B, 0xFD,
    0x2B, 0x2B, 0x2B, 0xF2, 0x2C, 0x2C, 0x2C, 0x2E, 0x00, 0x00, 0x00, 0x00, 0x00, 0x00, 0x00, 0x00,
    0x00, 0x00, 0x00, 0x00, 0x00, 0x00, 0x00, 0x00, 0x00, 0x00, 0x00, 0x00, 0x00, 0x00, 0x00, 0x00,
    0x00, 0x00, 0x00, 0x00, 0x00, 0x00, 0x00, 0x00, 0x00, 0x00, 0x00, 0x00, 0x29, 0x29, 0x29, 0x49,
    0x2C, 0x2C, 0x2C, 0xFF, 0x2B, 0x2B, 0x2B, 0xFE, 0x2B, 0x2B, 0x2B, 0xFF, 0x2B, 0x2B, 0x2B, 0xFE,
    0x2C, 0x2C, 0x2C, 0xFF, 0x2B, 0x2B, 0x2B, 0xF0, 0x2C, 0x2C, 0x2C, 0x28, 0x00, 0x00, 0x00, 0x00,
    0x55, 0x55, 0x55, 0x03, 0x00, 0x00, 0x00, 0x00, 0x2D, 0x2D, 0x2D, 0x1C, 0x2B, 0x2B, 0x2B, 0xE9,
    0x2C, 0x2C, 0x2C, 0xFF, 0x2B, 0x2B, 0x2B, 0xFE, 0x2B, 0x2B, 0x2B, 0xFF, 0x2B, 0x2B, 0x2B, 0xFE,
    0x2B, 0x2B, 0x2B, 0xFB, 0x26, 0x26, 0x26, 0x43, 0x00, 0x00, 0x00, 0x00, 0x00, 0x00, 0x00, 0x03,
    0x00, 0x00, 0x00, 0x00, 0x00, 0x00, 0x00, 0x00, 0x00, 0x00, 0x00, 0x00, 0x00, 0x00, 0x00, 0x00,
    0x00, 0x00, 0x00, 0x00, 0x00, 0x00, 0x00, 0x00, 0x00, 0x00, 0x00, 0x03, 0x00, 0x00, 0x00, 0x00,
    0x29, 0x29, 0x29, 0x4F, 0x2C, 0x2C, 0x2C, 0xFE, 0x2B, 0x2B, 0x2B, 0xFE, 0x2B, 0x2B, 0x2B, 0xFF,
    0x2B, 0x2B, 0x2B, 0xFD, 0x2C, 0x2C, 0x2C, 0xFF, 0x2A, 0x2A, 0x2A, 0xCE, 0x1C, 0x1C, 0x1C, 0x09,
    0x00, 0x00, 0x00, 0x00, 0x3F, 0x3F, 0x3F, 0x04, 0x00, 0x00, 0x00, 0x00, 0x2A, 0x2A, 0x2A, 0x72,
    0x2D, 0x2D, 0x2D, 0xFF, 0x2B, 0x2B, 0x2B, 0xFD, 0x2B, 0x2B, 0x2B, 0xFF, 0x2B, 0x2B, 0x2B, 0xFD,
    0x2D, 0x2D, 0x2D, 0xFF, 0x2A, 0x2A, 0x2A, 0x6C, 0x00, 0x00, 0x00, 0x00, 0x00, 0x00, 0x00, 0x03,
    0x00, 0x00, 0x00, 0x00, 0x00, 0x00, 0x00, 0x01, 0x00, 0x00, 0x00, 0x00, 0x3F, 0x3F, 0x3F, 0x04,
    0x2A, 0x2A, 0x2A, 0xBF, 0x2D, 0x2D, 0x2D, 0xFF, 0x2B, 0x2B, 0x2B, 0xFD, 0x2B, 0x2B, 0x2B, 0xFF,
    0x2B, 0x2B, 0x2B, 0xFF, 0x2B, 0x2B, 0x2B, 0xFD, 0x2D, 0x2D, 0x2D, 0xFF, 0x2A, 0x2A, 0x2A, 0xC8,
    0x24, 0x24, 0x24, 0x07, 0x00, 0x00, 0x00, 0x00, 0x00, 0x00, 0x00, 0x01, 0x00, 0x00, 0x00, 0x00,
    0x00, 0x00, 0x00, 0x00, 0x00, 0x00, 0x00, 0x00, 0x00, 0x00, 0x00, 0x00, 0x00, 0x00, 0x00, 0x00,
    0x00, 0x00, 0x00, 0x00, 0x00, 0x00, 0x00, 0x00, 0x00, 0x00, 0x00, 0x00, 0x00, 0x00, 0x00, 0x00,
    0x00, 0x00, 0x00, 0x00, 0xF1, 0x86, 0x0D, 0x13, 0xF9, 0x89, 0x11, 0xDC, 0xFE, 0x8E, 0x12, 0xFF,
    0xF9, 0x8A, 0x12, 0xFD, 0xF9, 0x8A, 0x12, 0xFD, 0xFE, 0x8D, 0x13, 0xFF, 0xFA, 0x8A, 0x12, 0xDF,
    0xFF, 0x8C, 0x0C, 0x14, 0x00, 0x00, 0x00, 0x00, 0xFF, 0xFF, 0x00, 0x01, 0x00, 0x00, 0x00, 0x00,
    0x00, 0x00, 0x00, 0x00, 0xFF, 0x7F, 0x00, 0x02, 0x00, 0x00, 0x00, 0x00, 0xF9, 0x89, 0x12, 0x8D,
    0xFF, 0x91, 0x13, 0xFF, 0xF9, 0x89, 0x12, 0xFC, 0xFA, 0x8A, 0x12, 0xFF, 0xFA, 0x8A, 0x12, 0xFF,
    0xF9, 0x8A, 0x12, 0xFE, 0xFC, 0x8B, 0x12, 0xFF, 0xFA, 0x8A, 0x11, 0xF4, 0xF9, 0x8A, 0x0F, 0x30,
    0x00, 0x00, 0x00, 0x00, 0xAA, 0x55, 0x00, 0x03, 0x00, 0x00, 0x00, 0x00, 0xFF, 0x7F, 0x00, 0x02,
    0x00, 0x00, 0x00, 0x00, 0xF9, 0x8A, 0x11, 0x86, 0xFF, 0x98, 0x14, 0xFF, 0xFF, 0x90, 0x13, 0xFF,
    0xFF, 0x92, 0x13, 0xFF, 0xFF, 0x92, 0x13, 0xFF, 0xFF, 0x92, 0x13, 0xFF, 0xFF, 0x92, 0x13, 0xFF,
    0xFF, 0x92, 0x13, 0xFF, 0xFF, 0x92, 0x13, 0xFF, 0xFF, 0x92, 0x13, 0xFF, 0xFF, 0x92, 0x13, 0xFF,
    0xFF, 0x93, 0x13, 0xFF, 0xFF, 0x92, 0x13, 0xFF, 0xFF, 0x90, 0x13, 0xFF, 0xF9, 0x8A, 0x12, 0xFE,
    0xFA, 0x8A, 0x12, 0xFF, 0xFA, 0x8A, 0x12, 0xFF, 0xF9, 0x89, 0x12, 0xFB, 0xFF, 0x93, 0x13, 0xFF,
    0xF9, 0x8B, 0x12, 0x89, 0x00, 0x00, 0x00, 0x00, 0xFF, 0xAA, 0x00, 0x03, 0x00, 0x00, 0x00, 0x00,
    0xFF, 0x7F, 0x00, 0x02, 0x00, 0x00, 0x00, 0x00, 0xFA, 0x8C, 0x15, 0x3C, 0xF9, 0x89, 0x12, 0xFC,
    0xFB, 0x8B, 0x12, 0xFF, 0xF9, 0x8A, 0x12, 0xFE, 0xFA, 0x8A, 0x12, 0xFF, 0xFA, 0x8A, 0x12, 0xFF,
    0xFA, 0x8A, 0x12, 0xFF, 0xF9, 0x8A, 0x12, 0xFE, 0xFA, 0x8B, 0x12, 0xFD, 0xFB, 0x8D, 0x12, 0xFB,
    0xF7, 0x8C, 0x12, 0x45, 0x00, 0x00, 0x00, 0x00, 0x00, 0x00, 0x00, 0x00, 0xFC, 0x89, 0x11, 0x64,
    0xFF, 0x90, 0x13, 0xFF, 0xF9, 0x8A, 0x12, 0xFC, 0xFA, 0x8A, 0x12, 0xFF, 0xFA, 0x8A, 0x12, 0xFF,
    0xFA, 0x8A, 0x12, 0xFF, 0xFA, 0x8A, 0x12, 0xFF, 0xFA, 0x8A, 0x12, 0xFF, 0xF9, 0x89, 0x12, 0xFC,
    0xFF, 0x91, 0x13, 0xFF, 0xF8, 0x89, 0x11, 0x73, 0x00, 0x00, 0x00, 0x00, 0xFF, 0xAA, 0x00, 0x03,
    0x00, 0x00, 0x00, 0x00, 0xFF, 0xFF, 0x00, 0x01, 0x00, 0x00, 0x00, 0x00, 0xFF, 0x8B, 0x17, 0x0B,
    0xFB, 0x8B, 0x12, 0xD1, 0xFF, 0x8E, 0x13, 0xFF, 0xF9, 0x8A, 0x12, 0xFD, 0xFA, 0x8A, 0x12, 0xFF,
    0xFA, 0x8A, 0x12, 0xFF, 0xFA, 0x8A, 0x12, 0xFF, 0xFB, 0x8B, 0x12, 0xFF, 0xFF, 0x91, 0x13, 0xFF,
    0xFF, 0x93, 0x13, 0xFF, 0xFF, 0x92, 0x13, 0xFF, 0xFF, 0x92, 0x13, 0xFF, 0xFF, 0x92, 0x13, 0xFF,
    0xFF, 0x92, 0x13, 0xFF, 0xFF, 0x92, 0x13, 0xFF, 0xFF, 0x93, 0x13, 0xFF, 0xFF, 0x90, 0x13, 0xFF,
    0xF9, 0x89, 0x12, 0xFE, 0xFA, 0x8A, 0x12, 0xFF, 0xFA, 0x8A, 0x12, 0xFF, 0xF9, 0x89, 0x12, 0xFA,
    0xFF, 0x93, 0x13, 0xFF, 0xF8, 0x88, 0x11, 0xA4, 0x00, 0x00, 0x00, 0x00, 0xFF, 0x7F, 0x00, 0x04,
    0x00, 0x00, 0x00, 0x00, 0xF8, 0x8C, 0x13, 0x28, 0xFA, 0x8A, 0x11, 0xF1, 0xFD, 0x8B, 0x12, 0xFF,
    0xF9, 0x8A, 0x12, 0xFE, 0xF9, 0x89, 0x12, 0xFE, 0xFE, 0x8D, 0x12, 0xFF, 0xF9, 0x89, 0x12, 0xE9,
    0xF4, 0x8E, 0x14, 0x19, 0x00, 0x00, 0x00, 0x00, 0xFF, 0x7F, 0x00, 0x02, 0x00, 0x00, 0x00, 0x00,
    0x00, 0x00, 0x00, 0x00, 0x00, 0x00, 0x00, 0x00, 0xFF, 0xAA, 0x00, 0x03, 0x00, 0x00, 0x00, 0x00,
    0xF7, 0x86, 0x13, 0x68, 0xFF, 0x90, 0x13, 0xFF, 0xF9, 0x8A, 0x12, 0xFD, 0xFA, 0x8A, 0x12, 0xFF,
    0xFA, 0x8A, 0x12, 0xFF, 0xFA, 0x8A, 0x12, 0xFF, 0xFA, 0x8A, 0x12, 0xFF, 0xFF, 0x8E, 0x13, 0xFF,
    0xFF, 0x93, 0x13, 0xFF, 0xFF, 0x93, 0x13, 0xFF, 0xFF, 0x92, 0x13, 0xFF, 0xFF, 0x92, 0x13, 0xFF,
    0xFF, 0x92, 0x13, 0xFF, 0xFF, 0x92, 0x13, 0xFF, 0xFF, 0x92, 0x13, 0xFF, 0xFF, 0x92, 0x13, 0xFF,
    0xFF, 0x8F, 0x12, 0xFF, 0xF9, 0x89, 0x12, 0xFF, 0xFA, 0x8A, 0x12, 0xFF, 0xF9, 0x89, 0x12, 0xFC,
    0xFF, 0x90, 0x13, 0xFF, 0xF8, 0x88, 0x12, 0xC6, 0xFF, 0x7F, 0x00, 0x06, 0xFF, 0x7F, 0x00, 0x02,
    0xFF, 0xFF, 0x00, 0x01, 0xFF, 0x8E, 0x16, 0x22, 0xF9, 0x89, 0x11, 0xDB, 0xFF, 0x90, 0x11, 0x1E,
    0x28, 0x28, 0x28, 0x13, 0x2D, 0x2C, 0x2A, 0xE2, 0x2C, 0x2C, 0x2C, 0xFD, 0x2C, 0x2C, 0x2C, 0xFF,
    0x2A, 0x2A, 0x2A, 0x6D, 0x00, 0x00, 0x00, 0x00, 0x00, 0x00, 0x00, 0x05, 0x00, 0x00, 0x00, 0x03,
    0x00, 0x00, 0x00, 0x03, 0x00, 0x00, 0x00, 0x03, 0x00, 0x00, 0x00, 0x03, 0x00, 0x00, 0x00, 0x03,
    0x00, 0x00, 0x00, 0x03, 0x00, 0x00, 0x00, 0x06, 0x00, 0x00, 0x00, 0x03, 0x2A, 0x2A, 0x2A, 0x66,
    0x2C, 0x2C, 0x2C, 0xFF, 0x2B, 0x2B, 0x2B, 0xFD, 0x2B, 0x2B, 0x2B, 0xFF, 0x2B, 0x2B, 0x2B, 0xFE,
    0x2C, 0x2C, 0x2C, 0xFF, 0x2B, 0x2B, 0x2B, 0xE7, 0x2B, 0x2B, 0x2B, 0x1D, 0x00, 0x00, 0x00, 0x00,
    0x3F, 0x3F, 0x3F, 0x04, 0x00, 0x00, 0x00, 0x00, 0x2B, 0x2B, 0x2B, 0x6F, 0x2D, 0x2D, 0x2D, 0xFF,
    0x2B, 0x2B, 0x2B, 0xFD, 0x2B, 0x2B, 0x2B, 0xFF, 0x2B, 0x2B, 0x2B, 0xFC, 0x2D, 0x2D, 0x2D, 0xFF,
    0x29, 0x29, 0x29, 0xC9, 0x2A, 0x2A, 0x2A, 0x06, 0x00, 0x00, 0x00, 0x00, 0x00, 0x00, 0x00, 0x01,
    0x00, 0x00, 0x00, 0x00, 0x00, 0x00, 0x00, 0x00, 0x00, 0x00, 0x00, 0x00, 0x00, 0x00, 0x00, 0x00,
    0x00, 0x00, 0x00, 0x00, 0x00, 0x00, 0x00, 0x00, 0x00, 0x00, 0x00, 0x01, 0x00, 0x00, 0x00, 0x00,
    0x2A, 0x2A, 0x2A, 0xAC, 0x2D, 0x2D, 0x2D, 0xFF, 0x2B, 0x2B, 0x2B, 0xFC, 0x2B, 0x2B, 0x2B, 0xFF,
    0x2B, 0x2B, 0x2B, 0xFD, 0x2D, 0x2D, 0x2D, 0xFF, 0x2C, 0x2C, 0x2C, 0x78, 0x00, 0x00, 0x00, 0x00,
    0x55, 0x55, 0x55, 0x03, 0x00, 0x00, 0x00, 0x00, 0x38, 0x38, 0x38, 0x09, 0x2A, 0x2A, 0x2A, 0xCB,
    0x2C, 0x2C, 0x2C, 0xFF, 0x2B, 0x2B, 0x2B, 0xFD, 0x2B, 0x2B, 0x2B, 0xFD, 0x2C, 0x2C, 0x2C, 0xFF,
    0x2B, 0x2B, 0x2B, 0xE6, 0x27, 0x27, 0x27, 0x1A, 0x00, 0x00, 0x00, 0x00, 0x00, 0x00, 0x00, 0x02,
    0x00, 0x00, 0x00, 0x00, 0x00, 0x00, 0x00, 0x00, 0x00, 0x00, 0x00, 0x03, 0x00, 0x00, 0x00, 0x00,
    0x2A, 0x2A, 0x2A, 0x78, 0x2D, 0x2D, 0x2D, 0xFF, 0x2B, 0x2B, 0x2B, 0xFD, 0x2B, 0x2B, 0x2B, 0xFF,
    0x2B, 0x2B, 0x2B, 0xFF, 0x2B, 0x2B, 0x2B, 0xFE, 0x2B, 0x2B, 0x2B, 0xFF, 0x2B, 0x2B, 0x2B, 0xF8,
    0x2D, 0x2D, 0x2D, 0x38, 0x00, 0x00, 0x00, 0x00, 0x00, 0x00, 0x00, 0x03, 0x00, 0x00, 0x00, 0x00,
    0x00, 0x00, 0x00, 0x00, 0x00, 0x00, 0x00, 0x00, 0x00, 0x00, 0x00, 0x00, 0x00, 0x00, 0x00, 0x00,
    0x00, 0x00, 0x00, 0x00, 0x00, 0x00, 0x00, 0x00, 0x00, 0x00, 0x00, 0x00, 0x00, 0x00, 0x00, 0x00,
    0x00, 0x00, 0x00, 0x00, 0xF9, 0x89, 0x11, 0x59, 0xFF, 0x8F, 0x13, 0xFF, 0xF9, 0x89, 0x12, 0xFE,
    0xFA, 0x8A, 0x12, 0xFF, 0xF9, 0x8A, 0x12, 0xFC, 0xFF, 0x91, 0x13, 0xFF, 0xF9, 0x8A, 0x11, 0x8E,
    0x00, 0x00, 0x00, 0x00, 0xFF, 0x7F, 0x00, 0x02, 0x00, 0x00, 0x00, 0x00, 0x00, 0x00, 0x00, 0x00,
    0x00, 0x00, 0x00, 0x00, 0xFF, 0x55, 0x00, 0x03, 0x00, 0x00, 0x00, 0x00, 0xFB, 0x87, 0x12, 0x44,
    0xFB, 0x8B, 0x12, 0xFD, 0xFA, 0x8A, 0x12, 0xFF, 0xFA, 0x8A, 0x12, 0xFF, 0xFA, 0x8A, 0x12, 0xFF,
    0xFA, 0x8A, 0x12, 0xFF, 0xF8, 0x8A, 0x12, 0xFD, 0xFF, 0x90, 0x13, 0xFF, 0xFA, 0x8B, 0x10, 0x79,
    0x00, 0x00, 0x00, 0x00, 0xFF, 0xAA, 0x00, 0x03, 0xFF, 0xFF, 0x00, 0x01, 0x00, 0x00, 0x00, 0x00,
    0xEE, 0x88, 0x11, 0x0F, 0xFA, 0x89, 0x11, 0xD9, 0xFF, 0x8E, 0x12, 0xFC, 0xF9, 0x89, 0x12, 0xFA,
    0xF9, 0x89, 0x12, 0xFC, 0xF9, 0x89, 0x12, 0xFC, 0xF9, 0x89, 0x12, 0xFC, 0xF9, 0x89, 0x12, 0xFC,
    0xF9, 0x89, 0x12, 0xFC, 0xF9, 0x89, 0x12, 0xFC, 0xF9, 0x89, 0x12, 0xFC, 0xF9, 0x89, 0x12, 0xFC,
    0xFA, 0x8A, 0x12, 0xFB, 0xFA, 0x8A, 0x12, 0xFB, 0xF9, 0x8A, 0x12, 0xFC, 0xFA, 0x8A, 0x12, 0xFE,
    0xF9, 0x89, 0x12, 0xFE, 0xF8, 0x89, 0x12, 0xFA, 0xFF, 0x91, 0x13, 0xFF, 0xFB, 0x8B, 0x12, 0xD8,
    0xF2, 0x91, 0x18, 0x15, 0xFF, 0xFF, 0x00, 0x01, 0xFF, 0xFF, 0x00, 0x01, 0x00, 0x00, 0x00, 0x00,
    0xFF, 0xAA, 0x00, 0x03, 0x00, 0x00, 0x00, 0x00, 0xFA, 0x89, 0x11, 0x66, 0xFF, 0x8F, 0x13, 0xFF,
    0xF9, 0x8A, 0x12, 0xFD, 0xFA, 0x8A, 0x12, 0xFF, 0xFA, 0x8A, 0x12, 0xFF, 0xFA, 0x8A, 0x12, 0xFF,
    0xFA, 0x8A, 0x12, 0xFF, 0xF9, 0x89, 0x12, 0xFC, 0xFF, 0x92, 0x13, 0xFF, 0xF8, 0x88, 0x12, 0x94,
    0x00, 0x00, 0x00, 0x00, 0xFF, 0x99, 0x00, 0x05, 0x00, 0x00, 0x00, 0x00, 0xF9, 0x89, 0x12, 0x89,
    0xFF, 0x91, 0x13, 0xFF, 0xF9, 0x89, 0x12, 0xFC, 0xFA, 0x8A, 0x12, 0xFF, 0xFA, 0x8A, 0x12, 0xFF,
    0xFA, 0x8A, 0x12, 0xFF, 0xFA, 0x8A, 0x12, 0xFF, 0xF8, 0x89, 0x12, 0xFD, 0xFF, 0x90, 0x13, 0xFF,
    0xF9, 0x8A, 0x12, 0xC3, 0xFF, 0x7F, 0x2A, 0x06, 0xFF, 0x7F, 0x00, 0x02, 0xFF, 0x00, 0x00, 0x01,
    0x00, 0x00, 0x00, 0x00, 0xFF, 0xFF, 0x00, 0x01, 0x00, 0x00, 0x00, 0x00, 0xF5, 0x89, 0x13, 0x1A,
    0xF9, 0x89, 0x11, 0xE4, 0xFF, 0x8D, 0x12, 0xFD, 0xF9, 0x8A, 0x12, 0xFD, 0xFA, 0x8A, 0x12, 0xFF,
    0xFA, 0x8A, 0x12, 0xFF, 0xFA, 0x8A, 0x12, 0xFF, 0xFA, 0x8A, 0x12, 0xFF, 0xF9, 0x89, 0x12, 0xFC,
    0xFA, 0x8A, 0x12, 0xFB, 0xF9, 0x89, 0x12, 0xFC, 0xF9, 0x89, 0x12, 0xFC, 0xF9, 0x89, 0x12, 0xFC,
    0xF9, 0x89, 0x12, 0xFC, 0xF9, 0x89, 0x12, 0xFC, 0xFA, 0x8A, 0x12, 0xFB, 0xF9, 0x8A, 0x12, 0xFC,
    0xF9, 0x8A, 0x12, 0xFE, 0xF9, 0x8A, 0x12, 0xFD, 0xF9, 0x89, 0x12, 0xFA, 0xFF, 0x92, 0x13, 0xFF,
    0xFB, 0x8B, 0x11, 0xD8, 0xFF, 0x84, 0x14, 0x19, 0xFF, 0xFF, 0x00, 0x01, 0xFF, 0x7F, 0x00, 0x04,
    0x00, 0x00, 0x00, 0x00, 0xFA, 0x8A, 0x12, 0x7D, 0xFF, 0x91, 0x13, 0xFF, 0xF9, 0x89, 0x12, 0xFC,
    0xFA, 0x8A, 0x12, 0xFF, 0xF9, 0x89, 0x12, 0xFC, 0xFF, 0x91, 0x13, 0xFF, 0xFA, 0x89, 0x12, 0x9A,
    0x00, 0x00, 0x00, 0x00, 0xFF, 0x7F, 0x00, 0x02, 0x00, 0x00, 0x00, 0x00, 0x00, 0x00, 0x00, 0x00,
    0x00, 0x00, 0x00, 0x00, 0x00, 0x00, 0x00, 0x00, 0xFF, 0xAA, 0x00, 0x03, 0x00, 0x00, 0x00, 0x00,
    0xFA, 0x8A, 0x12, 0x7F, 0xFF, 0x91, 0x13, 0xFD, 0xF9, 0x8A, 0x12, 0xFB, 0xFA, 0x8A, 0x12, 0xFF,
    0xFA, 0x8A, 0x12, 0xFF, 0xFA, 0x8A, 0x12, 0xFF, 0xFA, 0x8A, 0x12, 0xFF, 0xF9, 0x8A, 0x12, 0xFD,
    0xFA, 0x8A, 0x12, 0xFB, 0xF9, 0x89, 0x12, 0xFC, 0xF9, 0x89, 0x12, 0xFC, 0xF9, 0x89, 0x12, 0xFC,
    0xF9, 0x89, 0x12, 0xFC, 0xF9, 0x89, 0x12, 0xFC, 0xF9, 0x89, 0x12, 0xFC, 0xF9, 0x89, 0x12, 0xFC,
    0xF9, 0x8A, 0x12, 0xFD, 0xFA, 0x8A, 0x12, 0xFF, 0xFA, 0x8A, 0x12, 0xFF, 0xF9, 0x89, 0x12, 0xFD,
    0xFF, 0x91, 0x13, 0xFF, 0xF7, 0x89, 0x13, 0x6A, 0x00, 0x00, 0x00, 0x00, 0xFF, 0x66, 0x00, 0x05,
    0x00, 0x00, 0x00, 0x00, 0xFA, 0x89, 0x11, 0xA0, 0xF6, 0x88, 0x12, 0x79, 0x00, 0x00, 0x00, 0x00,
    0x2E, 0x2D, 0x29, 0x99, 0x2D, 0x2D, 0x2D, 0xFF, 0x2C, 0x2C, 0x2C, 0xFF, 0x28, 0x28, 0x28, 0xB0,
    0x00, 0x00, 0x00, 0x00, 0x00, 0x00, 0x00, 0x03, 0x00, 0x00, 0x00, 0x01, 0x00, 0x00, 0x00, 0x00,
    0x00, 0x00, 0x00, 0x00, 0x00, 0x00, 0x00, 0x00, 0x00, 0x00, 0x00, 0x00, 0x00, 0x00, 0x00, 0x00,
    0x00, 0x00, 0x00, 0x00, 0x00, 0x00, 0x00, 0x03, 0x00, 0x00, 0x00, 0x00, 0x29, 0x29, 0x29, 0x74,
    0x2D, 0x2D, 0x2D, 0xFF, 0x2B, 0x2B, 0x2B, 0xFC, 0x2B, 0x2B, 0x2B, 0xFF, 0x2B, 0x2B, 0x2B, 0xFD,
    0x2C, 0x2C, 0x2C, 0xFF, 0x2B, 0x2B, 0x2B, 0xDB, 0x2A, 0x2A, 0x2A, 0x12, 0x00, 0x00, 0x00, 0x00,
    0x00, 0x00, 0x00, 0x01, 0x33, 0x33, 0x33, 0x05, 0x2B, 0x2B, 0x2B, 0xC8, 0x2D, 0x2D, 0x2D, 0xFF,
    0x2B, 0x2B, 0x2B, 0xFD, 0x2B, 0x2B, 0x2B, 0xFF, 0x2B, 0x2B, 0x2B, 0xFD, 0x2D, 0x2D, 0x2D, 0xFF,
    0x29, 0x29, 0x29, 0x6E, 0x00, 0x00, 0x00, 0x00, 0x00, 0x00, 0x00, 0x03, 0x00, 0x00, 0x00, 0x00,
    0x00, 0x00, 0x00, 0x00, 0x00, 0x00, 0x00, 0x00, 0x00, 0x00, 0x00, 0x00, 0x00, 0x00, 0x00, 0x00,
    0x00, 0x00, 0x00, 0x00, 0x00, 0x00, 0x00, 0x02, 0x00, 0x00, 0x00, 0x00, 0x2C, 0x2C, 0x2C, 0x28,
    0x2B, 0x2B, 0x2B, 0xF1, 0x2C, 0x2C, 0x2C, 0xFF, 0x2B, 0x2B, 0x2B, 0xFE, 0x2B, 0x2B, 0x2B, 0xFE,
    0x2C, 0x2C, 0x2C, 0xFF, 0x2B, 0x2B, 0x2B, 0xEC, 0x2E, 0x2E, 0x2E, 0x21, 0x00, 0x00, 0x00, 0x00,
    0x3F, 0x3F, 0x3F, 0x04, 0x00, 0x00, 0x00, 0x00, 0x2B, 0x2B, 0x2B, 0x46, 0x2C, 0x2C, 0x2C, 0xFD,
    0x2B, 0x2B, 0x2B, 0xFE, 0x2B, 0x2B, 0x2B, 0xFF, 0x2B, 0x2B, 0x2B, 0xFD, 0x2D, 0x2D, 0x2D, 0xFF,
    0x2B, 0x2B, 0x2B, 0x98, 0x00, 0x00, 0x00, 0x00, 0x00, 0x00, 0x00, 0x02, 0x00, 0x00, 0x00, 0x00,
    0x00, 0x00, 0x00, 0x00, 0x00, 0x00, 0x00, 0x00, 0x00, 0x00, 0x00, 0x02, 0x00, 0x00, 0x00, 0x00,
    0x28, 0x28, 0x28, 0x32, 0x2B, 0x2B, 0x2B, 0xF6, 0x2B, 0x2B, 0x2B, 0xFF, 0x2B, 0x2B, 0x2B, 0xFE,
    0x2B, 0x2B, 0x2B, 0xFF, 0x2B, 0x2B, 0x2B, 0xFF, 0x2B, 0x2B, 0x2B, 0xFC, 0x2D, 0x2D, 0x2D, 0xFF,
    0x2B, 0x2B, 0x2B, 0x82, 0x00, 0x00, 0x00, 0x00, 0x00, 0x00, 0x00, 0x03, 0x00, 0x00, 0x00, 0x00,
    0x00, 0x00, 0x00, 0x00, 0x00, 0x00, 0x00, 0x00, 0x00, 0x00, 0x00, 0x00, 0x00, 0x00, 0x00, 0x00,
    0x00, 0x00, 0x00, 0x00, 0x00, 0x00, 0x00, 0x00, 0x00, 0x00, 0x00, 0x00, 0x00, 0x00, 0x00, 0x00,
    0x00, 0x00, 0x00, 0x00, 0xF9, 0x8A, 0x12, 0xAF, 0xFF, 0x91, 0x13, 0xFB, 0xF9, 0x89, 0x12, 0xF9,
    0xF9, 0x89, 0x12, 0xFA, 0xFB, 0x8A, 0x12, 0xFB, 0xF9, 0x8A, 0x12, 0xF7, 0xFA, 0x86, 0x13, 0x35,
    0x00, 0x00, 0x00, 0x00, 0xFF, 0xAA, 0x00, 0x03, 0x00, 0x00, 0x00, 0x00, 0x00, 0x00, 0x00, 0x00,
    0x00, 0x00, 0x00, 0x00, 0xFF, 0x00, 0x00, 0x01, 0x00, 0x00, 0x00, 0x00, 0xEE, 0x88, 0x11, 0x0F,
    0xF9, 0x89, 0x11, 0xD6, 0xFF, 0x8E, 0x12, 0xFB, 0xF9, 0x8A, 0x12, 0xF9, 0xF9, 0x8A, 0x12, 0xFB,
    0xF9, 0x8A, 0x12, 0xFB, 0xF9, 0x8A, 0x12, 0xF9, 0xFF, 0x8F, 0x13, 0xFB, 0xF9, 0x88, 0x12, 0xC2,
    0xFF, 0xAA, 0x00, 0x03, 0x00, 0x00, 0x00, 0x00, 0xFF, 0x7F, 0x00, 0x04, 0x00, 0x00, 0x00, 0x00,
    0xFB, 0x8A, 0x12, 0x53, 0xFC, 0x8D, 0x12, 0xFC, 0xF9, 0x89, 0x12, 0xFA, 0xF9, 0x8A, 0x12, 0xFB,
    0xF9, 0x8A, 0x12, 0xFB, 0xF9, 0x8A, 0x12, 0xFB, 0xF9, 0x8A, 0x12, 0xFB, 0xF9, 0x8A, 0x12, 0xFB,
    0xF9, 0x8A, 0x12, 0xFB, 0xF9, 0x8A, 0x12, 0xFB, 0xF9, 0x8A, 0x12, 0xFB, 0xF9, 0x8A, 0x12, 0xFB,
    0xF9, 0x8A, 0x12, 0xFB, 0xF9, 0x8A, 0x12, 0xFB, 0xF9, 0x8A, 0x12, 0xFB, 0xF9, 0x8A, 0x12, 0xFD,
    0xFD, 0x8C, 0x12, 0xFF, 0xFF, 0x94, 0x13, 0xFF, 0xFC, 0x8E, 0x12, 0xDE, 0xF9, 0x91, 0x14, 0x31,
    0x00, 0x00, 0x00, 0x00, 0xFF, 0x7F, 0x00, 0x02, 0x00, 0x00, 0x00, 0x00, 0x00, 0x00, 0x00, 0x00,
    0xFF, 0x7F, 0x00, 0x02, 0x00, 0x00, 0x00, 0x00, 0xFB, 0x89, 0x12, 0x89, 0xFF, 0x92, 0x13, 0xFB,
    0xF9, 0x89, 0x12, 0xF8, 0xF9, 0x8A, 0x12, 0xFB, 0xF9, 0x8A, 0x12, 0xFB, 0xF9, 0x8A, 0x12, 0xFB,
    0xF9, 0x89, 0x12, 0xF9, 0xFD, 0x8E, 0x13, 0xFE, 0xFA, 0x8A, 0x12, 0xD8, 0xFF, 0x8D, 0x1C, 0x12,
    0xFF, 0xFF, 0x00, 0x01, 0xFF, 0x7F, 0x00, 0x02, 0x00, 0x00, 0x00, 0x00, 0xF9, 0x89, 0x11, 0xAE,
    0xFF, 0x91, 0x13, 0xFB, 0xF9, 0x89, 0x12, 0xF8, 0xF9, 0x8A, 0x12, 0xFB, 0xF9, 0x8A, 0x12, 0xFB,
    0xF9, 0x8A, 0x12, 0xFB, 0xF9, 0x89, 0x12, 0xFA, 0xFB, 0x8C, 0x12, 0xFB, 0xFB, 0x8D, 0x12, 0xF4,
    0xFA, 0x8C, 0x14, 0x33, 0x00, 0x00, 0x00, 0x00, 0xFF, 0x7F, 0x00, 0x02, 0x00, 0x00, 0x00, 0x00,
    0x00, 0x00, 0x00, 0x00, 0xFF, 0x00, 0x00, 0x01, 0x00, 0x00, 0x00, 0x00, 0xFF, 0x7F, 0x2A, 0x06,
    0xF9, 0x89, 0x12, 0xCA, 0xFF, 0x93, 0x13, 0xFF, 0xF9, 0x89, 0x12, 0xFA, 0xF9, 0x8A, 0x12, 0xFB,
    0xF9, 0x8A, 0x12, 0xFB, 0xF9, 0x8A, 0x12, 0xFB, 0xF9, 0x8A, 0x12, 0xFB, 0xF9, 0x8A, 0x12, 0xFB,
    0xF9, 0x8A, 0x12, 0xFB, 0xF9, 0x8A, 0x12, 0xFB, 0xF9, 0x8A, 0x12, 0xFB, 0xF9, 0x8A, 0x12, 0xFB,
    0xF9, 0x8A, 0x12, 0xFB, 0xF9, 0x8A, 0x12, 0xFB, 0xF9, 0x8A, 0x12, 0xFB, 0xF9, 0x8A, 0x12, 0xFB,
    0xF9, 0x89, 0x12, 0xFE, 0xFF, 0x8D, 0x13, 0xFF, 0xFF, 0x94, 0x13, 0xFF, 0xFB, 0x8B, 0x12, 0xCE,
    0xF7, 0x86, 0x0E, 0x24, 0x00, 0x00, 0x00, 0x00, 0xFF, 0x55, 0x00, 0x03, 0x00, 0x00, 0x00, 0x00,
    0xFF, 0x8D, 0x1C, 0x09, 0xFA, 0x89, 0x12, 0xD1, 0xFD, 0x8E, 0x12, 0xFB, 0xF9, 0x8A, 0x12, 0xF9,
    0xF9, 0x8A, 0x12, 0xFB, 0xFA, 0x8A, 0x12, 0xFB, 0xFB, 0x8B, 0x12, 0xFB, 0xF6, 0x89, 0x10, 0x3D,
    0x00, 0x00, 0x00, 0x00, 0xFF, 0xAA, 0x00, 0x03, 0x00, 0x00, 0x00, 0x00, 0x00, 0x00, 0x00, 0x00,
    0x00, 0x00, 0x00, 0x00, 0x00, 0x00, 0x00, 0x00, 0xFF, 0xAA, 0x00, 0x03, 0x00, 0x00, 0x00, 0x00,
    0xFC, 0x8B, 0x11, 0x56, 0xFF, 0x93, 0x13, 0xFF, 0xFA, 0x8A, 0x12, 0xFE, 0xF9, 0x8A, 0x12, 0xFB,
    0xF9, 0x8A, 0x12, 0xFB, 0xF9, 0x8A, 0x12, 0xFB, 0xF9, 0x8A, 0x12, 0xFB, 0xF9, 0x8A, 0x12, 0xFB,
    0xF9, 0x8A, 0x12, 0xFB, 0xF9, 0x8A, 0x12, 0xFB, 0xF9, 0x8A, 0x12, 0xFB, 0xF9, 0x8A, 0x12, 0xFB,
    0xF9, 0x8A, 0x12, 0xFB, 0xF9, 0x8A, 0x12, 0xFB, 0xF9, 0x8A, 0x12, 0xFB, 0xF9, 0x8A, 0x12, 0xFB,
    0xF9, 0x8A, 0x12, 0xFB, 0xF9, 0x8A, 0x12, 0xFB, 0xF9, 0x89, 0x12, 0xFA, 0xFD, 0x8D, 0x12, 0xFB,
    0xFA, 0x89, 0x11, 0xE7, 0xF5, 0x84, 0x12, 0x1B, 0xFF, 0x00, 0x00, 0x01, 0x00, 0x00, 0x00, 0x00,
    0xF9, 0x8C, 0x14, 0x31, 0xF5, 0x87, 0x12, 0xC4, 0xFF, 0xFF, 0x00, 0x01, 0x2B, 0x2B, 0x2B, 0x3A,
    0x2C, 0x2C, 0x2C, 0xF8, 0x2C, 0x2C, 0x2C, 0xFD, 0x2A, 0x2A, 0x2A, 0xE5, 0x2A, 0x2A, 0x2A, 0x1E,
    0x00, 0x00, 0x00, 0x00, 0x00, 0x00, 0x00, 0x02, 0x00, 0x00, 0x00, 0x00, 0x00, 0x00, 0x00, 0x00,
    0x00, 0x00, 0x00, 0x00, 0x00, 0x00, 0x00, 0x00, 0x00, 0x00, 0x00, 0x00, 0x00, 0x00, 0x00, 0x00,
    0x00, 0x00, 0x00, 0x00, 0x00, 0x00, 0x00, 0x03, 0x00, 0x00, 0x00, 0x00, 0x2A, 0x2A, 0x2A, 0x83,
    0x2C, 0x2C, 0x2C, 0xFB, 0x2B, 0x2B, 0x2B, 0xF8, 0x2A, 0x2A, 0x2A, 0xFB, 0x2B, 0x2B, 0x2B, 0xF9,
    0x2C, 0x2C, 0x2C, 0xFB, 0x2A, 0x2A, 0x2A, 0xCD, 0x38, 0x38, 0x38, 0x09, 0x00, 0x00, 0x00, 0x01,
    0x00, 0x00, 0x00, 0x00, 0x2C, 0x2C, 0x2C, 0x3F, 0x2C, 0x2C, 0x2C, 0xF8, 0x2A, 0x2A, 0x2A, 0xFA,
    0x2A, 0x2A, 0x2A, 0xFB, 0x2A, 0x2A, 0x2A, 0xFA, 0x2B, 0x2B, 0x2B, 0xFB, 0x2A, 0x2A, 0x2A, 0xE9,
    0x2D, 0x2D, 0x2D, 0x1C, 0x00, 0x00, 0x00, 0x00, 0x00, 0x00, 0x00, 0x02, 0x00, 0x00, 0x00, 0x00,
    0x00, 0x00, 0x00, 0x00, 0x00, 0x00, 0x00, 0x00, 0x00, 0x00, 0x00, 0x00, 0x00, 0x00, 0x00, 0x00,
    0x00, 0x00, 0x00, 0x00, 0x00, 0x00, 0x00, 0x03, 0x00, 0x00, 0x00, 0x00, 0x2B, 0x2B, 0x2B, 0x7A,
    0x2D, 0x2D, 0x2D, 0xFD, 0x2B, 0x2B, 0x2B, 0xF9, 0x2A, 0x2A, 0x2A, 0xFB, 0x2B, 0x2B, 0x2B, 0xF8,
    0x2D, 0x2D, 0x2D, 0xFC, 0x2B, 0x2B, 0x2B, 0xA4, 0x00, 0x00, 0x00, 0x00, 0x00, 0x00, 0x00, 0x02,
    0x00, 0x00, 0x00, 0x02, 0x00, 0x00, 0x00, 0x00, 0x2A, 0x2A, 0x2A, 0x9D, 0x2C, 0x2C, 0x2C, 0xFB,
    0x2B, 0x2B, 0x2B, 0xF8, 0x2A, 0x2A, 0x2A, 0xFB, 0x2A, 0x2A, 0x2A, 0xFB, 0x2B, 0x2B, 0x2B, 0xFA,
    0x2D, 0x2D, 0x2D, 0x3D, 0x00, 0x00, 0x00, 0x00, 0x55, 0x55, 0x55, 0x03, 0x00, 0x00, 0x00, 0x00,
    0x00, 0x00, 0x00, 0x00, 0x00, 0x00, 0x00, 0x00, 0x00, 0x00, 0x00, 0x01, 0x00, 0x00, 0x00, 0x00,
    0x2A, 0x2A, 0x2A, 0x06, 0x2B, 0x2B, 0x2B, 0xC3, 0x2C, 0x2C, 0x2C, 0xFB, 0x2B, 0x2B, 0x2B, 0xF9,
    0x2A, 0x2A, 0x2A, 0xFB, 0x2A, 0x2A, 0x2A, 0xFB, 0x2B, 0x2B, 0x2B, 0xF9, 0x2C, 0x2C, 0x2C, 0xFB,
    0x29, 0x29, 0x29, 0xCA, 0x2A, 0x2A, 0x2A, 0x06, 0x00, 0x00, 0x00, 0x00, 0x00, 0x00, 0x00, 0x01,
    0x00, 0x00, 0x00, 0x00, 0x00, 0x00, 0x00, 0x00, 0x00, 0x00, 0x00, 0x00, 0x00, 0x00, 0x00, 0x00,
    0x00, 0x00, 0x00, 0x00, 0x00, 0x00, 0x00, 0x00, 0x00, 0x00, 0x00, 0x00, 0x00, 0x00, 0x00, 0x00,
    0xFB, 0x87, 0x13, 0x42, 0xFF, 0x8D, 0x12, 0xFF, 0xFF, 0x94, 0x13, 0xFF, 0xFF, 0x93, 0x13, 0xFF,
    0xFF, 0x92, 0x13, 0xFF, 0xFF, 0x9A, 0x14, 0xFF, 0xF9, 0x8A, 0x12, 0xC0, 0xFF, 0xAA, 0x00, 0x03,
    0xFF, 0xFF, 0x00, 0x01, 0x00, 0x00, 0x00, 0x00, 0x00, 0x00, 0x00, 0x00, 0x00, 0x00, 0x00, 0x00,
    0x00, 0x00, 0x00, 0x00, 0x00, 0x00, 0x00, 0x00, 0xFF, 0x7F, 0x00, 0x02, 0x00, 0x00, 0x00, 0x00,
    0xF9, 0x8B, 0x12, 0x96, 0xFF, 0x9B, 0x14, 0xFF, 0xFF, 0x91, 0x13, 0xFF, 0xFF, 0x93, 0x13, 0xFF,
    0xFF, 0x93, 0x13, 0xFF, 0xFF, 0x93, 0x13, 0xFF, 0xFF, 0x94, 0x13, 0xFF, 0xFF, 0x90, 0x13, 0xFF,
    0xFB, 0x8B, 0x13, 0x42, 0x00, 0x00, 0x00, 0x00, 0xFF, 0xAA, 0x00, 0x03, 0xFF, 0x91, 0x24, 0x07,
    0xF9, 0x89, 0x12, 0xC4, 0xFF, 0x9A, 0x14, 0xFF, 0xFF, 0x91, 0x13, 0xFF, 0xFF, 0x93, 0x13, 0xFF,
    0xFF, 0x93, 0x13, 0xFF, 0xFF, 0x93, 0x13, 0xFF, 0xFF, 0x93, 0x13, 0xFF, 0xFF, 0x93, 0x13, 0xFF,
    0xFF, 0x93, 0x13, 0xFF, 0xFF, 0x93, 0x13, 0xFF, 0xFF, 0x93, 0x13, 0xFF, 0xFF, 0x93, 0x13, 0xFF,
    0xFF, 0x93, 0x13, 0xFF, 0xFF, 0x93, 0x13, 0xFF, 0xFF, 0x93, 0x13, 0xFF, 0xFF, 0x8F, 0x13, 0xFF,
    0xFB, 0x8B, 0x12, 0xED, 0xFD, 0x8D, 0x12, 0x9B, 0xED, 0x83, 0x11, 0x1D, 0x00, 0x00, 0x00, 0x00,
    0xFF, 0x7F, 0x00, 0x02, 0x00, 0x00, 0x00, 0x00, 0x00, 0x00, 0x00, 0x00, 0x00, 0x00, 0x00, 0x01,
    0x00, 0x00, 0x00, 0x00, 0xFF, 0xAA, 0x00, 0x03, 0xF9, 0x8A, 0x11, 0xC9, 0xFF, 0x99, 0x14, 0xFF,
    0xFF, 0x92, 0x13, 0xFF, 0xFF, 0x93, 0x13, 0xFF, 0xFF, 0x93, 0x13, 0xFF, 0xFF, 0x93, 0x13, 0xFF,
    0xFF, 0x94, 0x13, 0xFF, 0xFF, 0x91, 0x13, 0xFF, 0xF8, 0x8B, 0x11, 0x4B, 0x00, 0x00, 0x00, 0x00,
    0xFF, 0x7F, 0x00, 0x04, 0x00, 0x00, 0x00, 0x00, 0xFF, 0x7F, 0x12, 0x0E, 0xFA, 0x89, 0x12, 0xE2,
    0xFF, 0x98, 0x14, 0xFF, 0xFF, 0x92, 0x13, 0xFF, 0xFF, 0x93, 0x13, 0xFF, 0xFF, 0x93, 0x13, 0xFF,
    0xFF, 0x93, 0x13, 0xFF, 0xFF, 0x92, 0x13, 0xFF, 0xFF, 0x98, 0x14, 0xFF, 0xF6, 0x8C, 0x12, 0x7F,
    0x00, 0x00, 0x00, 0x00, 0xFF, 0xAA, 0x00, 0x03, 0x00, 0x00, 0x00, 0x00, 0x00, 0x00, 0x00, 0x00,
    0x00, 0x00, 0x00, 0x00, 0x00, 0x00, 0x00, 0x00, 0xFF, 0x7F, 0x00, 0x02, 0x00, 0x00, 0x00, 0x00,
    0xFB, 0x8E, 0x12, 0x44, 0xFC, 0x8E, 0x13, 0xE4, 0xFF, 0x91, 0x13, 0xFF, 0xFF, 0x93, 0x13, 0xFF,
    0xFF, 0x93, 0x13, 0xFF, 0xFF, 0x93, 0x13, 0xFF, 0xFF, 0x93, 0x13, 0xFF, 0xFF, 0x93, 0x13, 0xFF,
    0xFF, 0x93, 0x13, 0xFF, 0xFF, 0x93, 0x13, 0xFF, 0xFF, 0x93, 0x13, 0xFF, 0xFF, 0x93, 0x13, 0xFF,
    0xFF, 0x93, 0x13, 0xFF, 0xFF, 0x93, 0x13, 0xFF, 0xFF, 0x93, 0x13, 0xFF, 0xFF, 0x93, 0x13, 0xFF,
    0xFF, 0x8D, 0x13, 0xFF, 0xFB, 0x8D, 0x12, 0xE0, 0xFB, 0x8A, 0x11, 0x81, 0xFF, 0x94, 0x15, 0x0C,
    0x00, 0x00, 0x00, 0x00, 0xFF, 0x7F, 0x00, 0x02, 0xFF, 0x55, 0x00, 0x03, 0x00, 0x00, 0x00, 0x00,
    0xF9, 0x88, 0x12, 0x5F, 0xFF, 0x97, 0x14, 0xFF, 0xFF, 0x93, 0x13, 0xFF, 0xFF, 0x93, 0x13, 0xFF,
    0xFF, 0x92, 0x13, 0xFF, 0xFF, 0x99, 0x14, 0xFF, 0xF8, 0x88, 0x11, 0xCB, 0xD4, 0x7F, 0x2A, 0x06,
    0xFF, 0xFF, 0x00, 0x01, 0xFF, 0x00, 0x00, 0x01, 0x00, 0x00, 0x00, 0x00, 0x00, 0x00, 0x00, 0x00,
    0x00, 0x00, 0x00, 0x00, 0x00, 0x00, 0x00, 0x00, 0xFF, 0x00, 0x00, 0x01, 0xFF, 0x00, 0x00, 0x01,
    0xFF, 0xAA, 0x00, 0x06, 0xFB, 0x8A, 0x12, 0x9B, 0xFC, 0x8D, 0x12, 0xFF, 0xFF, 0x92, 0x13, 0xFF,
    0xFF, 0x93, 0x13, 0xFF, 0xFF, 0x93, 0x13, 0xFF, 0xFF, 0x93, 0x13, 0xFF, 0xFF, 0x93, 0x13, 0xFF,
    0xFF, 0x93, 0x13, 0xFF, 0xFF, 0x93, 0x13, 0xFF, 0xFF, 0x93, 0x13, 0xFF, 0xFF, 0x93, 0x13, 0xFF,
    0xFF, 0x93, 0x13, 0xFF, 0xFF, 0x93, 0x13, 0xFF, 0xFF, 0x93, 0x13, 0xFF, 0xFF, 0x93, 0x13, 0xFF,
    0xFF, 0x93, 0x13, 0xFF, 0xFF, 0x93, 0x13, 0xFF, 0xFF, 0x91, 0x13, 0xFF, 0xFF, 0x9B, 0x14, 0xFF,
    0xFA, 0x8A, 0x12, 0x9B, 0x00, 0x00, 0x00, 0x00, 0xBF, 0x7F, 0x00, 0x04, 0x00, 0x00, 0x00, 0x00,
    0xF8, 0x87, 0x12, 0x9A, 0xFF, 0x8A, 0x11, 0x48, 0x00, 0x1C, 0x38, 0x12, 0x2E, 0x2D, 0x2C, 0xE2,
    0x2F, 0x2F, 0x2F, 0xFF, 0x2D, 0x2D, 0x2D, 0xFF, 0x2B, 0x2B, 0x2B, 0x52, 0x00, 0x00, 0x00, 0x00,
    0x00, 0x00, 0x00, 0x03, 0x00, 0x00, 0x00, 0x00, 0x00, 0x00, 0x00, 0x00, 0x00, 0x00, 0x00, 0x00,
    0x00, 0x00, 0x00, 0x00, 0x00, 0x00, 0x00, 0x00, 0x00, 0x00, 0x00, 0x00, 0x00, 0x00, 0x00, 0x00,
    0x00, 0x00, 0x00, 0x00, 0x00, 0x00, 0x00, 0x02, 0x00, 0x00, 0x00, 0x00, 0x2A, 0x2A, 0x2A, 0xA2,
    0x30, 0x30, 0x30, 0xFF, 0x2D, 0x2D, 0x2D, 0xFF, 0x2E, 0x2E, 0x2E, 0xFF, 0x2E, 0x2E, 0x2E, 0xFF,
    0x30, 0x30, 0x30, 0xFF, 0x2B, 0x2B, 0x2B, 0xCF, 0x7F, 0x7F, 0x7F, 0x02, 0x00, 0x00, 0x00, 0x01,
    0x00, 0x00, 0x00, 0x03, 0x2A, 0x2A, 0x2A, 0xAF, 0x30, 0x30, 0x30, 0xFF, 0x2D, 0x2D, 0x2D, 0xFF,
    0x2E, 0x2E, 0x2E, 0xFF, 0x2D, 0x2D, 0x2D, 0xFF, 0x30, 0x30, 0x30, 0xFF, 0x29, 0x29, 0x29, 0x9F,
    0x00, 0x00, 0x00, 0x00, 0x00, 0x00, 0x00, 0x02, 0x00, 0x00, 0x00, 0x00, 0x00, 0x00, 0x00, 0x00,
    0x00, 0x00, 0x00, 0x00, 0x00, 0x00, 0x00, 0x00, 0x00, 0x00, 0x00, 0x00, 0x00, 0x00, 0x00, 0x00,
    0x00, 0x00, 0x00, 0x01, 0x00, 0x00, 0x00, 0x00, 0x30, 0x30, 0x30, 0x15, 0x2B, 0x2B, 0x2B, 0xE5,
    0x2F, 0x2F, 0x2F, 0xFF, 0x2E, 0x2E, 0x2E, 0xFF, 0x2E, 0x2E, 0x2E, 0xFF, 0x2E, 0x2E, 0x2E, 0xFF,
    0x2D, 0x2D, 0x2D, 0xFF, 0x2A, 0x2A, 0x2A, 0x48, 0x00, 0x00, 0x00, 0x00, 0x33, 0x33, 0x33, 0x05,
    0x00, 0x00, 0x00, 0x00, 0x28, 0x28, 0x28, 0x2C, 0x2B, 0x2B, 0x2B, 0xFD, 0x2E, 0x2E, 0x2E, 0xFF,
    0x2E, 0x2E, 0x2E, 0xFF, 0x2E, 0x2E, 0x2E, 0xFF, 0x30, 0x30, 0x30, 0xFF, 0x2A, 0x2A, 0x2A, 0xCA,
    0x2A, 0x2A, 0x2A, 0x06, 0x00, 0x00, 0x00, 0x01, 0x00, 0x00, 0x00, 0x01, 0x00, 0x00, 0x00, 0x00,
    0x00, 0x00, 0x00, 0x00, 0x00, 0x00, 0x00, 0x00, 0x00, 0x00, 0x00, 0x00, 0x00, 0x00, 0x00, 0x03,
    0x00, 0x00, 0x00, 0x00, 0x2C, 0x2C, 0x2C, 0x7F, 0x30, 0x30, 0x30, 0xFF, 0x2E, 0x2E, 0x2E, 0xFF,
    0x2E, 0x2E, 0x2E, 0xFF, 0x2E, 0x2E, 0x2E, 0xFF, 0x2E, 0x2E, 0x2E, 0xFF, 0x2E, 0x2E, 0x2E, 0xFF,
    0x2E, 0x2E, 0x2E, 0xFF, 0x2C, 0x2C, 0x2C, 0x4B, 0x00, 0x00, 0x00, 0x00, 0x00, 0x00, 0x00, 0x03,
    0x00, 0x00, 0x00, 0x00, 0x00, 0x00, 0x00, 0x00, 0x00, 0x00, 0x00, 0x00, 0x00, 0x00, 0x00, 0x00,
    0x00, 0x00, 0x00, 0x00, 0x00, 0x00, 0x00, 0x00, 0x00, 0x00, 0x00, 0x00, 0x00, 0x00, 0x00, 0x00,
    0xFB, 0x8B, 0x11, 0x49, 0xFD, 0x8E, 0x12, 0x8C, 0xF7, 0x89, 0x12, 0x89, 0xF9, 0x8A, 0x12, 0x8A,
    0xF9, 0x8A, 0x12, 0x88, 0xFD, 0x8F, 0x12, 0x8B, 0xF7, 0x8B, 0x0F, 0x40, 0x00, 0x00, 0x00, 0x00,
    0xFF, 0x7F, 0x00, 0x02, 0x00, 0x00, 0x00, 0x00, 0x00, 0x00, 0x00, 0x00, 0x00, 0x00, 0x00, 0x00,
    0x00, 0x00, 0x00, 0x00, 0x00, 0x00, 0x00, 0x00, 0xFF, 0x7F, 0x00, 0x02, 0x00, 0x00, 0x00, 0x00,
    0xF4, 0x8C, 0x14, 0x31, 0xFD, 0x8E, 0x12, 0x8A, 0xF9, 0x89, 0x12, 0x89, 0xF9, 0x88, 0x12, 0x8A,
    0xF9, 0x88, 0x12, 0x8A, 0xF9, 0x8A, 0x12, 0x8A, 0xF9, 0x8A, 0x12, 0x88, 0xFD, 0x8F, 0x12, 0x8C,
    0xF7, 0x8B, 0x13, 0x42, 0x00, 0x00, 0x00, 0x00, 0x00, 0x00, 0x00, 0x00, 0xFF, 0x8C, 0x19, 0x14,
    0xF9, 0x8A, 0x11, 0x83, 0xFB, 0x8A, 0x12, 0x8A, 0xF9, 0x89, 0x12, 0x89, 0xF9, 0x88, 0x12, 0x8A,
    0xF9, 0x88, 0x12, 0x8A, 0xF9, 0x88, 0x12, 0x8A, 0xF9, 0x88, 0x12, 0x8A, 0xF9, 0x88, 0x12, 0x8A,
    0xF9, 0x88, 0x12, 0x8A, 0xF9, 0x88, 0x12, 0x8A, 0xF9, 0x88, 0x12, 0x8A, 0xF9, 0x88, 0x12, 0x8A,
    0xF9, 0x88, 0x12, 0x8A, 0xF9, 0x88, 0x12, 0x8A, 0xFB, 0x8A, 0x11, 0x85, 0xFF, 0x8A, 0x12, 0x51,
    0xF6, 0x8C, 0x11, 0x1D, 0x00, 0x00, 0x00, 0x00, 0x00, 0x00, 0x00, 0x00, 0xFF, 0x7F, 0x00, 0x02,
    0x00, 0x00, 0x00, 0x00, 0x00, 0x00, 0x00, 0x00, 0x00, 0x00, 0x00, 0x00, 0x00, 0x00, 0x00, 0x00,
    0x00, 0x00, 0x00, 0x00, 0xFF, 0x9F, 0x00, 0x08, 0xFA, 0x8C, 0x11, 0x76, 0xFD, 0x8D, 0x12, 0x8B,
    0xFB, 0x8A, 0x12, 0x88, 0xF9, 0x88, 0x12, 0x8A, 0xF9, 0x88, 0x12, 0x8A, 0xFB, 0x8A, 0x12, 0x88,
    0xFF, 0x8F, 0x12, 0x8B, 0xFA, 0x89, 0x11, 0x66, 0x00, 0x00, 0x00, 0x00, 0xFF, 0xFF, 0x00, 0x01,
    0xFF, 0x00, 0x00, 0x01, 0x00, 0x00, 0x00, 0x00, 0xFF, 0x93, 0x1A, 0x13, 0xFB, 0x8A, 0x11, 0x81,
    0xFD, 0x8C, 0x12, 0x8A, 0xF9, 0x89, 0x12, 0x89, 0xF9, 0x88, 0x12, 0x8A, 0xF9, 0x88, 0x12, 0x8A,
    0xF9, 0x89, 0x12, 0x89, 0xFB, 0x8B, 0x12, 0x8B, 0xF8, 0x8B, 0x12, 0x7E, 0xFF, 0x73, 0x17, 0x0B,
    0xFF, 0xFF, 0x00, 0x01, 0xFF, 0xFF, 0x00, 0x01, 0x00, 0x00, 0x00, 0x00, 0x00, 0x00, 0x00, 0x00,
    0x00, 0x00, 0x00, 0x00, 0x00, 0x00, 0x00, 0x00, 0x00, 0x00, 0x00, 0x00, 0xFF, 0x00, 0x00, 0x01,
    0x00, 0x00, 0x00, 0x00, 0xFF, 0x85, 0x16, 0x17, 0xFC, 0x8D, 0x12, 0x61, 0xFD, 0x8B, 0x12, 0x89,
    0xF9, 0x89, 0x12, 0x89, 0xF9, 0x88, 0x12, 0x8A, 0xF9, 0x88, 0x12, 0x8A, 0xF9, 0x88, 0x12, 0x8A,
    0xF9, 0x88, 0x12, 0x8A, 0xF9, 0x88, 0x12, 0x8A, 0xF9, 0x88, 0x12, 0x8A, 0xF9, 0x88, 0x12, 0x8A,
    0xF9, 0x88, 0x10, 0x8A, 0xFB, 0x89, 0x12, 0x8D, 0xF9, 0x8A, 0x12, 0x8C, 0xF9, 0x89, 0x11, 0x80,
    0xFF, 0x8A, 0x12, 0x44, 0xFF, 0x87, 0x0F, 0x11, 0x00, 0x00, 0x00, 0x00, 0x00, 0x00, 0x00, 0x00,
    0xFF, 0x7F, 0x00, 0x02, 0x00, 0x00, 0x00, 0x00, 0xFF, 0xFF, 0x00, 0x01, 0x00, 0x00, 0x00, 0x00,
    0xF9, 0x8B, 0x11, 0x58, 0xFD, 0x8F, 0x12, 0x8B, 0xF9, 0x88, 0x12, 0x88, 0xF9, 0x88, 0x12, 0x8A,
    0xF9, 0x8A, 0x12, 0x88, 0xFD, 0x90, 0x12, 0x8B, 0xFB, 0x8B, 0x13, 0x42, 0x00, 0x00, 0x00, 0x00,
    0xFF, 0x7F, 0x00, 0x02, 0x00, 0x00, 0x00, 0x00, 0x00, 0x00, 0x00, 0x00, 0x00, 0x00, 0x00, 0x00,
    0x00, 0x00, 0x00, 0x00, 0x00, 0x00, 0x00, 0x00, 0x00, 0x00, 0x00, 0x00, 0x00, 0x00, 0x00, 0x00,
    0x00, 0x00, 0x00, 0x00, 0x00, 0x00, 0x00, 0x00, 0xF5, 0x84, 0x0E, 0x34, 0xFA, 0x8A, 0x13, 0x78,
    0xFB, 0x8C, 0x12, 0x8A, 0xF9, 0x89, 0x12, 0x89, 0xF9, 0x88, 0x12, 0x8A, 0xF9, 0x88, 0x12, 0x8A,
    0xF9, 0x88, 0x12, 0x8A, 0xF9, 0x88, 0x12, 0x8A, 0xF9, 0x88, 0x12, 0x8A, 0xF9, 0x88, 0x12, 0x8A,
    0xF9, 0x88, 0x12, 0x8A, 0xF9, 0x88, 0x12, 0x8A, 0xF9, 0x88, 0x12, 0x8A, 0xF9, 0x88, 0x12, 0x8A,
    0xF9, 0x88, 0x12, 0x8A, 0xF9, 0x88, 0x12, 0x8A, 0xF9, 0x89, 0x12, 0x89, 0xFD, 0x8C, 0x12, 0x8A,
    0xF9, 0x8B, 0x11, 0x2C, 0xFF, 0xFF, 0x00, 0x01, 0x00, 0x00, 0x00, 0x00, 0xF5, 0x86, 0x12, 0x37,
    0xF6, 0x87, 0x11, 0x95, 0x00, 0x00, 0x00, 0x00, 0x2D, 0x2D, 0x2D, 0x38, 0x2C, 0x2C, 0x2C, 0x8F,
    0x2C, 0x2C, 0x2C, 0x8B, 0x2A, 0x2A, 0x2A, 0x66, 0x00, 0x00, 0x00, 0x00, 0x00, 0x00, 0x00, 0x02,
    0x00, 0x00, 0x00, 0x00, 0x00, 0x00, 0x00, 0x00, 0x00, 0x00, 0x00, 0x00, 0x00, 0x00, 0x00, 0x00,
    0x00, 0x00, 0x00, 0x00, 0x00, 0x00, 0x00, 0x00, 0x00, 0x00, 0x00, 0x00, 0x00, 0x00, 0x00, 0x00,
    0x00, 0x00, 0x00, 0x00, 0x00, 0x00, 0x00, 0x01, 0x00, 0x00, 0x00, 0x00, 0x2A, 0x2A, 0x2A, 0x5B,
    0x2C, 0x2C, 0x2C, 0x8B, 0x2B, 0x2B, 0x2B, 0x88, 0x2A, 0x2A, 0x2A, 0x8A, 0x2B, 0x2B, 0x2B, 0x88,
    0x2C, 0x2C, 0x2C, 0x8B, 0x2A, 0x2A, 0x2A, 0x67, 0x00, 0x00, 0x00, 0x00, 0x00, 0x00, 0x00, 0x00,
    0x2A, 0x2A, 0x2A, 0x0C, 0x2B, 0x2B, 0x2B, 0x7C, 0x2C, 0x2C, 0x2C, 0x8A, 0x2A, 0x2A, 0x2A, 0x89,
    0x2A, 0x2A, 0x2A, 0x8A, 0x2A, 0x2A, 0x2A, 0x89, 0x2C, 0x2C, 0x2C, 0x8A, 0x2D, 0x2D, 0x2D, 0x2D,
    0x00, 0x00, 0x00, 0x00, 0x00, 0x00, 0x00, 0x02, 0x00, 0x00, 0x00, 0x00, 0x00, 0x00, 0x00, 0x00,
    0x00, 0x00, 0x00, 0x00, 0x00, 0x00, 0x00, 0x00, 0x00, 0x00, 0x00, 0x00, 0x00, 0x00, 0x00, 0x00,
    0x00, 0x00, 0x00, 0x02, 0x00, 0x00, 0x00, 0x00, 0x2C, 0x2C, 0x2C, 0x28, 0x2C, 0x2C, 0x2C, 0x8B,
    0x2A, 0x2A, 0x2A, 0x89, 0x2A, 0x2A, 0x2A, 0x8A, 0x2A, 0x2A, 0x2A, 0x89, 0x2C, 0x2C, 0x2C, 0x8B,
    0x2B, 0x2B, 0x2B, 0x7A, 0x33, 0x33, 0x33, 0x0A, 0x00, 0x00, 0x00, 0x00, 0x00, 0x00, 0x00, 0x02,
    0x00, 0x00, 0x00, 0x00, 0x2C, 0x2C, 0x2C, 0x39, 0x2B, 0x2B, 0x2B, 0x8C, 0x2A, 0x2A, 0x2A, 0x89,
    0x2A, 0x2A, 0x2A, 0x8A, 0x2B, 0x2B, 0x2B, 0x88, 0x2D, 0x2D, 0x2D, 0x8B, 0x2D, 0x2D, 0x2D, 0x44,
    0x00, 0x00, 0x00, 0x00, 0x00, 0x00, 0x00, 0x02, 0x00, 0x00, 0x00, 0x00, 0x00, 0x00, 0x00, 0x00,
    0x00, 0x00, 0x00, 0x00, 0x00, 0x00, 0x00, 0x00, 0x00, 0x00, 0x00, 0x00, 0x00, 0x00, 0x00, 0x02,
    0x00, 0x00, 0x00, 0x00, 0x28, 0x28, 0x28, 0x26, 0x2C, 0x2C, 0x2C, 0x89, 0x2A, 0x2A, 0x2A, 0x89,
    0x2A, 0x2A, 0x2A, 0x8A, 0x2A, 0x2A, 0x2A, 0x8A, 0x2A, 0x2A, 0x2A, 0x8A, 0x2B, 0x2B, 0x2B, 0x88,
    0x2D, 0x2D, 0x2D, 0x8C, 0x2A, 0x2A, 0x2A, 0x48, 0x00, 0x00, 0x00, 0x00, 0x00, 0x00, 0x00, 0x02,
    0x00, 0x00, 0x00, 0x00, 0x00, 0x00, 0x00, 0x00, 0x00, 0x00, 0x00, 0x00, 0x00, 0x00, 0x00, 0x00,
    0x00, 0x00, 0x00, 0x00, 0x00, 0x00, 0x00, 0x00, 0x00, 0x00, 0x00, 0x00, 0x00, 0x00, 0x00, 0x00,
    0x00, 0x00, 0x00, 0x00, 0x00, 0x00, 0x00, 0x00, 0x00, 0x00, 0x00, 0x00, 0x00, 0x00, 0x00, 0x00,
    0x00, 0x00, 0x00, 0x00, 0x00, 0x00, 0x00, 0x00, 0x00, 0x00, 0x00, 0x00, 0x00, 0x00, 0x00, 0x00,
    0x00, 0x00, 0x00, 0x00, 0x00, 0x00, 0x00, 0x00, 0x00, 0x00, 0x00, 0x00, 0x00, 0x00, 0x00, 0x00,
    0x00, 0x00, 0x00, 0x00, 0x00, 0x00, 0x00, 0x00, 0x00, 0x00, 0x00, 0x00, 0x00, 0x00, 0x00, 0x00,
    0x00, 0x00, 0x00, 0x00, 0x00, 0x00, 0x00, 0x00, 0x00, 0x00, 0x00, 0x00, 0x00, 0x00, 0x00, 0x00,
    0x00, 0x00, 0x00, 0x00, 0x00, 0x00, 0x00, 0x00, 0x00, 0x00, 0x00, 0x00, 0x00, 0x00, 0x00, 0x00,
    0x00, 0x00, 0x00, 0x00, 0x00, 0x00, 0x00, 0x00, 0x00, 0x00, 0x00, 0x00, 0x00, 0x00, 0x00, 0x00,
    0x00, 0x00, 0x00, 0x00, 0x00, 0x00, 0x00, 0x00, 0x00, 0x00, 0x00, 0x00, 0x00, 0x00, 0x00, 0x00,
    0x00, 0x00, 0x00, 0x00, 0x00, 0x00, 0x00, 0x00, 0x00, 0x00, 0x00, 0x00, 0x00, 0x00, 0x00, 0x00,
    0x00, 0x00, 0x00, 0x00, 0x00, 0x00, 0x00, 0x00, 0x00, 0x00, 0x00, 0x00, 0x00, 0x00, 0x00, 0x00,
    0x00, 0x00, 0x00, 0x00, 0x00, 0x00, 0x00, 0x00, 0x00, 0x00, 0x00, 0x00, 0x00, 0x00, 0x00, 0x00,
    0x00, 0x00, 0x00, 0x00, 0xFF, 0x7F, 0x00, 0x02, 0xFF, 0xFF, 0x00, 0x01, 0x00, 0x00, 0x00, 0x00,
    0x00, 0x00, 0x00, 0x00, 0x00, 0x00, 0x00, 0x00, 0x00, 0x00, 0x00, 0x00, 0x00, 0x00, 0x00, 0x00,
    0x00, 0x00, 0x00, 0x00, 0x00, 0x00, 0x00, 0x00, 0x00, 0x00, 0x00, 0x00, 0x00, 0x00, 0x00, 0x00,
    0x00, 0x00, 0x00, 0x00, 0x00, 0x00, 0x00, 0x00, 0x00, 0x00, 0x00, 0x00, 0x00, 0x00, 0x00, 0x00,
    0x00, 0x00, 0x00, 0x00, 0x00, 0x00, 0x00, 0x00, 0xFF, 0x00, 0x00, 0x01, 0x00, 0x00, 0x00, 0x00,
    0x00, 0x00, 0x00, 0x00, 0x00, 0x00, 0x00, 0x00, 0x00, 0x00, 0x00, 0x00, 0x00, 0x00, 0x00, 0x00,
    0x00, 0x00, 0x00, 0x00, 0x00, 0x00, 0x00, 0x00, 0x00, 0x00, 0x00, 0x00, 0x00, 0x00, 0x00, 0x00,
    0x00, 0x00, 0x00, 0x00, 0x00, 0x00, 0x00, 0x00, 0x00, 0x00, 0x00, 0x00, 0x00, 0x00, 0x00, 0x00,
    0x00, 0x00, 0x00, 0x00, 0x00, 0x00, 0x00, 0x00, 0x00, 0x00, 0x00, 0x00, 0x00, 0x00, 0x00, 0x00,
    0x00, 0x00, 0x00, 0x00, 0x00, 0x00, 0x00, 0x00, 0x00, 0x00, 0x00, 0x00, 0x00, 0x00, 0x00, 0x00,
    0xFF, 0x7F, 0x00, 0x02, 0x00, 0x00, 0x00, 0x00, 0x00, 0x00, 0x00, 0x00, 0x00, 0x00, 0x00, 0x00,
    0x00, 0x00, 0x00, 0x00, 0x00, 0x00, 0x00, 0x00, 0x00, 0x00, 0x00, 0x00, 0x00, 0x00, 0x00, 0x00,
    0x00, 0x00, 0x00, 0x00, 0x00, 0x00, 0x00, 0x00, 0x00, 0x00, 0x00, 0x00, 0x00, 0x00, 0x00, 0x00,
    0x00, 0x00, 0x00, 0x00, 0x00, 0x00, 0x00, 0x00, 0x00, 0x00, 0x00, 0x00, 0x00, 0x00, 0x00, 0x00,
    0x00, 0x00, 0x00, 0x00, 0x00, 0x00, 0x00, 0x00, 0xFF, 0xAA, 0x00, 0x03, 0xFF, 0xFF, 0x00, 0x01,
    0x00, 0x00, 0x00, 0x00, 0x00, 0x00, 0x00, 0x00, 0x00, 0x00, 0x00, 0x00, 0x00, 0x00, 0x00, 0x00,
    0x00, 0x00, 0x00, 0x00, 0x00, 0x00, 0x00, 0x00, 0x00, 0x00, 0x00, 0x00, 0x00, 0x00, 0x00, 0x00,
    0x00, 0x00, 0x00, 0x00, 0x00, 0x00, 0x00, 0x00, 0x00, 0x00, 0x00, 0x00, 0x00, 0x00, 0x00, 0x00,
    0x00, 0x00, 0x00, 0x00, 0x00, 0x00, 0x00, 0x00, 0x00, 0x00, 0x00, 0x00, 0x00, 0x00, 0x00, 0x00,
    0x00, 0x00, 0x00, 0x00, 0x00, 0x00, 0x00, 0x00, 0x00, 0x00, 0x00, 0x00, 0x00, 0x00, 0x00, 0x00,
    0x00, 0x00, 0x00, 0x00, 0xFF, 0xFF, 0x00, 0x01, 0x00, 0x00, 0x00, 0x00, 0x00, 0x00, 0x00, 0x00,
    0x00, 0x00, 0x00, 0x00, 0x00, 0x00, 0x00, 0x00, 0x00, 0x00, 0x00, 0x00, 0x00, 0x00, 0x00, 0x00,
    0x00, 0x00, 0x00, 0x00, 0x00, 0x00, 0x00, 0x00, 0x00, 0x00, 0x00, 0x00, 0x00, 0x00, 0x00, 0x00,
    0x00, 0x00, 0x00, 0x00, 0x00, 0x00, 0x00, 0x00, 0x00, 0x00, 0x00, 0x00, 0x00, 0x00, 0x00, 0x00,
    0x00, 0x00, 0x00, 0x00, 0x00, 0x00, 0x00, 0x00, 0x00, 0x00, 0x00, 0x00, 0x00, 0x00, 0x00, 0x00,
    0x00, 0x00, 0x00, 0x00, 0xFF, 0x7F, 0x00, 0x02, 0xFF, 0x7F, 0x00, 0x02, 0xFB, 0x89, 0x11, 0x86,
    0xF8, 0x85, 0x13, 0x28, 0xFF, 0xFF, 0x00, 0x01, 0x01, 0x00, 0x00, 0x00, 0x00, 0x00, 0x00, 0x00,
    0x00, 0x00, 0x00, 0x00, 0x00, 0x00, 0x00, 0x00, 0x00, 0x00, 0x00, 0x01, 0x00, 0x00, 0x00, 0x00,
    0x00, 0x00, 0x00, 0x00, 0x00, 0x00, 0x00, 0x00, 0x00, 0x00, 0x00, 0x00, 0x00, 0x00, 0x00, 0x00,
    0x00, 0x00, 0x00, 0x00, 0x00, 0x00, 0x00, 0x00, 0x00, 0x00, 0x00, 0x00, 0x00, 0x00, 0x00, 0x00,
    0x00, 0x00, 0x00, 0x00, 0x00, 0x00, 0x00, 0x00, 0x00, 0x00, 0x00, 0x00, 0x00, 0x00, 0x00, 0x00,
    0x00, 0x00, 0x00, 0x00, 0x00, 0x00, 0x00, 0x00, 0x00, 0x00, 0x00, 0x00, 0x00, 0x00, 0x00, 0x00,
    0x00, 0x00, 0x00, 0x00, 0x00, 0x00, 0x00, 0x00, 0x00, 0x00, 0x00, 0x00, 0x00, 0x00, 0x00, 0x00,
    0x00, 0x00, 0x00, 0x00, 0x00, 0x00, 0x00, 0x00, 0x00, 0x00, 0x00, 0x00, 0x00, 0x00, 0x00, 0x00,
    0x00, 0x00, 0x00, 0x00, 0x00, 0x00, 0x00, 0x00, 0x00, 0x00, 0x00, 0x00, 0x00, 0x00, 0x00, 0x00,
    0x00, 0x00, 0x00, 0x00, 0x00, 0x00, 0x00, 0x00, 0x00, 0x00, 0x00, 0x00, 0x00, 0x00, 0x00, 0x00,
    0x00, 0x00, 0x00, 0x00, 0x00, 0x00, 0x00, 0x00, 0x00, 0x00, 0x00, 0x00, 0x00, 0x00, 0x00, 0x00,
    0x00, 0x00, 0x00, 0x00, 0x00, 0x00, 0x00, 0x00, 0x00, 0x00, 0x00, 0x00, 0x00, 0x00, 0x00, 0x00,
    0x00, 0x00, 0x00, 0x00, 0x00, 0x00, 0x00, 0x00, 0x00, 0x00, 0x00, 0x00, 0x00, 0x00, 0x00, 0x00,
    0x00, 0x00, 0x00, 0x00, 0x00, 0x00, 0x00, 0x00, 0x00, 0x00, 0x00, 0x00, 0x00, 0x00, 0x00, 0x00,
    0x00, 0x00, 0x00, 0x00, 0x00, 0x00, 0x00, 0x00, 0x00, 0x00, 0x00, 0x00, 0x00, 0x00, 0x00, 0x00,
    0x00, 0x00, 0x00, 0x00, 0x00, 0x00, 0x00, 0x00, 0x00, 0x00, 0x00, 0x00, 0x00, 0x00, 0x00, 0x00,
    0x00, 0x00, 0x00, 0x00, 0x00, 0x00, 0x00, 0x00, 0x00, 0x00, 0x00, 0x00, 0x00, 0x00, 0x00, 0x00,
    0x00, 0x00, 0x00, 0x00, 0x00, 0x00, 0x00, 0x00, 0x00, 0x00, 0x00, 0x00, 0x00, 0x00, 0x00, 0x00,
    0x00, 0x00, 0x00, 0x00, 0x00, 0x00, 0x00, 0x00, 0x00, 0x00, 0x00, 0x00, 0x00, 0x00, 0x00, 0x00,
    0x00, 0x00, 0x00, 0x00, 0x00, 0x00, 0x00, 0x00, 0x00, 0x00, 0x00, 0x00, 0x00, 0x00, 0x00, 0x00,
    0x00, 0x00, 0x00, 0x00, 0x00, 0x00, 0x00, 0x00, 0x00, 0x00, 0x00, 0x00, 0x00, 0x00, 0x00, 0x00,
    0x00, 0x00, 0x00, 0x00, 0x00, 0x00, 0x00, 0x00, 0x00, 0x00, 0x00, 0x00, 0x00, 0x00, 0x00, 0x00,
    0x00, 0x00, 0x00, 0x00, 0x00, 0x00, 0x00, 0x00, 0x00, 0x00, 0x00, 0x00, 0x00, 0x00, 0x00, 0x00,
    0x7F, 0x7F, 0x00, 0x02, 0xFF, 0xAA, 0x00, 0x03, 0xFF, 0xAA, 0x00, 0x03, 0xFF, 0xAA, 0x00, 0x03,
    0xFF, 0xAA, 0x00, 0x03, 0xFF, 0xAA, 0x00, 0x03, 0xFF, 0x7F, 0x00, 0x02, 0x00, 0x00, 0x00, 0x00,
    0x00, 0x00, 0x00, 0x00, 0x00, 0x00, 0x00, 0x00, 0x00, 0x00, 0x00, 0x00, 0x00, 0x00, 0x00, 0x00,
    0x00, 0x00, 0x00, 0x00, 0x00, 0x00, 0x00, 0x00, 0x00, 0x00, 0x00, 0x00, 0x00, 0x00, 0x00, 0x00,
    0x7F, 0x7F, 0x00, 0x02, 0xFF, 0xAA, 0x00, 0x03, 0xFF, 0xAA, 0x00, 0x03, 0xFF, 0xAA, 0x00, 0x03,
    0xFF, 0xAA, 0x00, 0x03, 0xFF, 0xAA, 0x00, 0x03, 0xFF, 0xAA, 0x00, 0x03, 0xFF, 0xAA, 0x00, 0x03,
    0xFF, 0xFF, 0x00, 0x01, 0x00, 0x00, 0x00, 0x00, 0x00, 0x00, 0x00, 0x00, 0x00, 0x00, 0x00, 0x00,
    0xFF, 0xAA, 0x00, 0x03, 0xFF, 0xAA, 0x00, 0x03, 0xFF, 0xAA, 0x00, 0x03, 0xFF, 0xAA, 0x00, 0x03,
    0xFF, 0xAA, 0x00, 0x03, 0xFF, 0xAA, 0x00, 0x03, 0xFF, 0xAA, 0x00, 0x03, 0xFF, 0xAA, 0x00, 0x03,
    0xFF, 0xAA, 0x00, 0x03, 0xFF, 0xAA, 0x00, 0x03, 0xFF, 0xAA, 0x00, 0x03, 0xFF, 0xAA, 0x00, 0x03,
    0xFF, 0xAA, 0x00, 0x03, 0xFF, 0xAA, 0x00, 0x03, 0xBF, 0x7F, 0x00, 0x04, 0xFF, 0xAA, 0x00, 0x03,
    0xFF, 0x7F, 0x00, 0x02, 0x00, 0x00, 0x00, 0x00, 0x00, 0x00, 0x00, 0x00, 0x00, 0x00, 0x00, 0x00,
    0x00, 0x00, 0x00, 0x00, 0x00, 0x00, 0x00, 0x00, 0x00, 0x00, 0x00, 0x00, 0x00, 0x00, 0x00, 0x00,
    0x00, 0x00, 0x00, 0x00, 0x00, 0x00, 0x00, 0x00, 0xFF, 0xAA, 0x00, 0x03, 0xFF, 0xAA, 0x00, 0x03,
    0xFF, 0xAA, 0x00, 0x03, 0xFF, 0xAA, 0x00, 0x03, 0xFF, 0xAA, 0x00, 0x03, 0xFF, 0xAA, 0x00, 0x03,
    0xFF, 0xAA, 0x00, 0x03, 0xFF, 0xAA, 0x00, 0x03, 0x00, 0x00, 0x00, 0x00, 0x00, 0x00, 0x00, 0x00,
    0x00, 0x00, 0x00, 0x00, 0x00, 0x00, 0x00, 0x00, 0x00, 0x00, 0x00, 0x00, 0xFF, 0xAA, 0x00, 0x03,
    0xFF, 0xAA, 0x00, 0x03, 0xFF, 0xAA, 0x00, 0x03, 0xFF, 0xAA, 0x00, 0x03, 0xFF, 0xAA, 0x00, 0x03,
    0xFF, 0xAA, 0x00, 0x03, 0xFF, 0xAA, 0x00, 0x03, 0xFF, 0xAA, 0x00, 0x03, 0xFF, 0x00, 0x00, 0x01,
    0x00, 0x00, 0x00, 0x00, 0x00, 0x00, 0x00, 0x00, 0x00, 0x00, 0x00, 0x00, 0x00, 0x00, 0x00, 0x00,
    0x00, 0x00, 0x00, 0x00, 0x00, 0x00, 0x00, 0x00, 0x00, 0x00, 0x00, 0x00, 0x00, 0x00, 0x00, 0x00,
    0x00, 0x00, 0x00, 0x00, 0xFF, 0xFF, 0x00, 0x01, 0xFF, 0xAA, 0x00, 0x03, 0xFF, 0xAA, 0x00, 0x03,
    0xFF, 0xAA, 0x00, 0x03, 0xFF, 0xAA, 0x00, 0x03, 0xFF, 0xAA, 0x00, 0x03, 0xFF, 0xAA, 0x00, 0x03,
    0xFF, 0xAA, 0x00, 0x03, 0xFF, 0xAA, 0x00, 0x03, 0xFF, 0xAA, 0x00, 0x03, 0xFF, 0xAA, 0x00, 0x03,
    0xFF, 0xAA, 0x00, 0x03, 0xFF, 0xAA, 0x00, 0x03, 0xFF, 0xAA, 0x00, 0x03, 0xBF, 0x7F, 0x00, 0x04,
    0xFF, 0xAA, 0x00, 0x03, 0xFF, 0xFF, 0x00, 0x01, 0x00, 0x00, 0x00, 0x00, 0x00, 0x00, 0x00, 0x00,
    0x00, 0x00, 0x00, 0x00, 0x00, 0x00, 0x00, 0x00, 0x00, 0x00, 0x00, 0x00, 0x00, 0x00, 0x00, 0x00,
    0xFF, 0x7F, 0x00, 0x02, 0xFF, 0xAA, 0x00, 0x03, 0xFF, 0xAA, 0x00, 0x03, 0xFF, 0xAA, 0x00, 0x03,
    0xFF, 0xAA, 0x00, 0x03, 0xFF, 0xAA, 0x00, 0x03, 0xFF, 0x7F, 0x00, 0x02, 0x00, 0x00, 0x00, 0x00,
    0x00, 0x00, 0x00, 0x00, 0x00, 0x00, 0x00, 0x00, 0x00, 0x00, 0x00, 0x00, 0x00, 0x00, 0x00, 0x00,
    0x00, 0x00, 0x00, 0x00, 0x00, 0x00, 0x00, 0x00, 0x00, 0x00, 0x00, 0x00, 0x00, 0x00, 0x00, 0x00,
    0x00, 0x00, 0x00, 0x00, 0x00, 0x00, 0x00, 0x00, 0xFF, 0x7F, 0x00, 0x02, 0xFF, 0xAA, 0x00, 0x03,
    0xFF, 0xAA, 0x00, 0x03, 0xFF, 0xAA, 0x00, 0x03, 0xFF, 0xAA, 0x00, 0x03, 0xFF, 0xAA, 0x00, 0x03,
    0xFF, 0xAA, 0x00, 0x03, 0xFF, 0xAA, 0x00, 0x03, 0xFF, 0xAA, 0x00, 0x03, 0xFF, 0xAA, 0x00, 0x03,
    0xFF, 0xAA, 0x00, 0x03, 0xFF, 0xAA, 0x00, 0x03, 0xFF, 0xAA, 0x00, 0x03, 0xFF, 0xAA, 0x00, 0x03,
    0xFF, 0xAA, 0x00, 0x03, 0xFF, 0xAA, 0x00, 0x03, 0xFF, 0xAA, 0x00, 0x03, 0xFF, 0xAA, 0x00, 0x03,
    0xFF, 0xAA, 0x00, 0x03, 0x00, 0x00, 0x00, 0x00, 0xF7, 0x87, 0x13, 0x40, 0xF9, 0x88, 0x11, 0x65,
    0x00, 0x00, 0x00, 0x00, 0xFF, 0x7F, 0x00, 0x02, 0x00, 0x00, 0x00, 0x01, 0x55, 0x55, 0x55, 0x03,
    0x55, 0x55, 0x55, 0x03, 0x00, 0x00, 0x00, 0x03, 0x00, 0x00, 0x00, 0x00, 0x00, 0x00, 0x00, 0x00,
    0x00, 0x00, 0x00, 0x00, 0x00, 0x00, 0x00, 0x00, 0x00, 0x00, 0x00, 0x00, 0x00, 0x00, 0x00, 0x00,
    0x00, 0x00, 0x00, 0x00, 0x00, 0x00, 0x00, 0x00, 0x00, 0x00, 0x00, 0x00, 0x00, 0x00, 0x00, 0x00,
    0x00, 0x00, 0x00, 0x00, 0x00, 0x00, 0x00, 0x00, 0x00, 0x00, 0x00, 0x00, 0x00, 0x00, 0x00, 0x02,
    0x55, 0x55, 0x55, 0x03, 0x55, 0x55, 0x55, 0x03, 0x55, 0x55, 0x55, 0x03, 0x55, 0x55, 0x55, 0x03,
    0x55, 0x55, 0x55, 0x03, 0x00, 0x00, 0x00, 0x03, 0x00, 0x00, 0x00, 0x00, 0x00, 0x00, 0x00, 0x00,
    0x00, 0x00, 0x00, 0x00, 0x00, 0x00, 0x00, 0x03, 0x55, 0x55, 0x55, 0x03, 0x55, 0x55, 0x55, 0x03,
    0x55, 0x55, 0x55, 0x03, 0x55, 0x55, 0x55, 0x03, 0x55, 0x55, 0x55, 0x03, 0x00, 0x00, 0x00, 0x02,
    0x00, 0x00, 0x00, 0x00, 0x00, 0x00, 0x00, 0x00, 0x00, 0x00, 0x00, 0x00, 0x00, 0x00, 0x00, 0x00,
    0x00, 0x00, 0x00, 0x00, 0x00, 0x00, 0x00, 0x00, 0x00, 0x00, 0x00, 0x00, 0x00, 0x00, 0x00, 0x00,
    0x00, 0x00, 0x00, 0x00, 0x00, 0x00, 0x00, 0x00, 0x00, 0x00, 0x00, 0x01, 0x55, 0x55, 0x55, 0x03,
    0x55, 0x55, 0x55, 0x03, 0x55, 0x55, 0x55, 0x03, 0x55, 0x55, 0x55, 0x03, 0x55, 0x55, 0x55, 0x03,
    0x55, 0x55, 0x55, 0x03, 0x00, 0x00, 0x00, 0x01, 0x00, 0x00, 0x00, 0x00, 0x00, 0x00, 0x00, 0x00,
    0x00, 0x00, 0x00, 0x00, 0x00, 0x00, 0x00, 0x01, 0x55, 0x55, 0x55, 0x03, 0x55, 0x55, 0x55, 0x03,
    0x55, 0x55, 0x55, 0x03, 0x55, 0x55, 0x55, 0x03, 0x55, 0x55, 0x55, 0x03, 0x00, 0x00, 0x00, 0x02,
    0x00, 0x00, 0x00, 0x00, 0x00, 0x00, 0x00, 0x00, 0x00, 0x00, 0x00, 0x00, 0x00, 0x00, 0x00, 0x00,
    0x00, 0x00, 0x00, 0x00, 0x00, 0x00, 0x00, 0x00, 0x00, 0x00, 0x00, 0x00, 0x00, 0x00, 0x00, 0x00,
    0x00, 0x00, 0x00, 0x00, 0x00, 0x00, 0x00, 0x01, 0x55, 0x55, 0x55, 0x03, 0x55, 0x55, 0x55, 0x03,
    0x55, 0x55, 0x55, 0x03, 0x55, 0x55, 0x55, 0x03, 0x55, 0x55, 0x55, 0x03, 0x55, 0x55, 0x55, 0x03,
    0x55, 0x55, 0x55, 0x03, 0x00, 0x00, 0x00, 0x02, 0x00, 0x00, 0x00, 0x00, 0x00, 0x00, 0x00, 0x00,
    0x00, 0x00, 0x00, 0x00, 0x00, 0x00, 0x00, 0x00, 0x00, 0x00, 0x00, 0x00, 0x00, 0x00, 0x00, 0x00,
    0x00, 0x00, 0x00, 0x00, 0x00, 0x00, 0x00, 0x00, 0x00, 0x00, 0x00, 0x00, 0x00, 0x00, 0x00, 0x00,
    0x00, 0x00, 0x00, 0x00, 0x00, 0x00, 0x00, 0x00, 0x00, 0x00, 0x00, 0x00, 0x00, 0x00, 0x00, 0x00,
    0x00, 0x00, 0x00, 0x00, 0x00, 0x00, 0x00, 0x00, 0x00, 0x00, 0x00, 0x00, 0x00, 0x00, 0x00, 0x00,
    0x00, 0x00, 0x00, 0x00, 0x00, 0x00, 0x00, 0x00, 0x00, 0x00, 0x00, 0x00, 0x00, 0x00, 0x00, 0x00,
    0x00, 0x00, 0x00, 0x00, 0x00, 0x00, 0x00, 0x00, 0x00, 0x00, 0x00, 0x00, 0x00, 0x00, 0x00, 0x00,
    0x00, 0x00, 0x00, 0x00, 0x00, 0x00, 0x00, 0x00, 0x00, 0x00, 0x00, 0x00, 0x00, 0x00, 0x00, 0x00,
    0x00, 0x00, 0x00, 0x00, 0x00, 0x00, 0x00, 0x00, 0x00, 0x00, 0x00, 0x00, 0x00, 0x00, 0x00, 0x00,
    0x00, 0x00, 0x00, 0x00, 0x00, 0x00, 0x00, 0x00, 0x00, 0x00, 0x00, 0x00, 0x00, 0x00, 0x00, 0x00,
    0x00, 0x00, 0x00, 0x00, 0x00, 0x00, 0x00, 0x00, 0x00, 0x00, 0x00, 0x00, 0x00, 0x00, 0x00, 0x00,
    0x00, 0x00, 0x00, 0x00, 0x00, 0x00, 0x00, 0x00, 0x00, 0x00, 0x00, 0x00, 0x00, 0x00, 0x00, 0x00,
    0x00, 0x00, 0x00, 0x00, 0x00, 0x00, 0x00, 0x00, 0x00, 0x00, 0x00, 0x00, 0x00, 0x00, 0x00, 0x00,
    0x00, 0x00, 0x00, 0x00, 0x00, 0x00, 0x00, 0x00, 0x00, 0x00, 0x00, 0x00, 0x00, 0x00, 0x00, 0x00,
    0x00, 0x00, 0x00, 0x00, 0x00, 0x00, 0x00, 0x00, 0x00, 0x00, 0x00, 0x00, 0x00, 0x00, 0x00, 0x00,
    0x00, 0x00, 0x00, 0x00, 0x00, 0x00, 0x00, 0x00, 0x00, 0x00, 0x00, 0x00, 0x00, 0x00, 0x00, 0x00,
    0x00, 0x00, 0x00, 0x00, 0x00, 0x00, 0x00, 0x00, 0x00, 0x00, 0x00, 0x00, 0x00, 0x00, 0x00, 0x00,
    0x00, 0x00, 0x00, 0x00, 0x00, 0x00, 0x00, 0x00, 0x00, 0x00, 0x00, 0x00, 0x00, 0x00, 0x00, 0x00,
    0x00, 0x00, 0x00, 0x00, 0x00, 0x00, 0x00, 0x00, 0x00, 0x00, 0x00, 0x00, 0x00, 0x00, 0x00, 0x00,
    0x00, 0x00, 0x00, 0x00, 0x00, 0x00, 0x00, 0x00, 0x00, 0x00, 0x00, 0x00, 0x00, 0x00, 0x00, 0x00,
    0x00, 0x00, 0x00, 0x00, 0x00, 0x00, 0x00, 0x00, 0x00, 0x00, 0x00, 0x00, 0x00, 0x00, 0x00, 0x00,
    0x00, 0x00, 0x00, 0x00, 0x00, 0x00, 0x00, 0x00, 0x00, 0x00, 0x00, 0x00, 0x00, 0x00, 0x00, 0x00,
    0x00, 0x00, 0x00, 0x00, 0x00, 0x00, 0x00, 0x00, 0x00, 0x00, 0x00, 0x00, 0x00, 0x00, 0x00, 0x00,
    0x00, 0x00, 0x00, 0x00, 0x00, 0x00, 0x00, 0x00, 0x00, 0x00, 0x00, 0x00, 0x00, 0x00, 0x00, 0x00,
    0x00, 0x00, 0x00, 0x00, 0x00, 0x00, 0x00, 0x00, 0x00, 0x00, 0x00, 0x00, 0x00, 0x00, 0x00, 0x00,
    0x00, 0x00, 0x00, 0x00, 0x00, 0x00, 0x00, 0x00, 0x00, 0x00, 0x00, 0x00, 0x00, 0x00, 0x00, 0x00,
    0x00, 0x00, 0x00, 0x00, 0x00, 0x00, 0x00, 0x00, 0x00, 0x00, 0x00, 0x00, 0x00, 0x00, 0x00, 0x00,
    0x00, 0x00, 0x00, 0x00, 0x00, 0x00, 0x00, 0x00, 0x00, 0x00, 0x00, 0x00, 0x00, 0x00, 0x00, 0x00,
    0x00, 0x00, 0x00, 0x00, 0x00, 0x00, 0x00, 0x00, 0x00, 0x00, 0x00, 0x00, 0x00, 0x00, 0x00, 0x00,
    0x00, 0x00, 0x00, 0x00, 0x00, 0x00, 0x00, 0x00, 0x00, 0x00, 0x00, 0x00, 0x00, 0x00, 0x00, 0x00,
    0x00, 0x00, 0x00, 0x00, 0x00, 0x00, 0x00, 0x00, 0x00, 0x00, 0x00, 0x00, 0x00, 0x00, 0x00, 0x00,
    0x00, 0x00, 0x00, 0x00, 0x00, 0x00, 0x00, 0x00, 0x00, 0x00, 0x00, 0x00, 0x00, 0x00, 0x00, 0x00,
    0x00, 0x00, 0x00, 0x00, 0x00, 0x00, 0x00, 0x00, 0x00, 0x00, 0x00, 0x00, 0x00, 0x00, 0x00, 0x00,
    0x00, 0x00, 0x00, 0x00, 0x00, 0x00, 0x00, 0x00, 0x00, 0x00, 0x00, 0x00, 0x00, 0x00, 0x00, 0x00,
    0x00, 0x00, 0x00, 0x00, 0x00, 0x00, 0x00, 0x00, 0x00, 0x00, 0x00, 0x00, 0x00, 0x00, 0x00, 0x00,
    0x00, 0x00, 0x00, 0x00, 0x00, 0x00, 0x00, 0x00, 0x00, 0x00, 0x00, 0x00, 0x00, 0x00, 0x00, 0x00,
    0x00, 0x00, 0x00, 0x00, 0x00, 0x00, 0x00, 0x00, 0x00, 0x00, 0x00, 0x00, 0x00, 0x00, 0x00, 0x00,
    0x00, 0x00, 0x00, 0x00, 0x00, 0x00, 0x00, 0x00, 0x00, 0x00, 0x00, 0x00, 0x00, 0x00, 0x00, 0x00,
    0x00, 0x00, 0x00, 0x00, 0x00, 0x00, 0x00, 0x00, 0x00, 0x00, 0x00, 0x00, 0xFF, 0x00, 0x00, 0x01,
    0xFF, 0x00, 0x00, 0x01, 0xFF, 0x8D, 0x00, 0x09, 0xFA, 0x8B, 0x11, 0x73, 0xFF, 0x88, 0x11, 0x0F,
    0xFF, 0xFF, 0x00, 0x01, 0xFF, 0x00, 0x00, 0x01, 0x00, 0x00, 0x00, 0x00, 0x00, 0x00, 0x00, 0x00,
    0x00, 0x00, 0x00, 0x00, 0x00, 0x00, 0x00, 0x00, 0x00, 0x00, 0x00, 0x00, 0x00, 0x00, 0x00, 0x00,
    0x00, 0x00, 0x00, 0x00, 0x00, 0x00, 0x00, 0x00, 0x00, 0x00, 0x00, 0x00, 0x00, 0x00, 0x00, 0x00,
    0x00, 0x00, 0x00, 0x00, 0x00, 0x00, 0x00, 0x00, 0x00, 0x00, 0x00, 0x00, 0x00, 0x00, 0x00, 0x00,
    0x00, 0x00, 0x00, 0x00, 0x00, 0x00, 0x00, 0x00, 0x00, 0x00, 0x00, 0x00, 0x00, 0x00, 0x00, 0x00,
    0x00, 0x00, 0x00, 0x00, 0x00, 0x00, 0x00, 0x00, 0x00, 0x00, 0x00, 0x00, 0x00, 0x00, 0x00, 0x00,
    0x00, 0x00, 0x00, 0x00, 0x00, 0x00, 0x00, 0x00, 0x00, 0x00, 0x00, 0x00, 0x00, 0x00, 0x00, 0x00,
    0x00, 0x00, 0x00, 0x00, 0x00, 0x00, 0x00, 0x00, 0x00, 0x00, 0x00, 0x00, 0x00, 0x00, 0x00, 0x00,
    0x00, 0x00, 0x00, 0x00, 0x00, 0x00, 0x00, 0x00, 0x00, 0x00, 0x00, 0x00, 0x00, 0x00, 0x00, 0x00,
    0x00, 0x00, 0x00, 0x00, 0x00, 0x00, 0x00, 0x00, 0x00, 0x00, 0x00, 0x00, 0x00, 0x00, 0x00, 0x00,
    0x00, 0x00, 0x00, 0x00, 0x00, 0x00, 0x00, 0x00, 0x00, 0x00, 0x00, 0x00, 0x00, 0x00, 0x00, 0x00,
    0x00, 0x00, 0x00, 0x00, 0x00, 0x00, 0x00, 0x00, 0x00, 0x00, 0x00, 0x00, 0x00, 0x00, 0x00, 0x00,
    0x00, 0x00, 0x00, 0x00, 0x00, 0x00, 0x00, 0x00, 0x00, 0x00, 0x00, 0x00, 0x00, 0x00, 0x00, 0x00,
    0x00, 0x00, 0x00, 0x00, 0x00, 0x00, 0x00, 0x00, 0x00, 0x00, 0x00, 0x00, 0x00, 0x00, 0x00, 0x00,
    0x00, 0x00, 0x00, 0x00, 0x00, 0x00, 0x00, 0x00, 0x00, 0x00, 0x00, 0x00, 0x00, 0x00, 0x00, 0x00,
    0x00, 0x00, 0x00, 0x00, 0x00, 0x00, 0x00, 0x00, 0x00, 0x00, 0x00, 0x00, 0x00, 0x00, 0x00, 0x00,
    0x00, 0x00, 0x00, 0x00, 0x00, 0x00, 0x00, 0x00, 0x00, 0x00, 0x00, 0x00, 0x00, 0x00, 0x00, 0x00,
    0x00, 0x00, 0x00, 0x00, 0x00, 0x00, 0x00, 0x00, 0x00, 0x00, 0x00, 0x00, 0x00, 0x00, 0x00, 0x00,
    0x00, 0x00, 0x00, 0x00, 0x00, 0x00, 0x00, 0x00, 0x00, 0x00, 0x00, 0x00, 0x00, 0x00, 0x00, 0x00,
    0x00, 0x00, 0x00, 0x00, 0x00, 0x00, 0x00, 0x00, 0x00, 0x00, 0x00, 0x00, 0x00, 0x00, 0x00, 0x00,
    0x00, 0x00, 0x00, 0x00, 0x00, 0x00, 0x00, 0x00, 0x00, 0x00, 0x00, 0x00, 0x00, 0x00, 0x00, 0x00,
    0x00, 0x00, 0x00, 0x00, 0x00, 0x00, 0x00, 0x00, 0x00, 0x00, 0x00, 0x00, 0x00, 0x00, 0x00, 0x00,
    0x00, 0x00, 0x00, 0x00, 0x00, 0x00, 0x00, 0x00, 0x00, 0x00, 0x00, 0x00, 0x00, 0x00, 0x00, 0x00,
    0x00, 0x00, 0x00, 0x00, 0x00, 0x00, 0x00, 0x00, 0x00, 0x00, 0x00, 0x00, 0x00, 0x00, 0x00, 0x00,
    0xFF, 0xFF, 0xFF, 0x02, 0xBF, 0xBF, 0xBF, 0x04, 0xFF, 0xFF, 0xFF, 0x04, 0x7F, 0x7F, 0x7F, 0x04,
    0x00, 0x00, 0x00, 0x04, 0x3F, 0x3F, 0x3F, 0x04, 0x3F, 0x3F, 0x3F, 0x04, 0x55, 0x55, 0x55, 0x03,
    0x00, 0x00, 0x00, 0x01, 0x00, 0x00, 0x00, 0x00, 0x00, 0x00, 0x00, 0x00, 0x00, 0x00, 0x00, 0x00,
    0x00, 0x00, 0x00, 0x00, 0x00, 0x00, 0x00, 0x00, 0x00, 0x00, 0x00, 0x00, 0x00, 0x00, 0x00, 0x00,
    0x00, 0x00, 0x00, 0x00, 0x00, 0x00, 0x00, 0x00, 0x7F, 0x7F, 0x7F, 0x02, 0x55, 0x55, 0x55, 0x03,
    0x3F, 0x3F, 0x3F, 0x04, 0x3F, 0x3F, 0x3F, 0x04, 0x3F, 0x3F, 0x3F, 0x04, 0x55, 0x55, 0x55, 0x03,
    0x7F, 0x7F, 0x00, 0x02, 0x00, 0x00, 0x00, 0x00, 0x00, 0x00, 0x00, 0x00, 0x00, 0x00, 0x00, 0x00,
    0x00, 0x00, 0x00, 0x00, 0x00, 0x00, 0x00, 0x00, 0x00, 0x00, 0x00, 0x00, 0x00, 0x00, 0x00, 0x00,
    0x00, 0x00, 0x00, 0x00, 0x00, 0x00, 0x00, 0x00, 0x00, 0x00, 0x00, 0x00, 0x00, 0x00, 0x00, 0x00,
    0x00, 0x00, 0x00, 0x00, 0x00, 0x00, 0x00, 0x00, 0x00, 0x00, 0x00, 0x00, 0x00, 0x00, 0x00, 0x00,
    0x00, 0x00, 0x00, 0x00, 0x00, 0x00, 0x00, 0x00, 0x00, 0x00, 0x00, 0x00, 0x00, 0x00, 0x00, 0x00,
    0x00, 0x00, 0x00, 0x00, 0x00, 0x00, 0x00, 0x00, 0x00, 0x00, 0x00, 0x00, 0x00, 0x00, 0x00, 0x00,
    0x00, 0x00, 0x00, 0x00, 0x00, 0x00, 0x00, 0x00, 0x00, 0x00, 0x00, 0x00, 0x00, 0x00, 0x00, 0x00,
    0x00, 0x00, 0x00, 0x00, 0x00, 0x00, 0x00, 0x00, 0x00, 0x00, 0x00, 0x00, 0x00, 0x00, 0x00, 0x00,
    0x00, 0x00, 0x00, 0x00, 0x00, 0x00, 0x00, 0x00, 0x00, 0x00, 0x00, 0x00, 0x00, 0x00, 0x00, 0x00,
    0x00, 0x00, 0x00, 0x00, 0x00, 0x00, 0x00, 0x00, 0x00, 0x00, 0x00, 0x00, 0x00, 0x00, 0x00, 0x00,
    0x00, 0x00, 0x00, 0x00, 0x00, 0x00, 0x00, 0x00, 0x00, 0x00, 0x00, 0x00, 0x00, 0x00, 0x00, 0x00,
    0x00, 0x00, 0x00, 0x00, 0x00, 0x00, 0x00, 0x00, 0x00, 0x00, 0x00, 0x00, 0x00, 0x00, 0x00, 0x00,
    0x00, 0x00, 0x00, 0x00, 0x00, 0x00, 0x00, 0x00, 0x00, 0x00, 0x00, 0x00, 0x00, 0x00, 0x00, 0x00,
    0x00, 0x00, 0x00, 0x00, 0x00, 0x00, 0x00, 0x00, 0x00, 0x00, 0x00, 0x00, 0x00, 0x00, 0x00, 0x00,
    0x00, 0x00, 0x00, 0x00, 0x00, 0x00, 0x00, 0x00, 0x00, 0x00, 0x00, 0x00, 0x00, 0x00, 0x00, 0x00,
    0x00, 0x00, 0x00, 0x00, 0x00, 0x00, 0x00, 0x00, 0x00, 0x00, 0x00, 0x00, 0x00, 0x00, 0x00, 0x00,
    0x00, 0x00, 0x00, 0x00, 0x00, 0x00, 0x00, 0x00, 0x00, 0x00, 0x00, 0x00, 0x00, 0x00, 0x00, 0x00,
    0x00, 0x00, 0x00, 0x00, 0x00, 0x00, 0x00, 0x00, 0x00, 0x00, 0x00, 0x00, 0x00, 0x00, 0x00, 0x00,
    0x00, 0x00, 0x00, 0x00, 0x00, 0x00, 0x00, 0x00, 0x00, 0x00, 0x00, 0x00, 0x00, 0x00, 0x00, 0x00,
    0x00, 0x00, 0x00, 0x00, 0x00, 0x00, 0x00, 0x00, 0x00, 0x00, 0x00, 0x00, 0x00, 0x00, 0x00, 0x00,
    0x00, 0x00, 0x00, 0x00, 0x00, 0x00, 0x00, 0x00, 0x00, 0x00, 0x00, 0x00, 0x00, 0x00, 0x00, 0x00,
    0x00, 0x00, 0x00, 0x00, 0x00, 0x00, 0x00, 0x00, 0x00, 0x00, 0x00, 0x00, 0x00, 0x00, 0x00, 0x00,
    0x00, 0x00, 0x00, 0x00, 0x00, 0x00, 0x00, 0x00, 0x00, 0x00, 0x00, 0x00, 0x00, 0x00, 0x00, 0x00,
    0x00, 0x00, 0x00, 0x00, 0x00, 0x00, 0x00, 0x00, 0x00, 0x00, 0x00, 0x00, 0x00, 0x00, 0x00, 0x00,
    0x00, 0x00, 0x00, 0x00, 0x00, 0x00, 0x00, 0x00, 0x00, 0x00, 0x00, 0x00, 0x00, 0x00, 0x00, 0x00,
    0x00, 0x00, 0x00, 0x00, 0x00, 0x00, 0x00, 0x00, 0x00, 0x00, 0x00, 0x00, 0x00, 0x00, 0x00, 0x00,
    0x00, 0x00, 0x00, 0x00, 0x00, 0x00, 0x00, 0x00, 0x00, 0x00, 0x00, 0x00, 0x00, 0x00, 0x00, 0x00,
    0x00, 0x00, 0x00, 0x00, 0x00, 0x00, 0x00, 0x00, 0x00, 0x00, 0x00, 0x00, 0x00, 0x00, 0x00, 0x00,
    0x00, 0x00, 0x00, 0x00, 0x00, 0x00, 0x00, 0x00, 0x00, 0x00, 0x00, 0x00, 0xFF, 0x7F, 0x00, 0x02,
    0x00, 0x00, 0x00, 0x00, 0xFB, 0x8C, 0x11, 0x47, 0xFB, 0x8B, 0x13, 0x40, 0x00, 0x00, 0x00, 0x00,
    0xFF, 0x7F, 0x00, 0x02, 0x00, 0x00, 0x00, 0x00, 0x00, 0x00, 0x00, 0x00, 0x00, 0x00, 0x00, 0x00,
    0x00, 0x00, 0x00, 0x00, 0x00, 0x00, 0x00, 0x00, 0x00, 0x00, 0x00, 0x00, 0x00, 0x00, 0x00, 0x00,
    0x00, 0x00, 0x00, 0x00, 0x00, 0x00, 0x00, 0x00, 0x00, 0x00, 0x00, 0x00, 0x00, 0x00, 0x00, 0x00,
    0x00, 0x00, 0x00, 0x00, 0x00, 0x00, 0x00, 0x00, 0x00, 0x00, 0x00, 0x00, 0x00, 0x00, 0x00, 0x00,
    0x00, 0x00, 0x00, 0x00, 0x00, 0x00, 0x00, 0x00, 0x00, 0x00, 0x00, 0x00, 0x00, 0x00, 0x00, 0x00,
    0x00, 0x00, 0x00, 0x00, 0x00, 0x00, 0x00, 0x00, 0x00, 0x00, 0x00, 0x00, 0x00, 0x00, 0x00, 0x00,
    0x00, 0x00, 0x00, 0x00, 0x00, 0x00, 0x00, 0x00, 0x00, 0x00, 0x00, 0x00, 0x00, 0x00, 0x00, 0x00,
    0x00, 0x00, 0x00, 0x00, 0x00, 0x00, 0x00, 0x00, 0x00, 0x00, 0x00, 0x00, 0x00, 0x00, 0x00, 0x00,
    0x00, 0x00, 0x00, 0x00, 0x00, 0x00, 0x00, 0x00, 0x00, 0x00, 0x00, 0x00, 0x00, 0x00, 0x00, 0x00,
    0x00, 0x00, 0x00, 0x00, 0x00, 0x00, 0x00, 0x00, 0x00, 0x00, 0x00, 0x00, 0x00, 0x00, 0x00, 0x00,
    0x00, 0x00, 0x00, 0x00, 0x00, 0x00, 0x00, 0x00, 0x00, 0x00, 0x00, 0x00, 0x00, 0x00, 0x00, 0x00,
    0x00, 0x00, 0x00, 0x00, 0x00, 0x00, 0x00, 0x00, 0x00, 0x00, 0x00, 0x00, 0x00, 0x00, 0x00, 0x00,
    0x00, 0x00, 0x00, 0x00, 0x00, 0x00, 0x00, 0x00, 0x00, 0x00, 0x00, 0x00, 0x00, 0x00, 0x00, 0x00,
    0x00, 0x00, 0x00, 0x00, 0x00, 0x00, 0x00, 0x00, 0x00, 0x00, 0x00, 0x00, 0x00, 0x00, 0x00, 0x00,
    0x00, 0x00, 0x00, 0x00, 0x00, 0x00, 0x00, 0x00, 0x00, 0x00, 0x00, 0x00, 0x00, 0x00, 0x00, 0x00,
    0x00, 0x00, 0x00, 0x00, 0x00, 0x00, 0x00, 0x00, 0x00, 0x00, 0x00, 0x00, 0x00, 0x00, 0x00, 0x00,
    0x00, 0x00, 0x00, 0x00, 0x00, 0x00, 0x00, 0x00, 0x00, 0x00, 0x00, 0x00, 0x00, 0x00, 0x00, 0x00,
    0x00, 0x00, 0x00, 0x00, 0x00, 0x00, 0x00, 0x00, 0x00, 0x00, 0x00, 0x00, 0x00, 0x00, 0x00, 0x00,
    0x00, 0x00, 0x00, 0x00, 0x00, 0x00, 0x00, 0x00, 0x00, 0x00, 0x00, 0x00, 0x00, 0x00, 0x00, 0x00,
    0x00, 0x00, 0x00, 0x00, 0x00, 0x00, 0x00, 0x00, 0x00, 0x00, 0x00, 0x00, 0x00, 0x00, 0x00, 0x00,
    0x00, 0x00, 0x00, 0x00, 0x00, 0x00, 0x00, 0x00, 0x00, 0x00, 0x00, 0x00, 0x00, 0x00, 0x00, 0x00,
    0x00, 0x00, 0x00, 0x00, 0x00, 0x00, 0x00, 0x00, 0x00, 0x00, 0x00, 0x00, 0x00, 0x00, 0x00, 0x00,
    0x00, 0x00, 0x00, 0x00, 0x00, 0x00, 0x00, 0x00, 0x00, 0x00, 0x00, 0x00, 0x00, 0x00, 0x00, 0x00,
    0x00, 0x00, 0x00, 0x00, 0x00, 0x00, 0x00, 0x00, 0xFF, 0xFF, 0xFF, 0x01, 0xFF, 0xFF, 0xFF, 0x03,
    0x00, 0x00, 0x00, 0x00, 0x00, 0x00, 0x00, 0x00, 0x00, 0x00, 0x00, 0x00, 0x00, 0x00, 0x00, 0x00,
    0x00, 0x00, 0x00, 0x00, 0x00, 0x00, 0x00, 0x00, 0x00, 0x00, 0x00, 0x00, 0x00, 0x00, 0x00, 0x00,
    0x00, 0x00, 0x00, 0x00, 0xAA, 0xAA, 0xAA, 0x03, 0x00, 0x00, 0x00, 0x00, 0x00, 0x00, 0x00, 0x00,
    0x00, 0x00, 0x00, 0x00, 0x00, 0x00, 0x00, 0x00, 0x00, 0x00, 0x00, 0x00, 0x00, 0x00, 0x00, 0x00,
    0x7F, 0x7F, 0x7F, 0x02, 0x00, 0x7F, 0x7F, 0x02, 0x00, 0x00, 0x00, 0x00, 0x00, 0x00, 0x00, 0x00,
    0x00, 0x00, 0x00, 0x00, 0x00, 0x00, 0x00, 0x00, 0x00, 0x00, 0x00, 0x00, 0x00, 0x00, 0x00, 0x00,
    0x00, 0x00, 0x00, 0x00, 0x55, 0x55, 0x55, 0x03, 0x00, 0x00, 0x00, 0x01, 0x00, 0x00, 0x00, 0x00,
    0x00, 0x00, 0x00, 0x00, 0x00, 0x00, 0x00, 0x00, 0x00, 0x00, 0x00, 0x00, 0x00, 0x00, 0x00, 0x00,
    0x00, 0x00, 0x00, 0x00, 0x00, 0x00, 0x00, 0x00, 0xFF, 0x7F, 0x00, 0x02, 0xFF, 0x7F, 0x00, 0x02,
    0xFF, 0xFF, 0x00, 0x01, 0x00, 0x00, 0x00, 0x00, 0xFF, 0x7F, 0x00, 0x02, 0xFF, 0x7F, 0x00, 0x02,
    0xFF, 0x7F, 0x00, 0x02, 0x00, 0x00, 0x00, 0x00, 0x00, 0x00, 0x00, 0x00, 0x00, 0x00, 0x00, 0x00,
    0x00, 0x00, 0x00, 0x00, 0x00, 0x00, 0x00, 0x00, 0x00, 0x00, 0x00, 0x00, 0x00, 0x00, 0x00, 0x00,
    0x00, 0x00, 0x00, 0x00, 0x00, 0x00, 0x00, 0x00, 0x00, 0x00, 0x00, 0x00, 0x00, 0x00, 0x00, 0x00,
    0x00, 0x00, 0x00, 0x00, 0x00, 0x00, 0x00, 0x00, 0x00, 0x00, 0x00, 0x00, 0x00, 0x00, 0x00, 0x00,
    0x00, 0x00, 0x00, 0x00, 0x00, 0x00, 0x00, 0x00, 0x00, 0x00, 0x00, 0x00, 0x00, 0x00, 0x00, 0x00,
    0x00, 0x00, 0x00, 0x00, 0x00, 0x00, 0x00, 0x00, 0x00, 0x00, 0x00, 0x00, 0x00, 0x00, 0x00, 0x00,
    0x00, 0x00, 0x00, 0x00, 0x00, 0x00, 0x00, 0x00, 0x00, 0x00, 0x00, 0x00, 0x00, 0x00, 0x00, 0x00,
    0x00, 0x00, 0x00, 0x00, 0x00, 0x00, 0x00, 0x00, 0x00, 0x00, 0x00, 0x00, 0x00, 0x00, 0x00, 0x00,
    0x00, 0x00, 0x00, 0x00, 0x00, 0x00, 0x00, 0x00, 0xFF, 0x00, 0x00, 0x01, 0xFF, 0xFF, 0x00, 0x01,
    0x00, 0x00, 0x00, 0x00, 0x00, 0x00, 0x00, 0x00, 0xFF, 0x00, 0x00, 0x01, 0xFF, 0x7F, 0x00, 0x02,
    0xFF, 0x7F, 0x00, 0x02, 0xFF, 0x7F, 0x00, 0x02, 0xFF, 0x7F, 0x00, 0x02, 0xFF, 0x7F, 0x00, 0x02,
    0xFF, 0x7F, 0x00, 0x02, 0xFF, 0x7F, 0x00, 0x02, 0x00, 0x00, 0x00, 0x00, 0x00, 0x00, 0x00, 0x00,
    0x00, 0x00, 0x00, 0x00, 0x00, 0x00, 0x00, 0x00, 0x00, 0x00, 0x00, 0x00, 0x00, 0x00, 0x00, 0x00,
    0x00, 0x00, 0x00, 0x00, 0x00, 0x00, 0x00, 0x00, 0x00, 0x00, 0x00, 0x00, 0x00, 0x00, 0x00, 0x00,
    0x00, 0x00, 0x00, 0x00, 0x00, 0x00, 0x00, 0x00, 0x00, 0x00, 0x00, 0x00, 0x00, 0x00, 0x00, 0x00,
    0x00, 0x00, 0x00, 0x00, 0x00, 0x00, 0x00, 0x00, 0x00, 0x00, 0x00, 0x00, 0x00, 0x00, 0x00, 0x00,
    0x00, 0x00, 0x00, 0x00, 0x00, 0x00, 0x00, 0x00, 0x00, 0x00, 0x00, 0x00, 0x00, 0x00, 0x00, 0x00,
    0x00, 0x00, 0x00, 0x00, 0x00, 0x00, 0x00, 0x00, 0x00, 0x00, 0x00, 0x00, 0x00, 0x00, 0x00, 0x00,
    0x00, 0x00, 0x00, 0x00, 0x00, 0x00, 0x00, 0x00, 0x00, 0x00, 0x00, 0x00, 0x00, 0x00, 0x00, 0x00,
    0x00, 0x00, 0x00, 0x00, 0x00, 0x00, 0x00, 0x00, 0x00, 0x00, 0x00, 0x00, 0x00, 0x00, 0x00, 0x00,
    0x00, 0x00, 0x00, 0x00, 0x00, 0x00, 0x00, 0x00, 0x00, 0x00, 0x00, 0x00, 0x00, 0x00, 0x00, 0x00,
    0x00, 0x00, 0x00, 0x00, 0x00, 0x00, 0x00, 0x00, 0x00, 0x00, 0x00, 0x00, 0x00, 0x00, 0x00, 0x00,
    0x00, 0x00, 0x00, 0x00, 0x00, 0x00, 0x00, 0x00, 0x00, 0x00, 0x00, 0x00, 0x00, 0x00, 0x00, 0x00,
    0x00, 0x00, 0x00, 0x00, 0x00, 0x00, 0x00, 0x00, 0x00, 0x00, 0x00, 0x00, 0x00, 0x00, 0x00, 0x00,
    0x00, 0x00, 0x00, 0x00, 0x00, 0x00, 0x00, 0x00, 0x00, 0x00, 0x00, 0x01, 0x00, 0x00, 0x00, 0x00,
    0xFF, 0x88, 0x11, 0x0F, 0xF9, 0x8D, 0x12, 0x55, 0xFF, 0xAA, 0x00, 0x03, 0xFF, 0xFF, 0x00, 0x01,
    0x00, 0x00, 0x00, 0x00, 0x00, 0x00, 0x00, 0x00, 0x00, 0x00, 0x00, 0x00, 0x00, 0x00, 0x00, 0x00,
    0x00, 0x00, 0x00, 0x00, 0x00, 0x00, 0x00, 0x00, 0x00, 0x00, 0x00, 0x00, 0x00, 0x00, 0x00, 0x00,
    0x00, 0x00, 0x00, 0x00, 0x00, 0x00, 0x00, 0x00, 0x00, 0x00, 0x00, 0x00, 0x00, 0x00, 0x00, 0x00,
    0x00, 0x00, 0x00, 0x00, 0x00, 0x00, 0x00, 0x00, 0x00, 0x00, 0x00, 0x00, 0x00, 0x00, 0x00, 0x00,
    0x00, 0x00, 0x00, 0x00, 0x00, 0x00, 0x00, 0x00, 0x00, 0x00, 0x00, 0x00, 0x00, 0x00, 0x00, 0x00,
    0x00, 0x00, 0x00, 0x00, 0x00, 0x00, 0x00, 0x00, 0x00, 0x00, 0x00, 0x00, 0x00, 0x00, 0x00, 0x00,
    0x00, 0x00, 0x00, 0x00, 0x00, 0x00, 0x00, 0x00, 0x00, 0x00, 0x00, 0x00, 0x00, 0x00, 0x00, 0x00,
    0x00, 0x00, 0x00, 0x00, 0x00, 0x00, 0x00, 0x00, 0x00, 0x00, 0x00, 0x00, 0x00, 0x00, 0x00, 0x00,
    0x00, 0x00, 0x00, 0x00, 0x00, 0x00, 0x00, 0x00, 0x00, 0x00, 0x00, 0x00, 0x00, 0x00, 0x00, 0x00,
    0x00, 0x00, 0x00, 0x00, 0x00, 0x00, 0x00, 0x00, 0x00, 0x00, 0x00, 0x00, 0x00, 0x00, 0x00, 0x00,
    0x00, 0x00, 0x00, 0x00, 0x00, 0x00, 0x00, 0x00, 0x00, 0x00, 0x00, 0x00, 0x00, 0x00, 0x00, 0x00,
    0x00, 0x00, 0x00, 0x00, 0x00, 0x00, 0x00, 0x00, 0x00, 0x00, 0x00, 0x00, 0x00, 0x00, 0x00, 0x00,
    0x00, 0x00, 0x00, 0x00, 0x00, 0x00, 0x00, 0x00, 0x00, 0x00, 0x00, 0x00, 0x00, 0x00, 0x00, 0x00,
    0x00, 0x00, 0x00, 0x00, 0x00, 0x00, 0x00, 0x00, 0x00, 0x00, 0x00, 0x00, 0x00, 0x00, 0x00, 0x00,
    0x00, 0x00, 0x00, 0x00, 0x00, 0x00, 0x00, 0x00, 0x00, 0x00, 0x00, 0x00, 0x00, 0x00, 0x00, 0x00,
    0x00, 0x00, 0x00, 0x00, 0x00, 0x00, 0x00, 0x00, 0x00, 0x00, 0x00, 0x00, 0x00, 0x00, 0x00, 0x00,
    0x00, 0x00, 0x00, 0x00, 0x00, 0x00, 0x00, 0x00, 0x00, 0x00, 0x00, 0x00, 0x00, 0x00, 0x00, 0x00,
    0x00, 0x00, 0x00, 0x00, 0x00, 0x00, 0x00, 0x00, 0x00, 0x00, 0x00, 0x00, 0x00, 0x00, 0x00, 0x00,
    0x00, 0x00, 0x00, 0x00, 0x00, 0x00, 0x00, 0x00, 0x00, 0x00, 0x00, 0x00, 0x00, 0x00, 0x00, 0x00,
    0x00, 0x00, 0x00, 0x00, 0x00, 0x00, 0x00, 0x00, 0x00, 0x00, 0x00, 0x00, 0x00, 0x00, 0x00, 0x00,
    0x00, 0x00, 0x00, 0x00, 0x00, 0x00, 0x00, 0x00, 0x00, 0x00, 0x00, 0x00, 0x00, 0x00, 0x00, 0x00,
    0x00, 0x00, 0x00, 0x00, 0x00, 0x00, 0x00, 0x00, 0x00, 0x00, 0x00, 0x00, 0x00, 0x00, 0x00, 0x00,
    0x00, 0x00, 0x00, 0x00, 0x00, 0x00, 0x00, 0x00, 0x00, 0x00, 0x00, 0x00, 0x00, 0x00, 0x00, 0x00,
    0x00, 0x00, 0x00, 0x00, 0x7F, 0x7F, 0x7F, 0x02, 0x00, 0x00, 0x00, 0x00, 0x00, 0x00, 0x00, 0x00,
    0xF4, 0xF4, 0xF4, 0x2F, 0xEA, 0xEC, 0xEC, 0x6F, 0xFF, 0xFF, 0xFF, 0x7F, 0xD4, 0xD4, 0xD4, 0x7D,
    0x1A, 0x1C, 0x1C, 0x7E, 0x12, 0x14, 0x12, 0x7D, 0x2C, 0x2C, 0x2A, 0x7F, 0x25, 0x28, 0x28, 0x5F,
    0x51, 0x5C, 0x51, 0x16, 0x00, 0x00, 0x00, 0x00, 0x00, 0x00, 0x00, 0x02, 0x00, 0x00, 0x00, 0x00,
    0x00, 0x00, 0x00, 0x00, 0x00, 0x00, 0x00, 0x00, 0x00, 0x00, 0x00, 0x00, 0x55, 0x55, 0x55, 0x03,
    0x00, 0x00, 0x00, 0x00, 0x00, 0x00, 0x00, 0x00, 0x9F, 0xB2, 0xB2, 0x28, 0x5F, 0x66, 0x61, 0x66,
    0x45, 0x4D, 0x48, 0x90, 0x4B, 0x4E, 0x4A, 0x9B, 0x44, 0x42, 0x39, 0x8A, 0x4F, 0x49, 0x33, 0x5A,
    0x84, 0x7A, 0x38, 0x1B, 0x00, 0x00, 0x00, 0x00, 0x00, 0x00, 0x00, 0x00, 0x7F, 0x7F, 0x00, 0x02,
    0x00, 0x00, 0x00, 0x00, 0x00, 0x00, 0x00, 0x00, 0x00, 0x00, 0x00, 0x00, 0x00, 0x00, 0x00, 0x00,
    0x00, 0x00, 0x00, 0x00, 0x00, 0x00, 0x00, 0x00, 0x00, 0x00, 0x00, 0x00, 0x00, 0x00, 0x00, 0x00,
    0x00, 0x00, 0x00, 0x00, 0xFF, 0xAA, 0x00, 0x03, 0x00, 0x00, 0x00, 0x00, 0x00, 0x00, 0x00, 0x00,
    0x00, 0x00, 0x00, 0x00, 0x00, 0x00, 0x00, 0x00, 0x00, 0x00, 0x00, 0x00, 0x00, 0x00, 0x00, 0x00,
    0x00, 0x00, 0x00, 0x00, 0x00, 0x00, 0x00, 0x00, 0x00, 0x00, 0x00, 0x00, 0x00, 0x00, 0x00, 0x00,
    0x00, 0x00, 0x00, 0x00, 0x00, 0x00, 0x00, 0x00, 0x00, 0x00, 0x00, 0x00, 0x00, 0x00, 0x00, 0x00,
    0x00, 0x00, 0x00, 0x00, 0x00, 0x00, 0x00, 0x00, 0x00, 0x00, 0x00, 0x00, 0x00, 0x00, 0x00, 0x00,
    0x00, 0x00, 0x00, 0x00, 0x00, 0x00, 0x00, 0x00, 0x00, 0x00, 0x00, 0x00, 0x00, 0x00, 0x00, 0x00,
    0x00, 0x00, 0x00, 0x00, 0x00, 0x00, 0x00, 0x00, 0x00, 0x00, 0x00, 0x00, 0x00, 0x00, 0x00, 0x00,
    0x00, 0x00, 0x00, 0x00, 0x00, 0x00, 0x00, 0x00, 0x00, 0x00, 0x00, 0x00, 0x00, 0x00, 0x00, 0x00,
    0x00, 0x00, 0x00, 0x00, 0x00, 0x00, 0x00, 0x00, 0x00, 0x00, 0x00, 0x00, 0x00, 0x00, 0x00, 0x00,
    0x00, 0x00, 0x00, 0x00, 0x00, 0x00, 0x00, 0x00, 0x00, 0x00, 0x00, 0x00, 0x00, 0x00, 0x00, 0x00,
    0x00, 0x00, 0x00, 0x00, 0xFF, 0x7F, 0x00, 0x02, 0x00, 0x00, 0x00, 0x00, 0x00, 0x00, 0x00, 0x00,
    0x00, 0x00, 0x00, 0x00, 0x00, 0x00, 0x00, 0x00, 0x00, 0x00, 0x00, 0x00, 0x00, 0x00, 0x00, 0x00,
    0x00, 0x00, 0x00, 0x00, 0x00, 0x00, 0x00, 0x00, 0x00, 0x00, 0x00, 0x00, 0x00, 0x00, 0x00, 0x00,
    0x00, 0x00, 0x00, 0x00, 0x00, 0x00, 0x00, 0x00, 0x00, 0x00, 0x00, 0x00, 0x00, 0x00, 0x00, 0x00,
    0x00, 0x00, 0x00, 0x00, 0x00, 0x00, 0x00, 0x00, 0x00, 0x00, 0x00, 0x00, 0x00, 0x00, 0x00, 0x00,
    0x00, 0x00, 0x00, 0x00, 0x00, 0x00, 0x00, 0x00, 0x00, 0x00, 0x00, 0x00, 0x00, 0x00, 0x00, 0x00,
    0x00, 0x00, 0x00, 0x00, 0x00, 0x00, 0x00, 0x00, 0x00, 0x00, 0x00, 0x00, 0x00, 0x00, 0x00, 0x00,
    0x00, 0x00, 0x00, 0x00, 0x00, 0x00, 0x00, 0x01, 0x00, 0x00, 0x00, 0x03, 0x00, 0x00, 0x00, 0x02,
    0x00, 0x00, 0x00, 0x02, 0x00, 0x00, 0x00, 0x03, 0x00, 0x00, 0x00, 0x01, 0x00, 0x00, 0x00, 0x00,
    0x00, 0x00, 0x00, 0x00, 0x00, 0x00, 0x00, 0x00, 0x00, 0x00, 0x00, 0x00, 0x00, 0x00, 0x00, 0x00,
    0x00, 0x00, 0x00, 0x00, 0x00, 0x00, 0x00, 0x00, 0x00, 0x00, 0x00, 0x00, 0x00, 0x00, 0x00, 0x00,
    0x00, 0x00, 0x00, 0x00, 0x00, 0x00, 0x00, 0x00, 0x00, 0x00, 0x00, 0x00, 0x00, 0x00, 0x00, 0x00,
    0x00, 0x00, 0x00, 0x00, 0x00, 0x00, 0x00, 0x00, 0x00, 0x00, 0x00, 0x00, 0x00, 0x00, 0x00, 0x00,
    0x00, 0x00, 0x00, 0x00, 0x00, 0x00, 0x00, 0x00, 0x00, 0x00, 0x00, 0x02, 0x00, 0x00, 0x00, 0x03,
    0x00, 0x00, 0x00, 0x02, 0x00, 0x00, 0x00, 0x03, 0x00, 0x00, 0x00, 0x02, 0x00, 0x00, 0x00, 0x00,
    0x00, 0x00, 0x00, 0x00, 0x00, 0x00, 0x00, 0x00, 0xFF, 0x00, 0x00, 0x01, 0x00, 0x00, 0x00, 0x00,
    0xFF, 0x8A, 0x15, 0x30, 0xFF, 0x89, 0x13, 0x1A, 0x00, 0x00, 0x00, 0x00, 0xFF, 0x00, 0x00, 0x01,
    0x00, 0x00, 0x00, 0x00, 0x00, 0x00, 0x00, 0x00, 0x00, 0x00, 0x00, 0x00, 0x00, 0x00, 0x00, 0x00,
    0x00, 0x00, 0x00, 0x00, 0x00, 0x00, 0x00, 0x00, 0x00, 0x00, 0x00, 0x00, 0x00, 0x00, 0x00, 0x00,
    0x00, 0x00, 0x00, 0x00, 0x00, 0x00, 0x00, 0x00, 0x00, 0x00, 0x00, 0x00, 0x00, 0x00, 0x00, 0x00,
    0x00, 0x00, 0x00, 0x00, 0x00, 0x00, 0x00, 0x01, 0x00, 0x00, 0x00, 0x03, 0x00, 0x00, 0x00, 0x02,
    0x00, 0x00, 0x00, 0x02, 0x00, 0x00, 0x00, 0x03, 0x00, 0x00, 0x00, 0x01, 0x00, 0x00, 0x00, 0x00,
    0x00, 0x00, 0x00, 0x00, 0x00, 0x00, 0x00, 0x00, 0x00, 0x00, 0x00, 0x00, 0x00, 0x00, 0x00, 0x00,
    0x00, 0x00, 0x00, 0x00, 0x00, 0x00, 0x00, 0x00, 0x00, 0x00, 0x00, 0x00, 0x00, 0x00, 0x00, 0x00,
    0x00, 0x00, 0x00, 0x00, 0x00, 0x00, 0x00, 0x00, 0x00, 0x00, 0x00, 0x00, 0x00, 0x00, 0x00, 0x00,
    0x00, 0x00, 0x00, 0x00, 0x00, 0x00, 0x00, 0x00, 0x00, 0x00, 0x00, 0x00, 0x00, 0x00, 0x00, 0x00,
    0x00, 0x00, 0x00, 0x00, 0x00, 0x00, 0x00, 0x00, 0x00, 0x00, 0x00, 0x00, 0x00, 0x00, 0x00, 0x00,
    0x00, 0x00, 0x00, 0x00, 0x00, 0x00, 0x00, 0x00, 0x00, 0x00, 0x00, 0x00, 0x00, 0x00, 0x00, 0x00,
    0x00, 0x00, 0x00, 0x00, 0x00, 0x00, 0x00, 0x00, 0x00, 0x00, 0x00, 0x00, 0x00, 0x00, 0x00, 0x00,
    0x00, 0x00, 0x00, 0x00, 0x00, 0x00, 0x00, 0x02, 0x00, 0x00, 0x00, 0x03, 0x00, 0x00, 0x00, 0x02,
    0x00, 0x00, 0x00, 0x02, 0x00, 0x00, 0x00, 0x03, 0x00, 0x00, 0x00, 0x01, 0x00, 0x00, 0x00, 0x00,
    0x00, 0x00, 0x00, 0x00, 0x00, 0x00, 0x00, 0x00, 0x00, 0x00, 0x00, 0x00, 0x00, 0x00, 0x00, 0x00,
    0x00, 0x00, 0x00, 0x00, 0x00, 0x00, 0x00, 0x00, 0x00, 0x00, 0x00, 0x00, 0x00, 0x00, 0x00, 0x00,
    0x00, 0x00, 0x00, 0x00, 0x00, 0x00, 0x00, 0x00, 0x00, 0x00, 0x00, 0x00, 0x00, 0x00, 0x00, 0x00,
    0x00, 0x00, 0x00, 0x00, 0x00, 0x00, 0x00, 0x00, 0x00, 0x00, 0x00, 0x00, 0x00, 0x00, 0x00, 0x00,
    0x00, 0x00, 0x00, 0x00, 0x00, 0x00, 0x00, 0x00, 0x00, 0x00, 0x00, 0x00, 0x00, 0x00, 0x00, 0x00,
    0x00, 0x00, 0x00, 0x00, 0x00, 0x00, 0x00, 0x01, 0x00, 0x00, 0x00, 0x04, 0x00, 0x00, 0x00, 0x03,
    0x00, 0x00, 0x00, 0x00, 0x00, 0x00, 0x00, 0x00, 0x00, 0x00, 0x00, 0x00, 0x00, 0x00, 0x00, 0x00,
    0x00, 0x00, 0x00, 0x00, 0x00, 0x00, 0x00, 0x00, 0x00, 0x00, 0x00, 0x02, 0x00, 0x00, 0x00, 0x04,
    0x00, 0x00, 0x00, 0x01, 0x00, 0x00, 0x00, 0x00, 0x00, 0x00, 0x00, 0x00, 0x00, 0x00, 0x00, 0x00,
    0x7F, 0x7F, 0xFF, 0x02, 0x00, 0x00, 0x00, 0x00, 0xFF, 0xFF, 0xFF, 0x0C, 0xFF, 0xFF, 0xFF, 0x96,
    0xFF, 0xFF, 0xFF, 0xFB, 0xFF, 0xFF, 0xFF, 0xFF, 0xCC, 0xCD, 0xCD, 0xFF, 0x3A, 0x3B, 0x3B, 0xFF,
    0x31, 0x32, 0x30, 0xFF, 0x8D, 0x93, 0xA6, 0xFF, 0x32, 0x35, 0x36, 0xFF, 0x2C, 0x2D, 0x2D, 0xFF,
    0x2F, 0x30, 0x30, 0xE6, 0xCD, 0xCD, 0xCD, 0x62, 0x00, 0x00, 0x00, 0x00, 0x7F, 0x7F, 0x7F, 0x02,
    0x00, 0x00, 0x00, 0x00, 0x00, 0x00, 0x00, 0x00, 0x55, 0x55, 0x55, 0x03, 0x00, 0x00, 0x00, 0x00,
    0x70, 0x78, 0x5A, 0x22, 0x6C, 0x77, 0x63, 0xA7, 0x5C, 0x6F, 0x71, 0xF8, 0x4C, 0x5B, 0x5B, 0xFF,
    0x39, 0x40, 0x3D, 0xFF, 0x40, 0x47, 0x45, 0xFF, 0x3D, 0x40, 0x3E, 0xFF, 0x42, 0x42, 0x3A, 0xFF,
    0x51, 0x51, 0x41, 0xED, 0x56, 0x55, 0x40, 0x8A, 0x27, 0x27, 0x27, 0x0D, 0x00, 0x00, 0x00, 0x00,
    0x7F, 0x7F, 0x00, 0x02, 0x00, 0x00, 0x00, 0x00, 0x00, 0x00, 0x00, 0x00, 0x00, 0x00, 0x00, 0x00,
    0x00, 0x00, 0x00, 0x00, 0xFF, 0x7F, 0x2A, 0x06, 0xFF, 0x88, 0x11, 0x2B, 0xFF, 0x93, 0x14, 0x32,
    0xF5, 0x89, 0x13, 0x1A, 0x00, 0x00, 0x00, 0x00, 0xF7, 0x86, 0x15, 0x24, 0xFF, 0x92, 0x12, 0x36,
    0xF9, 0x8A, 0x10, 0x2E, 0xFF, 0x00, 0x00, 0x01, 0xFF, 0xAA, 0x00, 0x03, 0xFF, 0xAA, 0x00, 0x03,
    0xFF, 0xAA, 0x00, 0x03, 0xFF, 0xAA, 0x00, 0x03, 0xFF, 0xAA, 0x00, 0x03, 0xFF, 0x7F, 0x00, 0x02,
    0xFF, 0x00, 0x00, 0x01, 0xFF, 0xAA, 0x00, 0x03, 0xFF, 0xFF, 0x00, 0x01, 0xFF, 0xAA, 0x00, 0x03,
    0xFF, 0x55, 0x00, 0x03, 0xFF, 0x7F, 0x00, 0x02, 0xFF, 0xAA, 0x00, 0x03, 0xFF, 0xFF, 0x00, 0x01,
    0x00, 0x00, 0x00, 0x00, 0xFF, 0xAA, 0x00, 0x03, 0xFF, 0xAA, 0x00, 0x03, 0xFF, 0xAA, 0x00, 0x03,
    0xFF, 0xAA, 0x00, 0x03, 0xFF, 0xAA, 0x00, 0x03, 0xFF, 0x7F, 0x00, 0x02, 0x00, 0x00, 0x00, 0x00,
    0xFF, 0x55, 0x00, 0x03, 0xFF, 0xAA, 0x00, 0x03, 0xFF, 0xFF, 0x00, 0x01, 0xFF, 0xAA, 0x00, 0x03,
    0xFF, 0xAA, 0x00, 0x03, 0xFF, 0x00, 0x00, 0x01, 0xFF, 0xFF, 0x00, 0x01, 0xFF, 0xAA, 0x00, 0x03,
    0xFF, 0x7F, 0x00, 0x06, 0xBF, 0x7F, 0x00, 0x04, 0xF9, 0x88, 0x11, 0x2B, 0xFC, 0x8C, 0x12, 0xD3,
    0xFB, 0x8A, 0x12, 0xD0, 0xFF, 0x88, 0x12, 0x1C, 0xFF, 0x89, 0x13, 0x0D, 0xF9, 0x8E, 0x14, 0x32,
    0xF9, 0x8D, 0x15, 0x2F, 0xFA, 0x8C, 0x14, 0x33, 0xFA, 0x8C, 0x14, 0x33, 0xF9, 0x8C, 0x14, 0x31,
    0xFF, 0x8A, 0x15, 0x30, 0xF8, 0x88, 0x12, 0x29, 0x00, 0x00, 0x00, 0x00, 0xFF, 0x55, 0x00, 0x03,
    0xFF, 0x7F, 0x00, 0x04, 0xFF, 0xAA, 0x00, 0x03, 0xFF, 0xAA, 0x00, 0x03, 0xFF, 0xAA, 0x00, 0x03,
    0xFF, 0x55, 0x00, 0x03, 0x00, 0x00, 0x00, 0x00, 0xFF, 0xAA, 0x00, 0x03, 0xFF, 0xAA, 0x00, 0x03,
    0xFF, 0x00, 0x00, 0x01, 0xFF, 0xFF, 0x00, 0x01, 0xFF, 0xAA, 0x00, 0x03, 0xFF, 0x55, 0x00, 0x03,
    0x00, 0x00, 0x00, 0x00, 0x00, 0x00, 0x00, 0x00, 0x00, 0x00, 0x00, 0x00, 0x00, 0x00, 0x00, 0x00,
    0x00, 0x00, 0x00, 0x00, 0x00, 0x00, 0x00, 0x00, 0x00, 0x00, 0x00, 0x00, 0x00, 0x00, 0x00, 0x00,
    0x00, 0x00, 0x00, 0x00, 0x00, 0x00, 0x00, 0x00, 0x00, 0x00, 0x00, 0x00, 0x00, 0x00, 0x00, 0x01,
    0x00, 0x00, 0x00, 0x01, 0x00, 0x00, 0x00, 0x00, 0x00, 0x00, 0x00, 0x01, 0x00, 0x00, 0x00, 0x00,
    0x00, 0x00, 0x00, 0x01, 0x00, 0x00, 0x00, 0x01, 0x00, 0x00, 0x00, 0x01, 0x00, 0x00, 0x00, 0x01,
    0x00, 0x00, 0x00, 0x00, 0x00, 0x00, 0x00, 0x00, 0x00, 0x00, 0x00, 0x01, 0x00, 0x00, 0x00, 0x01,
    0x00, 0x00, 0x00, 0x01, 0x00, 0x00, 0x00, 0x01, 0x00, 0x00, 0x00, 0x00, 0x00, 0x00, 0x00, 0x00,
    0x00, 0x00, 0x00, 0x00, 0x00, 0x00, 0x00, 0x00, 0x00, 0x00, 0x00, 0x00, 0x00, 0x00, 0x00, 0x00,
    0x00, 0x00, 0x00, 0x00, 0x00, 0x00, 0x00, 0x00, 0x00, 0x00, 0x00, 0x00, 0x00, 0x00, 0x00, 0x00,
    0x00, 0x00, 0x00, 0x01, 0x00, 0x00, 0x00, 0x02, 0x00, 0x00, 0x00, 0x01, 0xE9, 0x7F, 0x15, 0x0C,
    0xF2, 0x85, 0x13, 0x28, 0x00, 0x00, 0x00, 0x00, 0x7F, 0x00, 0x00, 0x02, 0x00, 0x00, 0x00, 0x01,
    0x00, 0x00, 0x00, 0x01, 0x00, 0x00, 0x00, 0x01, 0x00, 0x00, 0x00, 0x00, 0x00, 0x00, 0x00, 0x01,
    0x00, 0x00, 0x00, 0x01, 0x00, 0x00, 0x00, 0x01, 0x00, 0x00, 0x00, 0x01, 0x00, 0x00, 0x00, 0x01,
    0x00, 0x00, 0x00, 0x00, 0x00, 0x00, 0x00, 0x00, 0x00, 0x00, 0x00, 0x00, 0x00, 0x00, 0x00, 0x00,
    0x00, 0x00, 0x00, 0x00, 0x00, 0x00, 0x00, 0x00, 0x00, 0x00, 0x00, 0x00, 0x00, 0x00, 0x00, 0x00,
    0x00, 0x00, 0x00, 0x00, 0x00, 0x00, 0x00, 0x00, 0x00, 0x00, 0x00, 0x00, 0x00, 0x00, 0x00, 0x01,
    0x00, 0x00, 0x00, 0x01, 0x00, 0x00, 0x00, 0x01, 0x00, 0x00, 0x00, 0x01, 0x00, 0x00, 0x00, 0x00,
    0x00, 0x00, 0x00, 0x00, 0x00, 0x00, 0x00, 0x01, 0x00, 0x00, 0x00, 0x01, 0x00, 0x00, 0x00, 0x01,
    0x00, 0x00, 0x00, 0x01, 0x00, 0x00, 0x00, 0x00, 0x00, 0x00, 0x00, 0x01, 0x00, 0x00, 0x00, 0x01,
    0x00, 0x00, 0x00, 0x00, 0x00, 0x00, 0x00, 0x01, 0x00, 0x00, 0x00, 0x01, 0x00, 0x00, 0x00, 0x01,
    0x00, 0x00, 0x00, 0x01, 0x00, 0x00, 0x00, 0x01, 0x00, 0x00, 0x00, 0x01, 0x00, 0x00, 0x00, 0x01,
    0x00, 0x00, 0x00, 0x00, 0x00, 0x00, 0x00, 0x01, 0x00, 0x00, 0x00, 0x01, 0x00, 0x00, 0x00, 0x01,
    0x00, 0x00, 0x00, 0x01, 0x00, 0x00, 0x00, 0x00, 0x00, 0x00, 0x00, 0x00, 0x00, 0x00, 0x00, 0x00,
    0x00, 0x00, 0x00, 0x00, 0x00, 0x00, 0x00, 0x00, 0x00, 0x00, 0x00, 0x00, 0x00, 0x00, 0x00, 0x00,
    0x00, 0x00, 0x00, 0x00, 0x00, 0x00, 0x00, 0x00, 0x00, 0x00, 0x00, 0x00, 0x00, 0x00, 0x00, 0x01,
    0x00, 0x00, 0x00, 0x01, 0x00, 0x00, 0x00, 0x01, 0x00, 0x00, 0x00, 0x01, 0x00, 0x00, 0x00, 0x00,
    0x00, 0x00, 0x00, 0x01, 0x00, 0x00, 0x00, 0x01, 0x00, 0x00, 0x00, 0x01, 0x00, 0x00, 0x00, 0x01,
    0x00, 0x00, 0x00, 0x01, 0x00, 0x00, 0x00, 0x01, 0x00, 0x00, 0x00, 0x00, 0x00, 0x00, 0x00, 0x01,
    0x00, 0x00, 0x00, 0x01, 0x00, 0x00, 0x00, 0x01, 0x00, 0x00, 0x00, 0x01, 0x00, 0x00, 0x00, 0x00,
    0x00, 0x00, 0x00, 0x01, 0x00, 0x00, 0x00, 0x01, 0x00, 0x00, 0x00, 0x01, 0x00, 0x00, 0x00, 0x01,
    0x00, 0x00, 0x00, 0x01, 0x00, 0x00, 0x00, 0x00, 0x00, 0x00, 0x00, 0x00, 0x00, 0x00, 0x00, 0x00,
    0x00, 0x00, 0x00, 0x00, 0x00, 0x00, 0x00, 0x01, 0x00, 0x00, 0x00, 0x00, 0x00, 0x00, 0x00, 0x01,
    0x00, 0x00, 0x00, 0x01, 0x00, 0x00, 0x00, 0x00, 0x00, 0x00, 0x00, 0x00, 0x00, 0x00, 0x00, 0x00,
    0x00, 0x00, 0x00, 0x00, 0x00, 0x00, 0x00, 0x00, 0x00, 0x00, 0x00, 0x00, 0x00, 0x00, 0x00, 0x00,
    0xFF, 0xFF, 0xFF, 0x01, 0xA5, 0xA5, 0xB4, 0x11, 0xD5, 0xD6, 0xD5, 0xC5, 0xE7, 0xE8, 0xE6, 0xFF,
    0xE0, 0xE1, 0xE1, 0xFE, 0x94, 0x97, 0x99, 0xFC, 0x0B, 0x0C, 0x0C, 0xFC, 0x08, 0x0A, 0x0B, 0xFC,
    0xB0, 0xB3, 0xB6, 0xFC, 0xDE, 0xE5, 0xFF, 0xFC, 0x31, 0x34, 0x3A, 0xFC, 0x2B, 0x2D, 0x2B, 0xFB,
    0x20, 0x22, 0x22, 0xFF, 0x6D, 0x6F, 0x6F, 0xFF, 0xFF, 0xFF, 0xFF, 0x84, 0x00, 0x00, 0x00, 0x00,
    0xFF, 0xFF, 0xFF, 0x03, 0x55, 0x55, 0x55, 0x03, 0x00, 0x00, 0x00, 0x00, 0x48, 0x50, 0x44, 0x3F,
    0x40, 0x4C, 0x43, 0xE9, 0x4D, 0x5B, 0x58, 0xFF, 0x46, 0x5B, 0x61, 0xFF, 0x37, 0x49, 0x48, 0xFC,
    0x34, 0x43, 0x46, 0xFB, 0x3D, 0x53, 0x5C, 0xFB, 0x3E, 0x50, 0x58, 0xFB, 0x39, 0x43, 0x47, 0xFC,
    0x38, 0x3B, 0x3B, 0xFF, 0x44, 0x46, 0x40, 0xFF, 0x70, 0x6E, 0x52, 0xCC, 0xDE, 0xB4, 0x4A, 0x1F,
    0x00, 0x00, 0x00, 0x00, 0xFF, 0xFF, 0x00, 0x01, 0x00, 0x00, 0x00, 0x00, 0xFF, 0xFF, 0x00, 0x01,
    0x00, 0x00, 0x00, 0x00, 0xF3, 0x85, 0x16, 0x17, 0xF9, 0x89, 0x12, 0xED, 0xFD, 0x92, 0x13, 0xFD,
    0xF6, 0x88, 0x11, 0x58, 0xFA, 0x89, 0x11, 0x75, 0xFF, 0x93, 0x13, 0xFF, 0xFB, 0x8D, 0x11, 0xE5,
    0xF8, 0x8B, 0x11, 0x4B, 0xFF, 0xFF, 0x00, 0x01, 0x00, 0x00, 0x00, 0x00, 0x00, 0x00, 0x00, 0x00,
    0x00, 0x00, 0x00, 0x00, 0x00, 0x00, 0x00, 0x00, 0x00, 0x00, 0x00, 0x00, 0x00, 0x00, 0x00, 0x00,
    0x00, 0x00, 0x00, 0x00, 0x00, 0x00, 0x00, 0x00, 0x00, 0x00, 0x00, 0x00, 0x00, 0x00, 0x00, 0x00,
    0x00, 0x00, 0x00, 0x00, 0x00, 0x00, 0x00, 0x00, 0x00, 0x00, 0x00, 0x00, 0x00, 0x00, 0x00, 0x00,
    0x00, 0x00, 0x00, 0x00, 0x00, 0x00, 0x00, 0x00, 0x00, 0x00, 0x00, 0x00, 0x00, 0x00, 0x00, 0x00,
    0x00, 0x00, 0x00, 0x00, 0x00, 0x00, 0x00, 0x00, 0x00, 0x00, 0x00, 0x00, 0xFF, 0x00, 0x00, 0x01,
    0x00, 0x00, 0x00, 0x00, 0x00, 0x00, 0x00, 0x00, 0x00, 0x00, 0x00, 0x00, 0x00, 0x00, 0x00, 0x00,
    0x00, 0x00, 0x00, 0x00, 0x00, 0x00, 0x00, 0x00, 0x00, 0x00, 0x00, 0x00, 0x00, 0x00, 0x00, 0x00,
    0x00, 0x00, 0x00, 0x00, 0x00, 0x00, 0x00, 0x00, 0xFA, 0x8A, 0x11, 0x74, 0xFF, 0x9F, 0x14, 0xFF,
    0xFB, 0x8A, 0x12, 0xD4, 0xFF, 0x00, 0x00, 0x01, 0xFB, 0x8B, 0x10, 0x4D, 0xFF, 0x8F, 0x13, 0xFF,
    0xF9, 0x89, 0x12, 0xFE, 0xFA, 0x8A, 0x12, 0xF0, 0xF9, 0x89, 0x12, 0xEF, 0xF9, 0x89, 0x11, 0xF4,
    0xFF, 0x92, 0x13, 0xFF, 0xF9, 0x8A, 0x12, 0xB4, 0xFF, 0x00, 0x00, 0x01, 0x00, 0x00, 0x00, 0x00,
    0x00, 0x00, 0x00, 0x00, 0x00, 0x00, 0x00, 0x00, 0x00, 0x00, 0x00, 0x00, 0x00, 0x00, 0x00, 0x00,
    0x00, 0x00, 0x00, 0x00, 0x00, 0x00, 0x00, 0x00, 0x00, 0x00, 0x00, 0x00, 0x00, 0x00, 0x00, 0x00,
    0x00, 0x00, 0x00, 0x00, 0x00, 0x00, 0x00, 0x00, 0x00, 0x00, 0x00, 0x00, 0x00, 0x00, 0x00, 0x00,
    0x00, 0x00, 0x00, 0x00, 0x00, 0x00, 0x00, 0x00, 0x00, 0x00, 0x00, 0x00, 0x00, 0x00, 0x00, 0x01,
    0x00, 0x00, 0x00, 0x00, 0x00, 0x00, 0x00, 0x1B, 0x00, 0x00, 0x00, 0x36, 0x00, 0x00, 0x00, 0x3F,
    0x00, 0x00, 0x00, 0x41, 0x00, 0x00, 0x00, 0x43, 0x00, 0x00, 0x00, 0x10, 0x00, 0x00, 0x00, 0x00,
    0x00, 0x00, 0x00, 0x00, 0x00, 0x00, 0x00, 0x00, 0x00, 0x00, 0x00, 0x00, 0x00, 0x00, 0x00, 0x00,
    0x00, 0x00, 0x00, 0x00, 0x00, 0x00, 0x00, 0x00, 0x00, 0x00, 0x00, 0x00, 0x00, 0x00, 0x00, 0x00,
    0x00, 0x00, 0x00, 0x00, 0x00, 0x00, 0x00, 0x00, 0x00, 0x00, 0x00, 0x00, 0x00, 0x00, 0x00, 0x00,
    0x00, 0x00, 0x00, 0x00, 0x00, 0x00, 0x00, 0x00, 0x00, 0x00, 0x00, 0x00, 0x00, 0x00, 0x00, 0x00,
    0x00, 0x00, 0x00, 0x00, 0x00, 0x00, 0x00, 0x00, 0x00, 0x00, 0x00, 0x2B, 0x00, 0x00, 0x00, 0x3A,
    0x00, 0x00, 0x00, 0x40, 0x00, 0x00, 0x00, 0x37, 0x00, 0x00, 0x00, 0x2F, 0x00, 0x00, 0x00, 0x07,
    0x00, 0x00, 0x00, 0x00, 0x00, 0x00, 0x00, 0x00, 0x00, 0x00, 0x00, 0x00, 0xFF, 0xFF, 0x00, 0x04,
    0x03, 0x01, 0x00, 0x00, 0x00, 0x00, 0x00, 0x00, 0x00, 0x00, 0x00, 0x00, 0x00, 0x00, 0x00, 0x00,
    0x00, 0x00, 0x00, 0x00, 0x00, 0x00, 0x00, 0x00, 0x00, 0x00, 0x00, 0x00, 0x00, 0x00, 0x00, 0x00,
    0x00, 0x00, 0x00, 0x00, 0x00, 0x00, 0x00, 0x00, 0x00, 0x00, 0x00, 0x00, 0x00, 0x00, 0x00, 0x00,
    0x00, 0x00, 0x00, 0x00, 0x00, 0x00, 0x00, 0x00, 0x00, 0x00, 0x00, 0x00, 0x00, 0x00, 0x00, 0x01,
    0x00, 0x00, 0x00, 0x01, 0x00, 0x00, 0x00, 0x15, 0x00, 0x00, 0x00, 0x37, 0x00, 0x00, 0x00, 0x41,
    0x00, 0x00, 0x00, 0x37, 0x00, 0x00, 0x00, 0x34, 0x00, 0x00, 0x00, 0x18, 0x00, 0x00, 0x00, 0x00,
    0x00, 0x00, 0x00, 0x00, 0x00, 0x00, 0x00, 0x00, 0x00, 0x00, 0x00, 0x00, 0x00, 0x00, 0x00, 0x00,
    0x00, 0x00, 0x00, 0x00, 0x00, 0x00, 0x00, 0x00, 0x00, 0x00, 0x00, 0x00, 0x00, 0x00, 0x00, 0x00,
    0x00, 0x00, 0x00, 0x00, 0x00, 0x00, 0x00, 0x00, 0x00, 0x00, 0x00, 0x00, 0x00, 0x00, 0x00, 0x00,
    0x00, 0x00, 0x00, 0x01, 0x00, 0x00, 0x00, 0x00, 0x00, 0x00, 0x00, 0x00, 0x00, 0x00, 0x00, 0x00,
    0x00, 0x00, 0x00, 0x00, 0x00, 0x00, 0x00, 0x00, 0x00, 0x00, 0x00, 0x00, 0x00, 0x00, 0x00, 0x00,
    0x00, 0x00, 0x00, 0x00, 0x00, 0x00, 0x00, 0x00, 0x00, 0x00, 0x00, 0x00, 0x00, 0x00, 0x00, 0x00,
    0x00, 0x00, 0x00, 0x00, 0x00, 0x00, 0x00, 0x00, 0x00, 0x00, 0x00, 0x00, 0x00, 0x00, 0x00, 0x00,
    0x00, 0x00, 0x00, 0x00, 0x00, 0x00, 0x00, 0x25, 0x00, 0x00, 0x00, 0x36, 0x00, 0x00, 0x00, 0x40,
    0x00, 0x00, 0x00, 0x37, 0x00, 0x00, 0x00, 0x35, 0x00, 0x00, 0x00, 0x18, 0x00, 0x00, 0x00, 0x00,
    0x00, 0x00, 0x00, 0x00, 0x00, 0x00, 0x00, 0x00, 0x00, 0x00, 0x00, 0x00, 0x00, 0x00, 0x00, 0x00,
    0x00, 0x00, 0x00, 0x00, 0x00, 0x00, 0x00, 0x00, 0x00, 0x00, 0x00, 0x00, 0x00, 0x00, 0x00, 0x00,
    0x00, 0x00, 0x00, 0x00, 0x00, 0x00, 0x00, 0x00, 0x00, 0x00, 0x00, 0x00, 0x00, 0x00, 0x00, 0x00,
    0x00, 0x00, 0x00, 0x00, 0x00, 0x00, 0x00, 0x00, 0x00, 0x00, 0x00, 0x00, 0x00, 0x00, 0x00, 0x00,
    0x00, 0x00, 0x00, 0x00, 0x00, 0x00, 0x00, 0x00, 0x00, 0x00, 0x00, 0x00, 0x00, 0x00, 0x00, 0x00,
    0x00, 0x00, 0x00, 0x00, 0x00, 0x00, 0x00, 0x22, 0x00, 0x00, 0x00, 0xA9, 0x00, 0x00, 0x00, 0x9B,
    0x00, 0x00, 0x00, 0x0A, 0x00, 0x00, 0x00, 0x00, 0x00, 0x00, 0x00, 0x00, 0x00, 0x00, 0x00, 0x00,
    0x00, 0x00, 0x00, 0x00, 0x00, 0x00, 0x00, 0x00, 0x00, 0x00, 0x00, 0x49, 0x00, 0x00, 0x00, 0xA9,
    0x00, 0x00, 0x00, 0x3E, 0x00, 0x00, 0x00, 0x00, 0x00, 0x00, 0x00, 0x02, 0x00, 0x00, 0x00, 0x00,
    0xFF, 0xFF, 0xFF, 0x02, 0xE5, 0xE6, 0xE3, 0xB2, 0x5A, 0x59, 0x60, 0xFF, 0x55, 0x52, 0x5D, 0xFA,
    0x3A, 0x3C, 0x3D, 0xFE, 0x4B, 0x3C, 0x2A, 0xFF, 0xBB, 0x9D, 0x76, 0xFF, 0xB6, 0x9A, 0x77, 0xFF,
    0x9A, 0x8F, 0x78, 0xFF, 0x95, 0x98, 0xA5, 0xFF, 0x49, 0x4D, 0x5D, 0xFF, 0x23, 0x25, 0x21, 0xFF,
    0x33, 0x35, 0x37, 0xFD, 0x13, 0x14, 0x14, 0xFB, 0xB9, 0xBA, 0xBB, 0xFF, 0xFF, 0xFF, 0xFF, 0x65,
    0x00, 0x00, 0x00, 0x00, 0xFF, 0xFF, 0xFF, 0x01, 0x60, 0x71, 0x71, 0x2D, 0x47, 0x57, 0x50, 0xF1,
    0x35, 0x41, 0x3B, 0xFF, 0x3F, 0x4C, 0x48, 0xFA, 0x37, 0x43, 0x41, 0xFE, 0x34, 0x42, 0x43, 0xFF,
    0x43, 0x5C, 0x64, 0xFF, 0x42, 0x5A, 0x68, 0xFF, 0x43, 0x58, 0x6C, 0xFF, 0x49, 0x5C, 0x6D, 0xFF,
    0x4B, 0x5C, 0x68, 0xFE, 0x3E, 0x49, 0x55, 0xFA, 0x68, 0x66, 0x4D, 0xFF, 0xC8, 0xA7, 0x57, 0xD1,
    0xCC, 0xAA, 0x66, 0x0F, 0xFF, 0x7F, 0x00, 0x02, 0xFF, 0xFF, 0xFF, 0x01, 0xFF, 0xAA, 0x00, 0x03,
    0x00, 0x00, 0x00, 0x00, 0xFF, 0x8C, 0x11, 0x47, 0xFE, 0x91, 0x13, 0xFF, 0xF9, 0x88, 0x12, 0xF4,
    0xFB, 0x8A, 0x11, 0xCE, 0xFF, 0x9C, 0x15, 0xFF, 0xFA, 0x8C, 0x11, 0xBF, 0xF7, 0x87, 0x0F, 0x20,
    0x00, 0x00, 0x00, 0x00, 0x00, 0x00, 0x00, 0x00, 0xF9, 0x8B, 0x13, 0x5D, 0xFF, 0x92, 0x13, 0x92,
    0xFA, 0x8A, 0x11, 0x9D, 0xFA, 0x8A, 0x12, 0x99, 0xFF, 0x94, 0x12, 0x99, 0xF8, 0x8B, 0x12, 0x54,
    0xF8, 0x88, 0x12, 0x29, 0xFD, 0x9B, 0x14, 0x94, 0xFA, 0x8B, 0x12, 0x37, 0xF9, 0x89, 0x11, 0x64,
    0xFA, 0x8A, 0x11, 0x72, 0xF9, 0x8A, 0x16, 0x2E, 0xFF, 0x9A, 0x13, 0x93, 0xFB, 0x8A, 0x12, 0x44,
    0xFF, 0x91, 0x00, 0x07, 0xF9, 0x89, 0x12, 0x8D, 0xFD, 0x8A, 0x13, 0x93, 0xFA, 0x8A, 0x11, 0x9E,
    0xF9, 0x8A, 0x13, 0x91, 0xFD, 0x90, 0x13, 0x8F, 0xFA, 0x89, 0x13, 0x34, 0x00, 0x00, 0x00, 0x01,
    0xF8, 0x8A, 0x11, 0x76, 0xFD, 0x91, 0x13, 0x93, 0xF7, 0x8A, 0x0E, 0x23, 0xFA, 0x89, 0x11, 0x68,
    0xFD, 0x94, 0x13, 0xA0, 0xFA, 0x87, 0x14, 0x3E, 0xFF, 0x8A, 0x0E, 0x23, 0xFF, 0x90, 0x13, 0x91,
    0xF9, 0x8B, 0x12, 0x96, 0xFA, 0x89, 0x11, 0x9C, 0xFA, 0x8A, 0x12, 0xD9, 0xFF, 0x97, 0x14, 0xFD,
    0xF9, 0x89, 0x11, 0x82, 0x00, 0x00, 0x00, 0x00, 0xFB, 0x89, 0x12, 0x8B, 0xFF, 0x99, 0x14, 0xFF,
    0xF9, 0x89, 0x12, 0xC4, 0xF5, 0x8D, 0x12, 0x1B, 0xF5, 0x89, 0x13, 0x1A, 0xF9, 0x89, 0x11, 0xBF,
    0xFF, 0x99, 0x14, 0xFF, 0xFC, 0x8B, 0x12, 0x63, 0x00, 0x00, 0x00, 0x00, 0xFA, 0x89, 0x11, 0x75,
    0xFF, 0x8F, 0x13, 0x92, 0xFA, 0x8A, 0x11, 0x9C, 0xF9, 0x89, 0x12, 0x94, 0xFF, 0x8C, 0x13, 0x91,
    0xFA, 0x89, 0x12, 0x7A, 0xFF, 0x85, 0x0C, 0x15, 0xF9, 0x8A, 0x12, 0x8A, 0xFF, 0x8D, 0x11, 0x90,
    0xFF, 0x90, 0x16, 0x17, 0xF1, 0x93, 0x0D, 0x13, 0xFF, 0x91, 0x13, 0x8E, 0xF9, 0x89, 0x12, 0x89,
    0xFF, 0x8B, 0x17, 0x0B, 0x00, 0x00, 0x00, 0x00, 0xFF, 0x00, 0x00, 0x01, 0x00, 0x00, 0x00, 0x04,
    0x00, 0x00, 0x00, 0x00, 0x00, 0x00, 0x00, 0x8B, 0x00, 0x00, 0x00, 0xFF, 0x00, 0x00, 0x00, 0xB4,
    0x00, 0x00, 0x00, 0xAF, 0x00, 0x00, 0x00, 0xB3, 0x00, 0x00, 0x00, 0x22, 0x00, 0x00, 0x00, 0x0F,
    0x00, 0x00, 0x00, 0x0C, 0x00, 0x00, 0x00, 0x00, 0x00, 0x00, 0x00, 0x1E, 0x00, 0x00, 0x00, 0x0C,
    0x00, 0x00, 0x00, 0x09, 0x00, 0x00, 0x00, 0x17, 0x00, 0x00, 0x00, 0x15, 0x00, 0x00, 0x00, 0x12,
    0x00, 0x00, 0x00, 0x0A, 0x00, 0x00, 0x00, 0x03, 0x00, 0x00, 0x00, 0x13, 0x00, 0x00, 0x00, 0x17,
    0x00, 0x00, 0x00, 0x12, 0x00, 0x00, 0x00, 0x10, 0x00, 0x00, 0x00, 0x01, 0x00, 0x00, 0x00, 0x01,
    0x00, 0x00, 0x00, 0x00, 0x00, 0x00, 0x00, 0x1F, 0x00, 0x00, 0x00, 0xF5, 0x00, 0x00, 0x00, 0xDF,
    0x00, 0x00, 0x00, 0xAE, 0x00, 0x00, 0x00, 0xEC, 0x00, 0x00, 0x00, 0xFB, 0x00, 0x00, 0x00, 0x20,
    0x00, 0x00, 0x00, 0x0B, 0x00, 0x00, 0x00, 0x14, 0x00, 0x00, 0x00, 0x17, 0x0D, 0x0D, 0x00, 0x13,
    0x00, 0x00, 0x00, 0x10, 0x00, 0x00, 0x00, 0x01, 0x00, 0x00, 0x00, 0x0D, 0x00, 0x00, 0x00, 0x17,
    0x00, 0x00, 0x00, 0x14, 0x00, 0x00, 0x00, 0x13, 0x00, 0x00, 0x00, 0x07, 0x00, 0x00, 0x00, 0x07,
    0x00, 0x00, 0x00, 0x13, 0x00, 0x00, 0x00, 0x17, 0x00, 0x00, 0x00, 0x12, 0x00, 0x00, 0x00, 0x11,
    0x00, 0x00, 0x00, 0x01, 0x00, 0x00, 0x00, 0x00, 0x00, 0x00, 0x00, 0x00, 0x00, 0x00, 0x00, 0x03,
    0x00, 0x00, 0x00, 0x00, 0x00, 0x00, 0x00, 0xA2, 0x00, 0x00, 0x00, 0xFD, 0x00, 0x00, 0x00, 0xA7,
    0x00, 0x00, 0x00, 0xDF, 0x00, 0x00, 0x00, 0xFF, 0x00, 0x00, 0x00, 0x42, 0x00, 0x00, 0x00, 0x05,
    0x00, 0x00, 0x00, 0x17, 0x00, 0x00, 0x00, 0x17, 0x00, 0x00, 0x00, 0x13, 0x00, 0x00, 0x00, 0x02,
    0x00, 0x00, 0x00, 0x05, 0x00, 0x00, 0x00, 0x15, 0x00, 0x00, 0x00, 0x0D, 0x00, 0x00, 0x00, 0x0B,
    0x00, 0x00, 0x00, 0x13, 0x00, 0x00, 0x00, 0x06, 0x00, 0x00, 0x00, 0x09, 0x00, 0x00, 0x00, 0x0F,
    0x00, 0x00, 0x00, 0x00, 0x00, 0x00, 0x00, 0x1A, 0x00, 0x00, 0x00, 0x11, 0x00, 0x00, 0x00, 0x04,
    0x00, 0x00, 0x00, 0x13, 0x00, 0x00, 0x00, 0x18, 0x00, 0x00, 0x00, 0x1A, 0x00, 0x00, 0x00, 0x12,
    0x00, 0x00, 0x00, 0x00, 0x00, 0x00, 0x00, 0x12, 0x00, 0x00, 0x00, 0x18, 0x00, 0x00, 0x00, 0x12,
    0x00, 0x00, 0x00, 0x12, 0x00, 0x00, 0x00, 0x05, 0x00, 0x00, 0x00, 0x00, 0x00, 0x00, 0x00, 0x01,
    0x00, 0x00, 0x00, 0x01, 0x00, 0x00, 0x00, 0xD3, 0x00, 0x00, 0x00, 0xFA, 0x00, 0x00, 0x00, 0xB1,
    0x00, 0x00, 0x00, 0xDC, 0x00, 0x00, 0x00, 0xFF, 0x00, 0x00, 0x00, 0x4A, 0x00, 0x00, 0x00, 0x06,
    0x00, 0x00, 0x00, 0x17, 0x00, 0x00, 0x00, 0x17, 0x00, 0x00, 0x00, 0x13, 0x00, 0x00, 0x00, 0x02,
    0x00, 0x00, 0x00, 0x0E, 0x00, 0x00, 0x00, 0x0B, 0x00, 0x00, 0x00, 0x06, 0x00, 0x00, 0x00, 0x07,
    0x00, 0x00, 0x00, 0x0A, 0x00, 0x00, 0x00, 0x10, 0x00, 0x00, 0x00, 0x02, 0x00, 0x00, 0x00, 0x14,
    0x00, 0x00, 0x00, 0x17, 0x00, 0x00, 0x00, 0x12, 0x00, 0x00, 0x00, 0x10, 0x00, 0x00, 0x00, 0x03,
    0x00, 0x00, 0x00, 0x11, 0x00, 0x00, 0x00, 0x06, 0x00, 0x00, 0x00, 0x00, 0x00, 0x00, 0x00, 0x21,
    0x00, 0x00, 0x00, 0x0F, 0x00, 0x00, 0x00, 0x84, 0x00, 0x00, 0x00, 0xFF, 0x00, 0x00, 0x00, 0x7F,
    0x00, 0x00, 0x00, 0x07, 0x00, 0x00, 0x00, 0x17, 0x00, 0x00, 0x00, 0x0A, 0x00, 0x00, 0x00, 0x0C,
    0x00, 0x00, 0x00, 0x16, 0x00, 0x00, 0x00, 0x01, 0x00, 0x00, 0x00, 0xA5, 0x00, 0x00, 0x00, 0xFF,
    0x00, 0x00, 0x00, 0x27, 0x00, 0x00, 0x00, 0x00, 0x00, 0x00, 0x00, 0x02, 0x00, 0x00, 0x00, 0x00,
    0xFF, 0xFF, 0xFF, 0x65, 0xFF, 0xFF, 0xFF, 0xFF, 0x88, 0x85, 0x8B, 0xFB, 0xA1, 0x9A, 0xB9, 0xFF,
    0xD3, 0xD1, 0xCC, 0xFF, 0xE5, 0xC7, 0x9D, 0xFF, 0xFF, 0xE6, 0xBC, 0xFF, 0xF9, 0xE0, 0xB5, 0xFF,
    0xF0, 0xD9, 0xAC, 0xFF, 0xC5, 0xB7, 0x8F, 0xFF, 0x4C, 0x4A, 0x48, 0xFF, 0x1B, 0x1E, 0x20, 0xFF,
    0x34, 0x36, 0x35, 0xFF, 0x26, 0x28, 0x28, 0xFD, 0x34, 0x36, 0x36, 0xFD, 0xEC, 0xED, 0xEE, 0xEF,
    0xFF, 0xFF, 0xFF, 0x1B, 0x00, 0x00, 0x00, 0x00, 0x41, 0x53, 0x4D, 0xC9, 0x3E, 0x4D, 0x44, 0xFF,
    0x34, 0x3C, 0x31, 0xFB, 0x39, 0x43, 0x3D, 0xFF, 0x31, 0x3A, 0x38, 0xFF, 0x39, 0x49, 0x4B, 0xFF,
    0x3B, 0x53, 0x5A, 0xFF, 0x53, 0x73, 0x91, 0xFF, 0x71, 0x95, 0xBD, 0xFF, 0x59, 0x77, 0x96, 0xFF,
    0x53, 0x6D, 0x87, 0xFF, 0x5B, 0x70, 0x89, 0xFF, 0x30, 0x3B, 0x3A, 0xFA, 0x87, 0x75, 0x40, 0xFF,
    0xB0, 0x8B, 0x3B, 0x92, 0x00, 0x00, 0x00, 0x00, 0x7F, 0x7F, 0x7F, 0x02, 0xBF, 0x7F, 0x00, 0x04,
    0x00, 0x00, 0x00, 0x00, 0xF9, 0x8A, 0x11, 0x93, 0xFF, 0x93, 0x13, 0xFE, 0xFA, 0x8A, 0x12, 0xF9,
    0xFE, 0x8E, 0x12, 0xFF, 0xFB, 0x8C, 0x11, 0x81, 0xCC, 0x66, 0x00, 0x05, 0x00, 0x00, 0x00, 0x00,
    0xFF, 0xAA, 0x00, 0x03, 0xFF, 0x7F, 0x00, 0x06, 0xF9, 0x88, 0x11, 0xE7, 0xFF, 0x95, 0x14, 0xFF,
    0xFA, 0x89, 0x12, 0xB2, 0xF8, 0x89, 0x12, 0xCF, 0xFD, 0x93, 0x12, 0xED, 0xF8, 0x88, 0x12, 0x52,
    0xF9, 0x8A, 0x12, 0x55, 0xFF, 0xA2, 0x15, 0xFF, 0xF9, 0x8A, 0x11, 0x90, 0xFD, 0x8C, 0x12, 0xFF,
    0xF9, 0x8A, 0x11, 0xCA, 0xF9, 0x8A, 0x12, 0xB8, 0xFF, 0x9B, 0x14, 0xFF, 0xFF, 0x89, 0x14, 0x25,
    0xFB, 0x8B, 0x11, 0x49, 0xFF, 0x9D, 0x14, 0xFF, 0xFB, 0x8B, 0x12, 0xFF, 0xF9, 0x8A, 0x12, 0xB6,
    0xFD, 0x8B, 0x12, 0xFF, 0xFF, 0x9F, 0x15, 0xFF, 0xF9, 0x8A, 0x11, 0x65, 0xFF, 0x66, 0x00, 0x05,
    0xF9, 0x89, 0x12, 0xFC, 0xFF, 0x8F, 0x13, 0xFF, 0xFB, 0x8C, 0x11, 0xCA, 0xFF, 0x96, 0x14, 0xFF,
    0xFB, 0x8C, 0x12, 0x97, 0xFF, 0x8B, 0x17, 0x0B, 0xFB, 0x89, 0x12, 0x89, 0xFF, 0xA1, 0x15, 0xFF,
    0xF9, 0x8A, 0x11, 0xE5, 0xF9, 0x8A, 0x11, 0xBA, 0xFF, 0x8E, 0x13, 0xFF, 0xFC, 0x8C, 0x12, 0xFE,
    0xFA, 0x86, 0x13, 0x35, 0xFF, 0xFF, 0x00, 0x01, 0xFA, 0x89, 0x12, 0xD2, 0xFF, 0x99, 0x14, 0xFF,
    0xFA, 0x89, 0x11, 0x77, 0x00, 0x00, 0x00, 0x00, 0xFF, 0x93, 0x13, 0x1A, 0xFB, 0x8B, 0x12, 0xF2,
    0xFB, 0x8C, 0x12, 0xF6, 0xFF, 0x8E, 0x14, 0x19, 0xF2, 0x85, 0x0C, 0x15, 0xFD, 0x8C, 0x13, 0xFF,
    0xFF, 0x94, 0x13, 0xFF, 0xFA, 0x89, 0x12, 0xB7, 0xF9, 0x89, 0x11, 0xE7, 0xFF, 0x9F, 0x15, 0xFF,
    0xF9, 0x8A, 0x12, 0xB3, 0xFF, 0x55, 0x00, 0x03, 0xFA, 0x89, 0x11, 0xE9, 0xFF, 0x9D, 0x14, 0xFF,
    0xFA, 0x8C, 0x11, 0x3A, 0xFA, 0x89, 0x11, 0x9E, 0xFF, 0xA5, 0x15, 0xFF, 0xFB, 0x8B, 0x11, 0x80,
    0xFF, 0xFF, 0x00, 0x01, 0xFF, 0x55, 0x00, 0x03, 0x00, 0x00, 0x00, 0x01, 0x00, 0x00, 0x00, 0x00,
    0x00, 0x00, 0x00, 0x02, 0x00, 0x00, 0x00, 0xD8, 0x00, 0x00, 0x00, 0xED, 0x00, 0x00, 0x00, 0x1A,
    0x00, 0x00, 0x00, 0x13, 0x00, 0x00, 0x00, 0x01, 0x00, 0x00, 0x00, 0x00, 0x00, 0x00, 0x00, 0xC9,
    0x00, 0x00, 0x00, 0xBD, 0x00, 0x00, 0x00, 0xBB, 0x00, 0x00, 0x00, 0xBC, 0x00, 0x00, 0x00, 0x25,
    0x00, 0x00, 0x00, 0xCF, 0x00, 0x00, 0x00, 0xD8, 0x00, 0x00, 0x00, 0xCF, 0x00, 0x00, 0x00, 0xF0,
    0x00, 0x00, 0x00, 0x3C, 0x00, 0x00, 0x00, 0x69, 0x00, 0x00, 0x00, 0xEC, 0x00, 0x00, 0x00, 0xC3,
    0x00, 0x00, 0x00, 0xEB, 0x00, 0x00, 0x00, 0xB5, 0x00, 0x00, 0x00, 0x04, 0x00, 0x00, 0x00, 0x08,
    0x00, 0x00, 0x00, 0x01, 0x00, 0x00, 0x00, 0x5F, 0x00, 0x00, 0x00, 0xFF, 0x00, 0x00, 0x00, 0x4C,
    0x00, 0x00, 0x00, 0x00, 0x00, 0x00, 0x00, 0xE5, 0x00, 0x00, 0x00, 0xD8, 0x00, 0x00, 0x00, 0x01,
    0x00, 0x00, 0x00, 0x86, 0x00, 0x00, 0x00, 0xF0, 0x00, 0x00, 0x00, 0xC6, 0x00, 0x00, 0x00, 0xE9,
    0x00, 0x00, 0x00, 0xAA, 0x00, 0x00, 0x00, 0x14, 0x00, 0x00, 0x00, 0xDF, 0x00, 0x00, 0x00, 0xD3,
    0x00, 0x00, 0x00, 0xD4, 0x00, 0x00, 0x00, 0xF1, 0x00, 0x00, 0x00, 0x2E, 0x00, 0x00, 0x00, 0x6C,
    0x00, 0x00, 0x00, 0xEF, 0x00, 0x00, 0x00, 0xC6, 0x00, 0x00, 0x00, 0xE9, 0x00, 0x00, 0x00, 0xB8,
    0x00, 0x00, 0x00, 0x00, 0x00, 0x00, 0x00, 0x00, 0x00, 0x00, 0x00, 0x00, 0x00, 0x00, 0x00, 0x00,
    0x00, 0x00, 0x00, 0x12, 0x00, 0x00, 0x00, 0xFF, 0x00, 0x00, 0x00, 0xE7, 0x00, 0x00, 0x00, 0x37,
    0x00, 0x00, 0x00, 0x6C, 0x00, 0x00, 0x00, 0x80, 0x00, 0x00, 0x00, 0x01, 0x00, 0x00, 0x00, 0xA4,
    0x00, 0x00, 0x00, 0xED, 0x00, 0x00, 0x00, 0xC6, 0x00, 0x00, 0x00, 0xEA, 0x00, 0x00, 0x00, 0x60,
    0x00, 0x00, 0x00, 0x2E, 0x00, 0x00, 0x00, 0xF0, 0x00, 0x00, 0x00, 0x67, 0x00, 0x00, 0x00, 0x90,
    0x00, 0x00, 0x00, 0xEE, 0x00, 0x00, 0x00, 0x0F, 0x00, 0x00, 0x00, 0xA1, 0x00, 0x00, 0x00, 0xD1,
    0x00, 0x00, 0x00, 0xA8, 0x00, 0x00, 0x00, 0xD2, 0x00, 0x00, 0x00, 0x24, 0x00, 0x00, 0x00, 0x97,
    0x00, 0x00, 0x00, 0xEF, 0x00, 0x00, 0x00, 0xC1, 0x00, 0x00, 0x00, 0xCD, 0x00, 0x00, 0x00, 0x6C,
    0x00, 0x00, 0x00, 0x33, 0x00, 0x00, 0x00, 0xEA, 0x00, 0x00, 0x00, 0xC6, 0x00, 0x00, 0x00, 0xE1,
    0x00, 0x00, 0x00, 0xDF, 0x00, 0x00, 0x00, 0x18, 0x00, 0x00, 0x00, 0x04, 0x00, 0x00, 0x00, 0x01,
    0x00, 0x00, 0x00, 0x22, 0x00, 0x00, 0x00, 0xFD, 0x00, 0x00, 0x00, 0xA1, 0x00, 0x00, 0x00, 0x00,
    0x00, 0x00, 0x00, 0xC9, 0x00, 0x00, 0x00, 0xF9, 0x00, 0x00, 0x00, 0x05, 0x00, 0x00, 0x00, 0xA4,
    0x00, 0x00, 0x00, 0xEC, 0x00, 0x00, 0x00, 0xC7, 0x00, 0x00, 0x00, 0xEA, 0x00, 0x00, 0x00, 0x5D,
    0x00, 0x00, 0x00, 0x9A, 0x00, 0x00, 0x00, 0xAC, 0x00, 0x00, 0x00, 0xB6, 0x00, 0x00, 0x00, 0x91,
    0x00, 0x00, 0x00, 0xDA, 0x00, 0x00, 0x00, 0x53, 0x00, 0x00, 0x00, 0x6E, 0x00, 0x00, 0x00, 0xED,
    0x00, 0x00, 0x00, 0xC3, 0x00, 0x00, 0x00, 0xEB, 0x00, 0x00, 0x00, 0xA9, 0x00, 0x00, 0x00, 0x0B,
    0x00, 0x00, 0x00, 0xDE, 0x00, 0x00, 0x00, 0xAD, 0x00, 0x00, 0x00, 0xCB, 0x00, 0x00, 0x00, 0x9E,
    0x00, 0x00, 0x00, 0x59, 0x00, 0x00, 0x00, 0xF9, 0x00, 0x00, 0x00, 0xFB, 0x00, 0x00, 0x00, 0x57,
    0x00, 0x00, 0x00, 0x5E, 0x00, 0x00, 0x00, 0xF4, 0x00, 0x00, 0x00, 0x47, 0x00, 0x00, 0x00, 0xC2,
    0x00, 0x00, 0x00, 0xC9, 0x00, 0x00, 0x00, 0x06, 0x00, 0x00, 0x00, 0xEC, 0x00, 0x00, 0x00, 0xC3,
    0x00, 0x00, 0x00, 0x00, 0x00, 0x00, 0x00, 0x02, 0x00, 0x00, 0x00, 0x00, 0x00, 0x00, 0x00, 0x00,
    0xD3, 0xD4, 0xD4, 0xDA, 0xB9, 0xBB, 0xBE, 0xFE, 0xA9, 0xAD, 0xA9, 0xFD, 0x49, 0x4A, 0x5B, 0xFF,
    0xC3, 0xB3, 0xB1, 0xFF, 0xF4, 0xD6, 0xA8, 0xFF, 0xE9, 0xD0, 0xAA, 0xFF, 0xED, 0xD4, 0xAA, 0xFF,
    0xDA, 0xC2, 0x9F, 0xFF, 0xFA, 0xE4, 0xB7, 0xFF, 0xDB, 0xC0, 0x92, 0xFF, 0x40, 0x35, 0x2A, 0xFF,
    0x23, 0x28, 0x2B, 0xFF, 0x35, 0x37, 0x36, 0xFF, 0x13, 0x14, 0x14, 0xFB, 0xC5, 0xC6, 0xC6, 0xFF,
    0xFF, 0xFF, 0xFF, 0x71, 0x1C, 0x29, 0x10, 0x3E, 0x53, 0x68, 0x55, 0xFF, 0x45, 0x51, 0x40, 0xFC,
    0x4B, 0x4F, 0x3E, 0xFF, 0x3F, 0x48, 0x41, 0xFF, 0x2C, 0x33, 0x30, 0xFF, 0x2E, 0x39, 0x37, 0xFF,
    0x3D, 0x52, 0x5E, 0xFF, 0x5C, 0x71, 0x8B, 0xFF, 0x73, 0x8E, 0xB3, 0xFF, 0x67, 0x84, 0xAA, 0xFF,
    0x79, 0x96, 0xBA, 0xFF, 0x82, 0x9A, 0xB7, 0xFF, 0x2F, 0x39, 0x38, 0xFE, 0x66, 0x5E, 0x32, 0xFD,
    0xD6, 0xB0, 0x4B, 0xF6, 0xEF, 0xC1, 0x55, 0x21, 0x00, 0x00, 0x00, 0x00, 0xFF, 0xFF, 0x00, 0x01,
    0xDA, 0x91, 0x00, 0x07, 0xFA, 0x88, 0x11, 0xD8, 0xFF, 0x8F, 0x13, 0xFF, 0xFF, 0x8F, 0x13, 0xFF,
    0xFC, 0x8D, 0x12, 0xEE, 0xF8, 0x89, 0x13, 0x27, 0x00, 0x00, 0x00, 0x00, 0xFF, 0x9F, 0x00, 0x08,
    0x00, 0x00, 0x00, 0x00, 0xF7, 0x8A, 0x12, 0x44, 0xFF, 0x96, 0x13, 0xFF, 0xFF, 0x8E, 0x13, 0xFF,
    0xFA, 0x8A, 0x12, 0xBE, 0xFD, 0x8C, 0x12, 0xC2, 0xF9, 0x88, 0x11, 0xBF, 0x00, 0x00, 0x00, 0x00,
    0xF8, 0x8B, 0x12, 0x79, 0xFF, 0x92, 0x13, 0xFB, 0xF9, 0x8A, 0x12, 0xEE, 0xFF, 0x8D, 0x13, 0xFF,
    0xF9, 0x88, 0x12, 0xED, 0xFF, 0x91, 0x13, 0xFF, 0xF9, 0x87, 0x11, 0x8F, 0x00, 0x00, 0x00, 0x00,
    0xFA, 0x8A, 0x11, 0xA0, 0xFF, 0x9D, 0x14, 0xFB, 0xF9, 0x8A, 0x12, 0x95, 0xFF, 0x8D, 0x1C, 0x12,
    0xFB, 0x8F, 0x12, 0xF6, 0xFB, 0x8C, 0x12, 0xF4, 0xFF, 0x8B, 0x17, 0x16, 0xF8, 0x8B, 0x11, 0x49,
    0xFF, 0x8F, 0x13, 0xFE, 0xFE, 0x8C, 0x12, 0xFF, 0xFC, 0x8D, 0x12, 0xEF, 0xF8, 0x89, 0x10, 0x4C,
    0x00, 0x00, 0x00, 0x00, 0x00, 0x00, 0x00, 0x00, 0xF8, 0x88, 0x12, 0xCF, 0xFF, 0x99, 0x14, 0xFD,
    0xFB, 0x8C, 0x11, 0x47, 0xFA, 0x89, 0x10, 0x3F, 0xFF, 0x98, 0x14, 0xFE, 0xF9, 0x89, 0x11, 0xD6,
    0xFF, 0x7F, 0x00, 0x02, 0xF9, 0x8A, 0x16, 0x2E, 0xFB, 0x8C, 0x12, 0xFC, 0xFC, 0x8C, 0x12, 0xFB,
    0xF9, 0x8C, 0x0F, 0x31, 0x00, 0x00, 0x00, 0x00, 0xFA, 0x8B, 0x11, 0x68, 0xFF, 0x99, 0x14, 0xFF,
    0xF9, 0x88, 0x12, 0xC2, 0x00, 0x00, 0x00, 0x00, 0xFC, 0x8A, 0x12, 0x60, 0xFF, 0x90, 0x13, 0xFE,
    0xFA, 0x8A, 0x12, 0xFF, 0xF9, 0x89, 0x12, 0xDE, 0xF9, 0x89, 0x12, 0xF8, 0xFF, 0x94, 0x13, 0xFF,
    0xF8, 0x89, 0x13, 0x4E, 0x00, 0x00, 0x00, 0x00, 0xF9, 0x8A, 0x12, 0xC2, 0xFF, 0x8F, 0x13, 0xFB,
    0xF8, 0x89, 0x12, 0xA9, 0xFF, 0x92, 0x13, 0xFF, 0xFA, 0x8A, 0x11, 0xB1, 0x00, 0x00, 0x00, 0x00,
    0xFF, 0xFF, 0x00, 0x01, 0xFF, 0x00, 0x00, 0x01, 0x00, 0x00, 0x00, 0x02, 0x00, 0x00, 0x00, 0x00,
    0x00, 0x00, 0x00, 0x2B, 0x00, 0x00, 0x00, 0xF9, 0x00, 0x00, 0x00, 0xE5, 0x00, 0x00, 0x00, 0xC6,
    0x00, 0x00, 0x00, 0xCC, 0x00, 0x00, 0x00, 0x36, 0x00, 0x00, 0x00, 0x1E, 0x00, 0x00, 0x00, 0xFB,
    0x00, 0x00, 0x00, 0xFF, 0x00, 0x00, 0x00, 0xA9, 0x00, 0x00, 0x00, 0x0A, 0x00, 0x00, 0x00, 0x40,
    0x00, 0x00, 0x00, 0xFF, 0x00, 0x00, 0x00, 0xD7, 0x00, 0x00, 0x00, 0xD8, 0x00, 0x00, 0x00, 0xEB,
    0x00, 0x00, 0x00, 0x14, 0x00, 0x00, 0x00, 0xC6, 0x00, 0x00, 0x00, 0xFF, 0x00, 0x00, 0x00, 0xBE,
    0x00, 0x00, 0x00, 0xFB, 0x00, 0x00, 0x00, 0x7D, 0x00, 0x00, 0x00, 0x00, 0x00, 0x00, 0x00, 0x00,
    0x00, 0x00, 0x00, 0x00, 0x00, 0x00, 0x00, 0xB2, 0x00, 0x00, 0x00, 0xF2, 0x00, 0x00, 0x00, 0x00,
    0x00, 0x00, 0x00, 0x31, 0x00, 0x00, 0x00, 0xFF, 0x00, 0x00, 0x00, 0x7E, 0x00, 0x00, 0x00, 0x00,
    0x00, 0x00, 0x00, 0xE0, 0x00, 0x00, 0x00, 0xD7, 0x00, 0x00, 0x00, 0x47, 0x00, 0x00, 0x00, 0xFF,
    0x00, 0x00, 0x00, 0x6E, 0x00, 0x00, 0x00, 0x49, 0x00, 0x00, 0x00, 0xFF, 0x00, 0x00, 0x00, 0xCE,
    0x00, 0x00, 0x00, 0xDE, 0x00, 0x00, 0x00, 0xE4, 0x00, 0x00, 0x00, 0x03, 0x00, 0x00, 0x00, 0xCC,
    0x00, 0x00, 0x00, 0xE5, 0x00, 0x00, 0x00, 0x4E, 0x00, 0x00, 0x00, 0xFF, 0x00, 0x00, 0x00, 0x7A,
    0x00, 0x00, 0x00, 0x54, 0x00, 0x00, 0x00, 0xD0, 0x00, 0x00, 0x00, 0xCF, 0x00, 0x00, 0x00, 0x5D,
    0x00, 0x00, 0x00, 0x1D, 0x00, 0x00, 0x00, 0xBD, 0x00, 0x00, 0x00, 0xB0, 0x00, 0x00, 0x00, 0xC6,
    0x00, 0x00, 0x00, 0xF5, 0x00, 0x00, 0x00, 0x8F, 0x00, 0x00, 0x00, 0x04, 0x00, 0x00, 0x00, 0xFC,
    0x00, 0x00, 0x00, 0xA3, 0x00, 0x00, 0x00, 0x66, 0x00, 0x00, 0x00, 0xFF, 0x00, 0x00, 0x00, 0x40,
    0x00, 0x00, 0x00, 0x71, 0x00, 0x00, 0x00, 0xFC, 0x00, 0x00, 0x00, 0x2C, 0x00, 0x00, 0x00, 0xE2,
    0x00, 0x00, 0x00, 0xCD, 0x00, 0x00, 0x00, 0x04, 0x00, 0x00, 0x00, 0xE7, 0x00, 0x00, 0x00, 0xFF,
    0x00, 0x00, 0x00, 0xC4, 0x00, 0x00, 0x00, 0x1E, 0x00, 0x00, 0x00, 0x08, 0x00, 0x00, 0x00, 0xF7,
    0x00, 0x00, 0x00, 0xB5, 0x00, 0x00, 0x00, 0x00, 0x00, 0x00, 0x00, 0x09, 0x00, 0x00, 0x00, 0x03,
    0x00, 0x00, 0x00, 0x8F, 0x00, 0x00, 0x00, 0xFF, 0x00, 0x00, 0x00, 0xC0, 0x00, 0x00, 0x00, 0xF0,
    0x00, 0x00, 0x00, 0xB7, 0x00, 0x00, 0x00, 0x00, 0x00, 0x00, 0x00, 0x00, 0x00, 0x00, 0x00, 0x00,
    0x00, 0x00, 0x00, 0x68, 0x00, 0x00, 0x00, 0xFF, 0x00, 0x00, 0x00, 0xD3, 0x00, 0x00, 0x00, 0xBB,
    0x00, 0x00, 0x00, 0xF8, 0x00, 0x00, 0x00, 0x90, 0x00, 0x00, 0x00, 0x07, 0x00, 0x00, 0x00, 0xFB,
    0x00, 0x00, 0x00, 0xA5, 0x00, 0x00, 0x00, 0x68, 0x00, 0x00, 0x00, 0xFF, 0x00, 0x00, 0x00, 0x46,
    0x00, 0x00, 0x00, 0xB0, 0x00, 0x00, 0x00, 0xFD, 0x00, 0x00, 0x00, 0xFF, 0x00, 0x00, 0x00, 0xF0,
    0x00, 0x00, 0x00, 0xD8, 0x00, 0x00, 0x00, 0x01, 0x00, 0x00, 0x00, 0xD1, 0x00, 0x00, 0x00, 0xFE,
    0x00, 0x00, 0x00, 0xBF, 0x00, 0x00, 0x00, 0xFB, 0x00, 0x00, 0x00, 0x6D, 0x00, 0x00, 0x00, 0x33,
    0x00, 0x00, 0x00, 0xFF, 0x00, 0x00, 0x00, 0xFF, 0x00, 0x00, 0x00, 0x90, 0x00, 0x00, 0x00, 0x04,
    0x00, 0x00, 0x00, 0x21, 0x00, 0x00, 0x00, 0xFD, 0x00, 0x00, 0x00, 0xB1, 0x00, 0x00, 0x00, 0x00,
    0x00, 0x00, 0x00, 0xC3, 0x00, 0x00, 0x00, 0xE0, 0x00, 0x00, 0x00, 0x31, 0x00, 0x00, 0x00, 0xFF,
    0x00, 0x00, 0x00, 0x86, 0x00, 0x00, 0x00, 0x2E, 0x00, 0x00, 0x00, 0xFE, 0x00, 0x00, 0x00, 0x70,
    0x00, 0x00, 0x00, 0x00, 0x00, 0x00, 0x00, 0x04, 0x00, 0x00, 0x00, 0x00, 0x00, 0x00, 0x00, 0x00,
    0xD4, 0xD9, 0xDC, 0xFC, 0xDB, 0xE0, 0xE3, 0xFF, 0xBD, 0xC1, 0xC2, 0xFF, 0x89, 0x8C, 0x93, 0xFF,
    0xA0, 0x8F, 0x79, 0xFF, 0xEF, 0xD7, 0xAD, 0xFF, 0xD9, 0xC1, 0x9E, 0xFF, 0xF8, 0xDC, 0xB1, 0xFF,
    0xD7, 0xC3, 0xA3, 0xFF, 0xBA, 0xB2, 0xA0, 0xFF, 0xFF, 0xEA, 0xC1, 0xFF, 0xCC, 0xB5, 0x8F, 0xFF,
    0x2A, 0x2C, 0x2A, 0xFF, 0x30, 0x32, 0x33, 0xFF, 0x19, 0x19, 0x18, 0xFC, 0xB9, 0xBB, 0xBB, 0xFE,
    0xFF, 0xFF, 0xFF, 0xB9, 0x36, 0x3E, 0x28, 0x9F, 0x3C, 0x4B, 0x38, 0xFE, 0x2B, 0x30, 0x23, 0xFC,
    0x3D, 0x3E, 0x2D, 0xFF, 0x31, 0x36, 0x2E, 0xFF, 0x2C, 0x31, 0x2F, 0xFF, 0x2C, 0x38, 0x37, 0xFF,
    0x53, 0x68, 0x7C, 0xFF, 0x54, 0x62, 0x75, 0xFF, 0x5B, 0x64, 0x74, 0xFF, 0x76, 0x85, 0x9E, 0xFF,
    0x7F, 0x90, 0xA9, 0xFF, 0x83, 0x97, 0xB1, 0xFF, 0x3B, 0x44, 0x47, 0xFF, 0x45, 0x45, 0x27, 0xFB,
    0xC2, 0xA1, 0x43, 0xFF, 0xCC, 0xA4, 0x42, 0x6B, 0x00, 0x00, 0x00, 0x00, 0x00, 0x00, 0x00, 0x00,
    0xF9, 0x87, 0x0F, 0x31, 0xFD, 0x8F, 0x13, 0xFB, 0xFA, 0x8A, 0x11, 0xE3, 0xF9, 0x89, 0x11, 0xAE,
    0xFF, 0x96, 0x14, 0xFF, 0xFB, 0x8B, 0x11, 0xDD, 0xF4, 0x84, 0x14, 0x19, 0x00, 0x00, 0x00, 0x00,
    0xFF, 0xFF, 0x00, 0x01, 0xFB, 0x88, 0x12, 0x45, 0xFF, 0x93, 0x13, 0x68, 0xF9, 0x8B, 0x12, 0x5F,
    0xF9, 0x89, 0x11, 0xAC, 0xFF, 0x9C, 0x14, 0xFF, 0xF9, 0x8A, 0x11, 0xC7, 0x00, 0x00, 0x00, 0x00,
    0xF9, 0x88, 0x12, 0x95, 0xFF, 0x96, 0x13, 0xFC, 0xF9, 0x89, 0x12, 0xEB, 0xF8, 0x89, 0x11, 0xC8,
    0xFC, 0x90, 0x13, 0xFE, 0xFB, 0x8B, 0x12, 0xEC, 0xF2, 0x85, 0x0C, 0x15, 0xFF, 0x91, 0x12, 0x0E,
    0xFA, 0x8A, 0x12, 0xE1, 0xFD, 0x94, 0x13, 0xFC, 0xFA, 0x8C, 0x11, 0x3C, 0xFA, 0x8A, 0x11, 0x78,
    0xFF, 0x9B, 0x14, 0xFD, 0xF9, 0x89, 0x12, 0xC4, 0x00, 0x00, 0x00, 0x00, 0xFB, 0x8B, 0x12, 0x9B,
    0xFF, 0x98, 0x14, 0xFB, 0xFC, 0x8C, 0x12, 0xCA, 0xEF, 0x7F, 0x17, 0x20, 0x00, 0x00, 0x00, 0x00,
    0xFF, 0x7F, 0x00, 0x02, 0xFF, 0x89, 0x0F, 0x32, 0xFD, 0x8E, 0x12, 0xF8, 0xFB, 0x8B, 0x12, 0xEB,
    0xFF, 0x8D, 0x0E, 0x12, 0xFA, 0x89, 0x11, 0xAE, 0xFF, 0x9B, 0x14, 0xFC, 0xF9, 0x8A, 0x11, 0x90,
    0x00, 0x00, 0x00, 0x00, 0xFA, 0x8A, 0x11, 0x72, 0xFF, 0x98, 0x14, 0xFC, 0xF9, 0x8A, 0x12, 0xC2,
    0xFF, 0x7F, 0x00, 0x02, 0x00, 0x00, 0x00, 0x00, 0xF9, 0x89, 0x12, 0xB4, 0xFF, 0x9C, 0x14, 0xFF,
    0xF8, 0x89, 0x11, 0x75, 0xFF, 0x00, 0x00, 0x01, 0xFA, 0x8B, 0x11, 0xAE, 0xFF, 0x99, 0x13, 0xFB,
    0xFA, 0x8A, 0x13, 0xA0, 0xF9, 0x8B, 0x11, 0x56, 0xFB, 0x8C, 0x13, 0x50, 0xFA, 0x88, 0x12, 0x6E,
    0xF2, 0x85, 0x0C, 0x15, 0x00, 0x00, 0x00, 0x00, 0xF9, 0x89, 0x11, 0xAE, 0xFF, 0x90, 0x13, 0xFC,
    0xFF, 0x8F, 0x13, 0xFF, 0xFB, 0x8C, 0x11, 0xE4, 0xFF, 0x8A, 0x0A, 0x18, 0xFF, 0xFF, 0x00, 0x01,
    0xFF, 0x7F, 0x00, 0x02, 0x00, 0x00, 0x00, 0x00, 0x00, 0x00, 0x00, 0x04, 0x00, 0x00, 0x00, 0x00,
    0x00, 0x00, 0x00, 0x88, 0x00, 0x00, 0x00, 0xFF, 0x00, 0x00, 0x00, 0x42, 0x00, 0x00, 0x00, 0x08,
    0x00, 0x00, 0x00, 0x0E, 0x00, 0x00, 0x00, 0x00, 0x00, 0x00, 0x00, 0x7E, 0x00, 0x00, 0x00, 0xFF,
    0x00, 0x00, 0x00, 0x73, 0x00, 0x00, 0x00, 0x00, 0x00, 0x00, 0x00, 0x00, 0x00, 0x00, 0x00, 0xAA,
    0x00, 0x00, 0x00, 0xFF, 0x00, 0x00, 0x00, 0x96, 0x00, 0x00, 0x00, 0x8E, 0x00, 0x00, 0x00, 0x5D,
    0x00, 0x00, 0x00, 0x28, 0x00, 0x00, 0x00, 0xFF, 0x00, 0x00, 0x00, 0xD5, 0x00, 0x00, 0x00, 0x86,
    0x00, 0x00, 0x00, 0x8F, 0x00, 0x00, 0x00, 0x1A, 0x00, 0x00, 0x00, 0x14, 0x00, 0x00, 0x00, 0x61,
    0x00, 0x00, 0x00, 0x1F, 0x00, 0x00, 0x00, 0xFF, 0x00, 0x00, 0x00, 0xDE, 0x00, 0x00, 0x00, 0x45,
    0x00, 0x00, 0x00, 0xB1, 0x00, 0x00, 0x00, 0xFF, 0x00, 0x00, 0x00, 0x29, 0x00, 0x00, 0x00, 0x1E,
    0x00, 0x00, 0x00, 0xFF, 0x00, 0x00, 0x00, 0xA6, 0x00, 0x00, 0x00, 0x9B, 0x00, 0x00, 0x00, 0xFF,
    0x00, 0x00, 0x00, 0x20, 0x00, 0x00, 0x00, 0xB2, 0x00, 0x00, 0x00, 0xFF, 0x00, 0x00, 0x00, 0x90,
    0x00, 0x00, 0x00, 0x8E, 0x00, 0x00, 0x00, 0x53, 0x00, 0x00, 0x00, 0x21, 0x00, 0x00, 0x00, 0xFF,
    0x00, 0x00, 0x00, 0x90, 0x00, 0x00, 0x00, 0x80, 0x00, 0x00, 0x00, 0xFF, 0x00, 0x00, 0x00, 0x2D,
    0x00, 0x00, 0x00, 0x25, 0x00, 0x00, 0x00, 0x4A, 0x00, 0x00, 0x00, 0x48, 0x00, 0x00, 0x00, 0x1A,
    0x00, 0x00, 0x00, 0x61, 0x00, 0x00, 0x00, 0x76, 0x00, 0x00, 0x00, 0x6B, 0x00, 0x00, 0x00, 0xA5,
    0x00, 0x00, 0x00, 0xFF, 0x00, 0x00, 0x00, 0x41, 0x00, 0x00, 0x00, 0x51, 0x00, 0x00, 0x00, 0xFF,
    0x00, 0x00, 0x00, 0x8E, 0x00, 0x00, 0x00, 0xCF, 0x00, 0x00, 0x00, 0xF9, 0x00, 0x00, 0x00, 0x10,
    0x00, 0x00, 0x00, 0xE3, 0x00, 0x00, 0x00, 0xFF, 0x00, 0x00, 0x00, 0xA8, 0x00, 0x00, 0x00, 0xFF,
    0x00, 0x00, 0x00, 0x67, 0x00, 0x00, 0x00, 0x43, 0x00, 0x00, 0x00, 0xFF, 0x00, 0x00, 0x00, 0x96,
    0x00, 0x00, 0x00, 0x00, 0x00, 0x00, 0x00, 0x00, 0x00, 0x00, 0x00, 0x62, 0x00, 0x00, 0x00, 0xFF,
    0x00, 0x00, 0x00, 0x92, 0x00, 0x00, 0x00, 0x46, 0x00, 0x00, 0x00, 0x49, 0x00, 0x00, 0x00, 0x0B,
    0x00, 0x00, 0x00, 0xEC, 0x00, 0x00, 0x00, 0xF8, 0x00, 0x00, 0x00, 0x86, 0x00, 0x00, 0x00, 0x91,
    0x00, 0x00, 0x00, 0x3C, 0x00, 0x00, 0x00, 0x00, 0x00, 0x00, 0x00, 0x6A, 0x00, 0x00, 0x00, 0x17,
    0x00, 0x00, 0x00, 0xC2, 0x00, 0x00, 0x00, 0xFC, 0x00, 0x00, 0x00, 0x35, 0x00, 0x00, 0x00, 0x32,
    0x00, 0x00, 0x00, 0x2B, 0x00, 0x00, 0x00, 0x00, 0x00, 0x00, 0x00, 0x5D, 0x00, 0x00, 0x00, 0xFF,
    0x00, 0x00, 0x00, 0x8D, 0x00, 0x00, 0x00, 0xD1, 0x00, 0x00, 0x00, 0xF8, 0x00, 0x00, 0x00, 0x11,
    0x00, 0x00, 0x00, 0xE0, 0x00, 0x00, 0x00, 0xF8, 0x00, 0x00, 0x00, 0xD5, 0x00, 0x00, 0x00, 0xFF,
    0x00, 0x00, 0x00, 0x46, 0x00, 0x00, 0x00, 0x24, 0x00, 0x00, 0x00, 0xFF, 0x00, 0x00, 0x00, 0xCE,
    0x00, 0x00, 0x00, 0x87, 0x00, 0x00, 0x00, 0x90, 0x00, 0x00, 0x00, 0x0D, 0x00, 0x00, 0x00, 0xA0,
    0x00, 0x00, 0x00, 0xFF, 0x00, 0x00, 0x00, 0x53, 0x00, 0x00, 0x00, 0x00, 0x00, 0x00, 0x00, 0x00,
    0x00, 0x00, 0x00, 0x74, 0x00, 0x00, 0x00, 0xFF, 0x00, 0x00, 0x00, 0x4A, 0x00, 0x00, 0x00, 0x15,
    0x00, 0x00, 0x00, 0xFF, 0x00, 0x00, 0x00, 0xE2, 0x00, 0x00, 0x00, 0xBD, 0x00, 0x00, 0x00, 0xFF,
    0x00, 0x00, 0x00, 0x2F, 0x00, 0x00, 0x00, 0x99, 0x00, 0x00, 0x00, 0xFF, 0x00, 0x00, 0x00, 0x2C,
    0x00, 0x00, 0x00, 0x00, 0x00, 0x00, 0x00, 0x02, 0x00, 0x00, 0x00, 0x00, 0x00, 0x00, 0x00, 0x00,
    0xDE, 0xE4, 0xE7, 0xF9, 0xEA, 0xEF, 0xF1, 0xFF, 0xB8, 0xBD, 0xC0, 0xFF, 0xC3, 0xC7, 0xCB, 0xFF,
    0xAE, 0x9F, 0x81, 0xFF, 0xDD, 0xC9, 0xA9, 0xFF, 0xB1, 0xAB, 0xA3, 0xFF, 0xF7, 0xDB, 0xB1, 0xFF,
    0xEC, 0xD5, 0xB3, 0xFF, 0x89, 0x92, 0x99, 0xFF, 0x5E, 0x5B, 0x46, 0xFF, 0xE5, 0xD3, 0xAA, 0xFF,
    0x89, 0x81, 0x6D, 0xFF, 0x1F, 0x21, 0x25, 0xFF, 0x1A, 0x1A, 0x19, 0xFE, 0xB1, 0xB3, 0xB3, 0xFF,
    0xF6, 0xF6, 0xF6, 0xE7, 0x2C, 0x30, 0x20, 0xDC, 0x21, 0x23, 0x14, 0xFF, 0x21, 0x21, 0x13, 0xFE,
    0x28, 0x2C, 0x1D, 0xFF, 0x2F, 0x34, 0x2A, 0xFF, 0x2D, 0x35, 0x35, 0xFF, 0x2C, 0x35, 0x36, 0xFF,
    0x33, 0x38, 0x3D, 0xFF, 0x4C, 0x50, 0x5A, 0xFF, 0x69, 0x77, 0x92, 0xFF, 0x78, 0x8C, 0xAA, 0xFF,
    0x57, 0x5A, 0x5F, 0xFF, 0x5B, 0x63, 0x6D, 0xFF, 0x3B, 0x40, 0x43, 0xFF, 0x35, 0x35, 0x1E, 0xFC,
    0xB3, 0x95, 0x3F, 0xFE, 0xCF, 0xA7, 0x4A, 0x9B, 0x00, 0x00, 0x00, 0x00, 0x00, 0x00, 0x00, 0x00,
    0xF9, 0x89, 0x12, 0x87, 0xFF, 0xA5, 0x15, 0xFF, 0xFA, 0x89, 0x11, 0xAB, 0xFF, 0x7F, 0x00, 0x06,
    0xFB, 0x8A, 0x12, 0xCC, 0xFF, 0x9F, 0x14, 0xFF, 0xFA, 0x8B, 0x12, 0xD4, 0xFF, 0x90, 0x0B, 0x17,
    0xCC, 0x66, 0x00, 0x05, 0xFA, 0x89, 0x12, 0xCE, 0xFF, 0x8E, 0x12, 0xDF, 0xFA, 0x89, 0x12, 0xDC,
    0xFB, 0x8B, 0x12, 0xEF, 0xFE, 0x92, 0x13, 0xFF, 0xF9, 0x8A, 0x12, 0x5E, 0x00, 0x00, 0x00, 0x00,
    0xF9, 0x89, 0x11, 0xBA, 0xFF, 0xA4, 0x15, 0xFF, 0xFA, 0x89, 0x11, 0x73, 0xFA, 0x8A, 0x11, 0xAD,
    0xFF, 0xA3, 0x15, 0xFF, 0xF8, 0x8A, 0x11, 0x78, 0x00, 0x00, 0x00, 0x00, 0xFA, 0x89, 0x13, 0x34,
    0xFF, 0x92, 0x13, 0xFF, 0xFF, 0x92, 0x13, 0xFF, 0xF9, 0x8A, 0x12, 0xF0, 0xFD, 0x8C, 0x12, 0xFF,
    0xFF, 0x9D, 0x14, 0xFF, 0xF8, 0x89, 0x11, 0x75, 0xFF, 0x6D, 0x00, 0x07, 0xF9, 0x89, 0x11, 0xF4,
    0xFF, 0x9C, 0x14, 0xFF, 0xF8, 0x8A, 0x12, 0x51, 0x00, 0x00, 0x00, 0x00, 0xFF, 0x99, 0x19, 0x0A,
    0x00, 0x00, 0x00, 0x00, 0xF9, 0x8A, 0x11, 0x65, 0xFF, 0x9A, 0x14, 0xFF, 0xFF, 0x8C, 0x12, 0xFF,
    0xF9, 0x8A, 0x12, 0xEF, 0xFF, 0x90, 0x13, 0xFF, 0xFF, 0x96, 0x13, 0xFF, 0xFB, 0x8A, 0x12, 0x44,
    0xFF, 0x7F, 0x00, 0x02, 0xFA, 0x89, 0x12, 0xD1, 0xFF, 0x9A, 0x14, 0xFF, 0xF9, 0x89, 0x12, 0xFE,
    0xF9, 0x8A, 0x12, 0xEE, 0xFA, 0x8A, 0x12, 0xEE, 0xFF, 0x93, 0x13, 0xFF, 0xFC, 0x8C, 0x11, 0xF3,
    0xFF, 0x8C, 0x14, 0x26, 0xFF, 0x00, 0x00, 0x01, 0xF9, 0x89, 0x11, 0xE9, 0xFF, 0x98, 0x14, 0xFF,
    0xF9, 0x89, 0x11, 0xF1, 0xF9, 0x8A, 0x12, 0xDA, 0xFF, 0x93, 0x13, 0xDE, 0xF9, 0x8A, 0x12, 0x97,
    0xFF, 0xAA, 0x00, 0x03, 0x00, 0x00, 0x00, 0x00, 0xFA, 0x8A, 0x11, 0x9D, 0xFF, 0x9C, 0x14, 0xFF,
    0xFE, 0x8F, 0x13, 0xFF, 0xFB, 0x88, 0x11, 0x49, 0x00, 0x00, 0x00, 0x00, 0xFF, 0x55, 0x00, 0x03,
    0x00, 0x00, 0x00, 0x00, 0x00, 0x00, 0x00, 0x00, 0x00, 0x00, 0x00, 0x01, 0x00, 0x00, 0x00, 0x00,
    0x00, 0x00, 0x00, 0x86, 0x00, 0x00, 0x00, 0xA6, 0x00, 0x00, 0x00, 0x08, 0x00, 0x00, 0x00, 0x00,
    0x00, 0x00, 0x00, 0x00, 0x00, 0x00, 0x00, 0x00, 0x00, 0x00, 0x00, 0x7F, 0x00, 0x00, 0x00, 0xA8,
    0x00, 0x00, 0x00, 0x05, 0x00, 0x00, 0x00, 0x01, 0x00, 0x00, 0x00, 0x01, 0x00, 0x00, 0x00, 0x79,
    0x00, 0x00, 0x00, 0xB0, 0x00, 0x00, 0x00, 0x9F, 0x00, 0x00, 0x00, 0xA9, 0x00, 0x00, 0x00, 0x3D,
    0x00, 0x00, 0x00, 0x24, 0x00, 0x00, 0x00, 0xAD, 0x00, 0x00, 0x00, 0xA7, 0x00, 0x00, 0x00, 0xA5,
    0x00, 0x00, 0x00, 0x8E, 0x00, 0x00, 0x00, 0x00, 0x00, 0x00, 0x00, 0xB5, 0x00, 0x00, 0x00, 0xAE,
    0x00, 0x00, 0x00, 0x18, 0x00, 0x00, 0x00, 0xAE, 0x00, 0x00, 0x00, 0xAA, 0x00, 0x00, 0x00, 0xAE,
    0x00, 0x00, 0x00, 0xB3, 0x00, 0x00, 0x00, 0x9D, 0x00, 0x00, 0x00, 0x00, 0x00, 0x00, 0x00, 0x75,
    0x00, 0x00, 0x00, 0xFE, 0x00, 0x00, 0x00, 0xB2, 0x00, 0x00, 0x00, 0xAF, 0x00, 0x00, 0x00, 0x88,
    0x00, 0x00, 0x00, 0x00, 0x00, 0x00, 0x00, 0x88, 0x00, 0x00, 0x00, 0xAF, 0x00, 0x00, 0x00, 0xA0,
    0x00, 0x00, 0x00, 0xA8, 0x00, 0x00, 0x00, 0x2D, 0x00, 0x00, 0x00, 0x38, 0x00, 0x00, 0x00, 0xB2,
    0x00, 0x00, 0x00, 0x37, 0x00, 0x00, 0x00, 0x84, 0x00, 0x00, 0x00, 0xA2, 0x00, 0x00, 0x00, 0x06,
    0x00, 0x00, 0x00, 0x00, 0x00, 0x00, 0x00, 0x00, 0x00, 0x00, 0x00, 0x00, 0x00, 0x00, 0x00, 0x00,
    0x00, 0x00, 0x00, 0x96, 0x00, 0x00, 0x00, 0xBE, 0x00, 0x00, 0x00, 0xBA, 0x00, 0x00, 0x00, 0xBB,
    0x00, 0x00, 0x00, 0x9B, 0x00, 0x00, 0x00, 0x03, 0x00, 0x00, 0x00, 0x4B, 0x00, 0x00, 0x00, 0xAE,
    0x00, 0x00, 0x00, 0xA9, 0x00, 0x00, 0x00, 0xB7, 0x00, 0x00, 0x00, 0x73, 0x00, 0x00, 0x00, 0x19,
    0x00, 0x00, 0x00, 0x9F, 0x00, 0x00, 0x00, 0x7C, 0x00, 0x00, 0x00, 0x9F, 0x00, 0x00, 0x00, 0xB0,
    0x00, 0x00, 0x00, 0x19, 0x00, 0x00, 0x00, 0x5B, 0x00, 0x00, 0x00, 0xAF, 0x00, 0x00, 0x00, 0x1A,
    0x00, 0x00, 0x00, 0x00, 0x00, 0x00, 0x00, 0x01, 0x00, 0x00, 0x00, 0x6B, 0x00, 0x00, 0x00, 0xAF,
    0x00, 0x00, 0x00, 0xA8, 0x00, 0x00, 0x00, 0xB5, 0x00, 0x00, 0x00, 0x7D, 0x00, 0x00, 0x00, 0x09,
    0x00, 0x00, 0x00, 0xA2, 0x00, 0x00, 0x00, 0xAC, 0x00, 0x00, 0x00, 0xA2, 0x00, 0x00, 0x00, 0xA7,
    0x00, 0x00, 0x00, 0x13, 0x00, 0x00, 0x00, 0x71, 0x00, 0x00, 0x00, 0xEB, 0x00, 0x00, 0x00, 0x15,
    0x00, 0x00, 0x00, 0xA6, 0x00, 0x00, 0x00, 0x78, 0x00, 0x00, 0x00, 0x00, 0x00, 0x00, 0x00, 0x00,
    0x00, 0x00, 0x00, 0x00, 0x00, 0x00, 0x00, 0x00, 0x00, 0x00, 0x00, 0x51, 0x00, 0x00, 0x00, 0xAE,
    0x00, 0x00, 0x00, 0xA9, 0x00, 0x00, 0x00, 0xB7, 0x00, 0x00, 0x00, 0x76, 0x00, 0x00, 0x00, 0x01,
    0x00, 0x00, 0x00, 0xA6, 0x00, 0x00, 0x00, 0x66, 0x00, 0x00, 0x00, 0x73, 0x00, 0x00, 0x00, 0x9C,
    0x00, 0x00, 0x00, 0x00, 0x00, 0x00, 0x00, 0x31, 0x00, 0x00, 0x00, 0xAD, 0x00, 0x00, 0x00, 0xA6,
    0x00, 0x00, 0x00, 0xA5, 0x00, 0x00, 0x00, 0x87, 0x00, 0x00, 0x00, 0x02, 0x00, 0x00, 0x00, 0x94,
    0x00, 0x00, 0x00, 0x99, 0x00, 0x00, 0x00, 0x00, 0x00, 0x00, 0x00, 0x03, 0x00, 0x00, 0x00, 0x01,
    0x00, 0x00, 0x00, 0x78, 0x00, 0x00, 0x00, 0xAA, 0x00, 0x00, 0x00, 0x04, 0x00, 0x00, 0x00, 0x36,
    0x00, 0x00, 0x00, 0x98, 0x00, 0x00, 0x00, 0x7B, 0x00, 0x00, 0x00, 0xAB, 0x00, 0x00, 0x00, 0xA4,
    0x00, 0x00, 0x00, 0x02, 0x00, 0x00, 0x00, 0x76, 0x00, 0x00, 0x00, 0xB3, 0x00, 0x00, 0x00, 0x2D,
    0x00, 0x00, 0x00, 0x00, 0x00, 0x00, 0x00, 0x02, 0x00, 0x00, 0x00, 0x00, 0x00, 0x00, 0x00, 0x00,
    0xDB, 0xE1, 0xE4, 0xFA, 0xE5, 0xEA, 0xED, 0xFF, 0xCF, 0xD3, 0xD6, 0xFF, 0xA5, 0xAA, 0xAF, 0xFF,
    0x7E, 0x74, 0x63, 0xFF, 0xCB, 0xB6, 0x95, 0xFF, 0x76, 0x7F, 0x85, 0xFF, 0x91, 0x8D, 0x80, 0xFF,
    0xE2, 0xDE, 0xD4, 0xFF, 0xAE, 0xB2, 0xAC, 0xFF, 0x6C, 0x82, 0x4A, 0xFF, 0xC7, 0xC0, 0xA0, 0xFF,
    0xD7, 0xBD, 0x99, 0xFF, 0x26, 0x27, 0x27, 0xFF, 0x20, 0x22, 0x21, 0xFF, 0x6B, 0x6C, 0x6D, 0xFF,
    0x32, 0x34, 0x34, 0xF7, 0x1D, 0x20, 0x10, 0xF4, 0x21, 0x21, 0x11, 0xFF, 0x23, 0x24, 0x15, 0xFF,
    0x29, 0x2D, 0x1D, 0xFF, 0x29, 0x2E, 0x25, 0xFF, 0x24, 0x27, 0x25, 0xFF, 0x4A, 0x5E, 0x78, 0xFF,
    0x7F, 0x99, 0xC5, 0xFF, 0x88, 0x9A, 0xBE, 0xFF, 0x78, 0x91, 0xB6, 0xFF, 0x9C, 0xB4, 0xDD, 0xFF,
    0x7A, 0x88, 0xA1, 0xFF, 0x45, 0x46, 0x4A, 0xFF, 0x29, 0x29, 0x25, 0xFF, 0x2F, 0x31, 0x21, 0xFC,
    0x96, 0x7A, 0x33, 0xFF, 0xB1, 0x88, 0x36, 0xAE, 0x00, 0x00, 0x00, 0x00, 0x7F, 0x7F, 0x7F, 0x02,
    0xF9, 0x8A, 0x0F, 0x30, 0xFF, 0x9F, 0x15, 0x48, 0xFF, 0x8E, 0x0F, 0x22, 0x00, 0x00, 0x00, 0x00,
    0xF4, 0x84, 0x14, 0x19, 0xFF, 0x8F, 0x11, 0x47, 0xFF, 0x91, 0x13, 0x4F, 0xF5, 0x84, 0x12, 0x1B,
    0xFF, 0xAA, 0x00, 0x03, 0xFB, 0x89, 0x11, 0x4A, 0xFF, 0x8D, 0x12, 0x53, 0xF8, 0x8A, 0x12, 0x53,
    0xFB, 0x8E, 0x13, 0x4F, 0xFA, 0x84, 0x12, 0x36, 0x00, 0x00, 0x00, 0x00, 0x00, 0x00, 0x00, 0x00,
    0xFA, 0x88, 0x12, 0x36, 0xFF, 0x91, 0x11, 0x48, 0xFF, 0x99, 0x00, 0x05, 0xFA, 0x8B, 0x13, 0x35,
    0xFF, 0x94, 0x11, 0x48, 0xFF, 0x8D, 0x1C, 0x09, 0xFF, 0xFF, 0x00, 0x01, 0xFF, 0x91, 0x00, 0x07,
    0xFB, 0x8B, 0x0F, 0x40, 0xFF, 0x8D, 0x11, 0x48, 0xFB, 0x8A, 0x13, 0x4F, 0xF8, 0x89, 0x11, 0x4A,
    0xFF, 0x91, 0x11, 0x48, 0xFF, 0x8F, 0x0F, 0x10, 0xFF, 0x8D, 0x1C, 0x09, 0xF8, 0x88, 0x11, 0x4B,
    0xFB, 0x86, 0x11, 0x48, 0xFF, 0x7F, 0x15, 0x0C, 0xFF, 0x7F, 0x00, 0x02, 0xFF, 0xFF, 0x00, 0x01,
    0x00, 0x00, 0x00, 0x00, 0xFF, 0x93, 0x1A, 0x13, 0xFB, 0x88, 0x11, 0x47, 0xFB, 0x89, 0x11, 0x4A,
    0xFB, 0x8A, 0x13, 0x4F, 0xFB, 0x8B, 0x11, 0x49, 0xFB, 0x88, 0x12, 0x45, 0xD4, 0x7F, 0x00, 0x06,
    0xFF, 0x7F, 0x00, 0x02, 0xF7, 0x89, 0x13, 0x43, 0xFF, 0x8A, 0x11, 0x48, 0xFB, 0x8B, 0x11, 0x4B,
    0xFB, 0x89, 0x13, 0x50, 0xFB, 0x8A, 0x13, 0x4F, 0xFF, 0x8F, 0x11, 0x49, 0xF2, 0x85, 0x13, 0x28,
    0x00, 0x00, 0x00, 0x00, 0x00, 0x00, 0x00, 0x00, 0xFA, 0x89, 0x13, 0x34, 0xFF, 0x8D, 0x11, 0x48,
    0xF8, 0x89, 0x13, 0x4E, 0xF8, 0x8A, 0x12, 0x53, 0xFB, 0x91, 0x12, 0x54, 0xFF, 0x8A, 0x0E, 0x23,
    0x00, 0x00, 0x00, 0x00, 0x00, 0x00, 0x00, 0x00, 0xF8, 0x89, 0x14, 0x25, 0xFF, 0x98, 0x15, 0x48,
    0xF6, 0x88, 0x11, 0x3A, 0x00, 0x00, 0x00, 0x00, 0xFF, 0xFF, 0x00, 0x01, 0x00, 0x00, 0x00, 0x00,
    0x00, 0x00, 0x00, 0x00, 0x00, 0x00, 0x00, 0x00, 0x00, 0x00, 0x00, 0x00, 0x00, 0x00, 0x00, 0x00,
    0x00, 0x00, 0x00, 0x00, 0x00, 0x00, 0x00, 0x00, 0x00, 0x00, 0x00, 0x00, 0x00, 0x00, 0x00, 0x01,
    0x00, 0x00, 0x00, 0x00, 0x00, 0x00, 0x00, 0x00, 0x00, 0x00, 0x00, 0x00, 0x00, 0x00, 0x00, 0x00,
    0x00, 0x00, 0x00, 0x00, 0x00, 0x00, 0x00, 0x00, 0x00, 0x00, 0x00, 0x00, 0x00, 0x00, 0x00, 0x00,
    0x00, 0x00, 0x00, 0x00, 0x00, 0x00, 0x00, 0x00, 0x00, 0x00, 0x00, 0x00, 0x00, 0x00, 0x00, 0x00,
    0x00, 0x00, 0x00, 0x00, 0x00, 0x00, 0x00, 0x00, 0x00, 0x00, 0x00, 0x00, 0x00, 0x00, 0x00, 0x00,
    0x00, 0x00, 0x00, 0x00, 0x00, 0x00, 0x00, 0x06, 0x00, 0x00, 0x00, 0x71, 0x00, 0x00, 0x00, 0x13,
    0x00, 0x00, 0x00, 0x00, 0x00, 0x00, 0x00, 0x00, 0x00, 0x00, 0x00, 0x00, 0x00, 0x00, 0x00, 0x00,
    0x00, 0x00, 0x00, 0x00, 0x00, 0x00, 0x00, 0x00, 0x00, 0x00, 0x00, 0x06, 0x00, 0x00, 0x00, 0xE7,
    0x00, 0x00, 0x00, 0xF7, 0x00, 0x00, 0x00, 0x07, 0x00, 0x00, 0x00, 0x00, 0x00, 0x00, 0x00, 0x00,
    0x00, 0x00, 0x00, 0x00, 0x00, 0x00, 0x00, 0x00, 0x00, 0x00, 0x00, 0x00, 0x00, 0x00, 0x00, 0x00,
    0x00, 0x00, 0x00, 0x00, 0x00, 0x00, 0x00, 0x00, 0x00, 0x00, 0x00, 0x00, 0x00, 0x00, 0x00, 0x00,
    0x00, 0x00, 0x00, 0x00, 0x00, 0x00, 0x00, 0x00, 0x00, 0x00, 0x00, 0x00, 0x00, 0x00, 0x00, 0x00,
    0x00, 0x00, 0x00, 0x01, 0x00, 0x00, 0x00, 0x03, 0x00, 0x00, 0x00, 0x03, 0x00, 0x00, 0x00, 0x02,
    0x00, 0x00, 0x00, 0x00, 0x00, 0x00, 0x00, 0x00, 0x00, 0x00, 0x00, 0x00, 0x00, 0x00, 0x00, 0x00,
    0x00, 0x00, 0x00, 0x00, 0x00, 0x00, 0x00, 0x00, 0x00, 0x00, 0x00, 0x00, 0x00, 0x00, 0x00, 0x00,
    0x00, 0x00, 0x00, 0x00, 0x00, 0x00, 0x00, 0x00, 0x00, 0x00, 0x00, 0x00, 0x00, 0x00, 0x00, 0x00,
    0x00, 0x00, 0x00, 0x00, 0x00, 0x00, 0x00, 0x00, 0x00, 0x00, 0x00, 0x00, 0x00, 0x00, 0x00, 0x00,
    0x00, 0x00, 0x00, 0x00, 0x00, 0x00, 0x00, 0x00, 0x00, 0x00, 0x00, 0x00, 0x00, 0x00, 0x00, 0x00,
    0x00, 0x00, 0x00, 0x01, 0x00, 0x00, 0x00, 0x00, 0x00, 0x00, 0x00, 0x00, 0x00, 0x00, 0x00, 0x00,
    0x00, 0x00, 0x00, 0x00, 0x00, 0x00, 0x00, 0x00, 0x00, 0x00, 0x00, 0x00, 0x00, 0x00, 0x00, 0x00,
    0x00, 0x00, 0x00, 0x00, 0x00, 0x00, 0x00, 0x00, 0x00, 0x00, 0x00, 0x00, 0x00, 0x00, 0x00, 0x00,
    0x00, 0x00, 0x00, 0x00, 0x00, 0x00, 0x00, 0x66, 0x00, 0x00, 0x00, 0x33, 0x00, 0x00, 0x00, 0x00,
    0x00, 0x00, 0x00, 0x00, 0x00, 0x00, 0x00, 0x00, 0x00, 0x00, 0x00, 0x02, 0x00, 0x00, 0x00, 0x02,
    0x00, 0x00, 0x00, 0x02, 0x00, 0x00, 0x00, 0x00, 0x00, 0x00, 0x00, 0x00, 0x00, 0x00, 0x00, 0x00,
    0x00, 0x00, 0x00, 0x00, 0x00, 0x00, 0x00, 0x00, 0x00, 0x00, 0x00, 0x00, 0x00, 0x00, 0x00, 0x00,
    0x00, 0x00, 0x00, 0x00, 0x00, 0x00, 0x00, 0x00, 0x00, 0x00, 0x00, 0x00, 0x00, 0x00, 0x00, 0x00,
    0x00, 0x00, 0x00, 0x01, 0x00, 0x00, 0x00, 0x00, 0x00, 0x00, 0x00, 0x00, 0x00, 0x00, 0x00, 0x00,
    0x00, 0x00, 0x00, 0x00, 0x00, 0x00, 0x00, 0x00, 0x00, 0x00, 0x00, 0x00, 0x00, 0x00, 0x00, 0x00,
    0x00, 0x00, 0x00, 0x00, 0x00, 0x00, 0x00, 0x02, 0x00, 0x00, 0x00, 0x00, 0x00, 0x00, 0x00, 0x00,
    0x00, 0x00, 0x00, 0x00, 0x00, 0x00, 0x00, 0x00, 0x00, 0x00, 0x00, 0x00, 0x00, 0x00, 0x00, 0x00,
    0x00, 0x00, 0x00, 0x00, 0x00, 0x00, 0x00, 0x00, 0x00, 0x00, 0x00, 0x00, 0x00, 0x00, 0x00, 0x00,
    0x00, 0x00, 0x00, 0x00, 0x00, 0x00, 0x00, 0x00, 0x00, 0x00, 0x00, 0x00, 0x00, 0x00, 0x00, 0x01,
    0x00, 0x00, 0x00, 0x00, 0x00, 0x00, 0x00, 0x00, 0x00, 0x00, 0x00, 0x00, 0x00, 0x00, 0x00, 0x00,
    0xDF, 0xE4, 0xE7, 0xF9, 0xE0, 0xE5, 0xE8, 0xFF, 0xDD, 0xE2, 0xE5, 0xFF, 0xB9, 0xBE, 0xC2, 0xFF,
    0x35, 0x35, 0x33, 0xFF, 0x57, 0x41, 0x2F, 0xFF, 0x8F, 0x8C, 0x78, 0xFF, 0x9F, 0xB3, 0x89, 0xFF,
    0xE2, 0xF1, 0xFD, 0xFF, 0xED, 0xFB, 0xFF, 0xFF, 0xE8, 0xFC, 0xFF, 0xFF, 0xCE, 0xCF, 0xCD, 0xFF,
    0xDE, 0xC6, 0x95, 0xFF, 0x2D, 0x2C, 0x28, 0xFF, 0x27, 0x2B, 0x2C, 0xFE, 0x8D, 0x87, 0x7B, 0xFF,
    0x91, 0x87, 0x74, 0xE9, 0x1F, 0x21, 0x14, 0xE5, 0x22, 0x23, 0x12, 0xFF, 0x20, 0x21, 0x12, 0xFE,
    0x26, 0x2A, 0x1B, 0xFF, 0x24, 0x27, 0x1D, 0xFF, 0x2B, 0x31, 0x33, 0xFF, 0x6F, 0x8C, 0xB4, 0xFF,
    0xA3, 0xBA, 0xE8, 0xFF, 0x8B, 0x9C, 0xC1, 0xFF, 0x7A, 0x86, 0xA6, 0xFF, 0x89, 0x92, 0xAA, 0xFF,
    0x95, 0xA6, 0xC7, 0xFF, 0x98, 0xB5, 0xDC, 0xFF, 0x34, 0x36, 0x37, 0xFF, 0x27, 0x2D, 0x22, 0xFC,
    0x82, 0x72, 0x33, 0xFF, 0xAE, 0x88, 0x2E, 0xA5, 0x00, 0x00, 0x00, 0x00, 0xAA, 0xAA, 0x55, 0x03,
    0x00, 0x00, 0x00, 0x00, 0x00, 0x00, 0x00, 0x00, 0x00, 0x00, 0x00, 0x00, 0xFF, 0x00, 0x00, 0x01,
    0x00, 0x00, 0x00, 0x00, 0x00, 0x00, 0x00, 0x00, 0x00, 0x00, 0x00, 0x00, 0x00, 0x00, 0x00, 0x00,
    0x00, 0x00, 0x00, 0x00, 0x00, 0x00, 0x00, 0x00, 0x00, 0x00, 0x00, 0x00, 0x00, 0x00, 0x00, 0x00,
    0x00, 0x00, 0x00, 0x00, 0x00, 0x00, 0x00, 0x00, 0xFF, 0x00, 0x00, 0x01, 0x00, 0x00, 0x00, 0x00,
    0x00, 0x00, 0x00, 0x00, 0x00, 0x00, 0x00, 0x00, 0x00, 0x00, 0x00, 0x00, 0x00, 0x00, 0x00, 0x00,
    0x00, 0x00, 0x00, 0x00, 0x00, 0x00, 0x00, 0x00, 0x00, 0x00, 0x00, 0x00, 0x00, 0x00, 0x00, 0x00,
    0x00, 0x00, 0x00, 0x00, 0x00, 0x00, 0x00, 0x00, 0x00, 0x00, 0x00, 0x00, 0x00, 0x00, 0x00, 0x00,
    0x00, 0x00, 0x00, 0x00, 0x00, 0x00, 0x00, 0x00, 0x00, 0x00, 0x00, 0x00, 0x00, 0x00, 0x00, 0x00,
    0x00, 0x00, 0x00, 0x00, 0x00, 0x00, 0x00, 0x00, 0x00, 0x00, 0x00, 0x00, 0x00, 0x00, 0x00, 0x00,
    0x00, 0x00, 0x00, 0x00, 0x00, 0x00, 0x00, 0x00, 0x00, 0x00, 0x00, 0x00, 0x00, 0x00, 0x00, 0x00,
    0x00, 0x00, 0x00, 0x00, 0x00, 0x00, 0x00, 0x00, 0x00, 0x00, 0x00, 0x00, 0x00, 0x00, 0x00, 0x00,
    0x00, 0x00, 0x00, 0x00, 0x00, 0x00, 0x00, 0x00, 0x00, 0x00, 0x00, 0x00, 0x00, 0x00, 0x00, 0x00,
    0x00, 0x00, 0x00, 0x00, 0x00, 0x00, 0x00, 0x00, 0x00, 0x00, 0x00, 0x00, 0x00, 0x00, 0x00, 0x00,
    0xFF, 0x00, 0x00, 0x01, 0x00, 0x00, 0x00, 0x00, 0x00, 0x00, 0x00, 0x00, 0x00, 0x00, 0x00, 0x00,
    0x00, 0x00, 0x00, 0x00, 0x00, 0x00, 0x00, 0x00, 0x00, 0x00, 0x00, 0x00, 0x00, 0x00, 0x00, 0x00,
    0x00, 0x00, 0x00, 0x00, 0x00, 0x00, 0x00, 0x00, 0x00, 0x00, 0x00, 0x00, 0x00, 0x00, 0x00, 0x00,
    0x00, 0x00, 0x00, 0x00, 0xFF, 0xFF, 0x00, 0x01, 0x00, 0x00, 0x00, 0x00, 0x00, 0x00, 0x00, 0x00,
    0x00, 0x00, 0x00, 0x00, 0x00, 0x00, 0x00, 0x00, 0x00, 0x00, 0x00, 0x00, 0x00, 0x00, 0x00, 0x00,
    0x00, 0x00, 0x00, 0x01, 0x00, 0x00, 0x00, 0x02, 0x00, 0x00, 0x00, 0x00, 0x00, 0x00, 0x00, 0x00,
    0x00, 0x00, 0x00, 0x00, 0x00, 0x00, 0x00, 0x00, 0x00, 0x00, 0x00, 0x01, 0x00, 0x00, 0x00, 0x02,
    0x00, 0x00, 0x00, 0x00, 0x00, 0x00, 0x00, 0x00, 0x00, 0x00, 0x00, 0x00, 0x00, 0x00, 0x00, 0x02,
    0x00, 0x00, 0x00, 0x02, 0x00, 0x00, 0x00, 0x02, 0x00, 0x00, 0x00, 0x02, 0x00, 0x00, 0x00, 0x01,
    0x00, 0x00, 0x00, 0x01, 0x00, 0x00, 0x00, 0x02, 0x00, 0x00, 0x00, 0x02, 0x00, 0x00, 0x00, 0x01,
    0x00, 0x00, 0x00, 0x02, 0x00, 0x00, 0x00, 0x00, 0x00, 0x00, 0x00, 0x00, 0x00, 0x00, 0x00, 0x00,
    0x00, 0x00, 0x00, 0x01, 0x00, 0x00, 0x00, 0x02, 0x00, 0x00, 0x00, 0x02, 0x00, 0x00, 0x00, 0x02,
    0x00, 0x00, 0x00, 0x03, 0x00, 0x00, 0x00, 0x02, 0x00, 0x00, 0x00, 0x0C, 0x00, 0x00, 0x00, 0x79,
    0x00, 0x00, 0x00, 0x53, 0x00, 0x00, 0x00, 0x00, 0x00, 0x00, 0x00, 0x03, 0x00, 0x00, 0x00, 0x03,
    0x00, 0x00, 0x00, 0x00, 0x00, 0x00, 0x00, 0x02, 0x00, 0x00, 0x00, 0x02, 0x00, 0x00, 0x00, 0x02,
    0x00, 0x00, 0x00, 0x02, 0x00, 0x00, 0x00, 0x01, 0x00, 0x00, 0x00, 0x00, 0x00, 0x00, 0x00, 0x02,
    0x00, 0x00, 0x00, 0x01, 0x00, 0x00, 0x00, 0x01, 0x00, 0x00, 0x00, 0x02, 0x00, 0x00, 0x00, 0x00,
    0x00, 0x00, 0x00, 0x00, 0x00, 0x00, 0x00, 0x00, 0x00, 0x00, 0x00, 0x00, 0x00, 0x00, 0x00, 0x00,
    0x00, 0x00, 0x00, 0x01, 0x00, 0x00, 0x00, 0x02, 0x00, 0x00, 0x00, 0x02, 0x00, 0x00, 0x00, 0x02,
    0x00, 0x00, 0x00, 0x03, 0x00, 0x00, 0x00, 0x00, 0x00, 0x00, 0x00, 0x01, 0x00, 0x00, 0x00, 0x02,
    0x00, 0x00, 0x00, 0x02, 0x00, 0x00, 0x00, 0x02, 0x00, 0x00, 0x00, 0x02, 0x00, 0x00, 0x00, 0x00,
    0x00, 0x00, 0x00, 0x02, 0x00, 0x00, 0x00, 0x04, 0x00, 0x00, 0x00, 0x03, 0x00, 0x00, 0x00, 0x02,
    0x00, 0x00, 0x00, 0x01, 0x00, 0x00, 0x00, 0x01, 0x00, 0x00, 0x00, 0x02, 0x00, 0x00, 0x00, 0x01,
    0x00, 0x00, 0x00, 0x00, 0x00, 0x00, 0x00, 0x00, 0x00, 0x00, 0x00, 0x01, 0x00, 0x00, 0x00, 0x02,
    0x00, 0x00, 0x00, 0x02, 0x00, 0x00, 0x00, 0x02, 0x00, 0x00, 0x00, 0x01, 0x00, 0x00, 0x00, 0x00,
    0x00, 0x00, 0x00, 0x02, 0x00, 0x00, 0x00, 0x02, 0x00, 0x00, 0x00, 0x02, 0x00, 0x00, 0x00, 0x02,
    0x00, 0x00, 0x00, 0x01, 0x00, 0x00, 0x00, 0x00, 0x00, 0x00, 0x00, 0x00, 0x00, 0x00, 0x00, 0x01,
    0x00, 0x00, 0x00, 0x01, 0x00, 0x00, 0x00, 0x02, 0x00, 0x00, 0x00, 0x00, 0x00, 0x00, 0x00, 0x00,
    0x00, 0x00, 0x00, 0x00, 0x00, 0x00, 0x00, 0x00, 0x00, 0x00, 0x00, 0x01, 0x00, 0x00, 0x00, 0x02,
    0x00, 0x00, 0x00, 0x02, 0x00, 0x00, 0x00, 0x02, 0x00, 0x00, 0x00, 0x02, 0x00, 0x00, 0x00, 0x00,
    0x00, 0x00, 0x00, 0x02, 0x00, 0x00, 0x00, 0x02, 0x00, 0x00, 0x00, 0x01, 0x00, 0x00, 0x00, 0x02,
    0x00, 0x00, 0x00, 0x00, 0x00, 0x00, 0x00, 0x01, 0x00, 0x00, 0x00, 0x02, 0x00, 0x00, 0x00, 0x02,
    0x00, 0x00, 0x00, 0x01, 0x00, 0x00, 0x00, 0x02, 0x00, 0x00, 0x00, 0x00, 0x00, 0x00, 0x00, 0x01,
    0x00, 0x00, 0x00, 0x02, 0x00, 0x00, 0x00, 0x00, 0x00, 0x00, 0x00, 0x00, 0x00, 0x00, 0x00, 0x00,
    0x00, 0x00, 0x00, 0x01, 0x00, 0x00, 0x00, 0x02, 0x00, 0x00, 0x00, 0x00, 0x00, 0x00, 0x00, 0x00,
    0x00, 0x00, 0x00, 0x03, 0x00, 0x00, 0x00, 0x04, 0x00, 0x00, 0x00, 0x02, 0x00, 0x00, 0x00, 0x02,
    0x00, 0x00, 0x00, 0x00, 0x00, 0x00, 0x00, 0x02, 0x00, 0x00, 0x00, 0x02, 0x00, 0x00, 0x00, 0x00,
    0x00, 0x00, 0x00, 0x00, 0x00, 0x00, 0x00, 0x00, 0x00, 0x00, 0x00, 0x00, 0x00, 0x00, 0x00, 0x00,
    0xD6, 0xDB, 0xE0, 0xFC, 0xE0, 0xE5, 0xE8, 0xFF, 0xE1, 0xE5, 0xE8, 0xFF, 0xCF, 0xD4, 0xD7, 0xFF,
    0x4C, 0x51, 0x54, 0xFF, 0x3D, 0x2B, 0x19, 0xFF, 0xBC, 0xA0, 0x7E, 0xFF, 0xDE, 0xEE, 0xFB, 0xFF,
    0xF5, 0xFF, 0xFF, 0xFF, 0xF1, 0xFF, 0xFF, 0xFF, 0xD8, 0xE4, 0xF3, 0xFF, 0xB4, 0xB4, 0xB3, 0xFF,
    0xC9, 0xB8, 0x8E, 0xFF, 0x07, 0x06, 0x05, 0xFF, 0x37, 0x39, 0x3B, 0xFC, 0xCB, 0xC4, 0xB1, 0xFE,
    0xD3, 0xCA, 0xAA, 0xBC, 0x1C, 0x1F, 0x12, 0xB1, 0x22, 0x21, 0x11, 0xFE, 0x1E, 0x1E, 0x10, 0xFC,
    0x23, 0x27, 0x18, 0xFF, 0x20, 0x22, 0x15, 0xFF, 0x2F, 0x39, 0x3F, 0xFF, 0x70, 0x88, 0xA2, 0xFF,
    0x7A, 0x85, 0x9D, 0xFF, 0x7F, 0x8F, 0xA8, 0xFF, 0x7E, 0x8F, 0xAC, 0xFF, 0x71, 0x77, 0x85, 0xFF,
    0x80, 0x8C, 0xA1, 0xFF, 0xA9, 0xC0, 0xE4, 0xFF, 0x3E, 0x42, 0x43, 0xFF, 0x1F, 0x26, 0x1F, 0xFB,
    0x76, 0x6E, 0x30, 0xFE, 0xC4, 0xA0, 0x32, 0x7F, 0x00, 0x00, 0x00, 0x00, 0xAA, 0xAA, 0x55, 0x03,
    0xFF, 0x7F, 0x00, 0x02, 0xFF, 0xAA, 0x00, 0x03, 0xFF, 0x7F, 0x00, 0x02, 0x00, 0x00, 0x00, 0x00,
    0x7F, 0x7F, 0x00, 0x02, 0xFF, 0xAA, 0x00, 0x03, 0xFF, 0xAA, 0x00, 0x03, 0xFF, 0xFF, 0x00, 0x01,
    0x00, 0x00, 0x00, 0x00, 0xFF, 0xAA, 0x00, 0x03, 0xFF, 0xAA, 0x00, 0x03, 0xFF, 0xAA, 0x00, 0x03,
    0xFF, 0xAA, 0x00, 0x03, 0xFF, 0x55, 0x00, 0x03, 0x00, 0x00, 0x00, 0x00, 0x00, 0x00, 0x00, 0x00,
    0xFF, 0x7F, 0x00, 0x02, 0xFF, 0xAA, 0x00, 0x03, 0xFF, 0x00, 0x00, 0x01, 0xFF, 0x7F, 0x00, 0x02,
    0xFF, 0xAA, 0x00, 0x03, 0xFF, 0x00, 0x00, 0x01, 0x00, 0x00, 0x00, 0x00, 0x00, 0x00, 0x00, 0x00,
    0xFF, 0xAA, 0x00, 0x03, 0xFF, 0xAA, 0x00, 0x03, 0xFF, 0xAA, 0x00, 0x03, 0xFF, 0xAA, 0x00, 0x03,
    0xFF, 0xAA, 0x00, 0x03, 0xFF, 0xFF, 0x00, 0x01, 0x00, 0x00, 0x00, 0x00, 0xFF, 0xAA, 0x00, 0x03,
    0xFF, 0xAA, 0x00, 0x03, 0xFF, 0x00, 0x00, 0x01, 0x00, 0x00, 0x00, 0x00, 0x00, 0x00, 0x00, 0x00,
    0x00, 0x00, 0x00, 0x00, 0xFF, 0xFF, 0x00, 0x01, 0xFF, 0xAA, 0x00, 0x03, 0xFF, 0xAA, 0x00, 0x03,
    0xFF, 0xAA, 0x00, 0x03, 0xFF, 0xAA, 0x00, 0x03, 0xFF, 0xAA, 0x00, 0x03, 0x00, 0x00, 0x00, 0x00,
    0x00, 0x00, 0x00, 0x00, 0xFF, 0xAA, 0x00, 0x03, 0xFF, 0xAA, 0x00, 0x03, 0xFF, 0xAA, 0x00, 0x03,
    0xFF, 0xAA, 0x00, 0x03, 0xFF, 0xAA, 0x00, 0x03, 0xFF, 0xAA, 0x00, 0x03, 0xFF, 0x7F, 0x00, 0x02,
    0x00, 0x00, 0x00, 0x00, 0x00, 0x00, 0x00, 0x00, 0xFF, 0x7F, 0x00, 0x02, 0xFF, 0xAA, 0x00, 0x03,
    0xFF, 0xAA, 0x00, 0x03, 0xFF, 0xAA, 0x00, 0x03, 0xFF, 0xAA, 0x00, 0x03, 0xFF, 0x7F, 0x00, 0x02,
    0x00, 0x00, 0x00, 0x00, 0x00, 0x00, 0x00, 0x00, 0xFF, 0x7F, 0x00, 0x02, 0xFF, 0xAA, 0x00, 0x03,
    0xFF, 0xAA, 0x00, 0x03, 0x00, 0x00, 0x00, 0x00, 0x00, 0x00, 0x00, 0x00, 0x00, 0x00, 0x00, 0x00,
    0x00, 0x00, 0x00, 0x00, 0x00, 0x00, 0x00, 0x00, 0x00, 0x00, 0x00, 0x00, 0x00, 0x00, 0x00, 0x00,
    0x00, 0x00, 0x00, 0x00, 0x00, 0x00, 0x00, 0x00, 0x00, 0x00, 0x00, 0x00, 0x00, 0x00, 0x00, 0x00,
    0x00, 0x00, 0x00, 0x00, 0x00, 0x00, 0x00, 0x00, 0x00, 0x00, 0x00, 0x00, 0x00, 0x00, 0x00, 0x00,
    0x00, 0x00, 0x00, 0x00, 0x00, 0x00, 0x00, 0x00, 0x00, 0x00, 0x00, 0x00, 0x00, 0x00, 0x00, 0x00,
    0x00, 0x00, 0x00, 0x00, 0x00, 0x00, 0x00, 0x00, 0x00, 0x00, 0x00, 0x00, 0x00, 0x00, 0x00, 0x00,
    0x00, 0x00, 0x00, 0x00, 0x00, 0x00, 0x00, 0x00, 0x00, 0x00, 0x00, 0x00, 0x00, 0x00, 0x00, 0x00,
    0x00, 0x00, 0x00, 0x00, 0x00, 0x00, 0x00, 0x00, 0x00, 0x00, 0x00, 0x03, 0x00, 0x00, 0x00, 0x01,
    0x00, 0x00, 0x00, 0x00, 0x00, 0x00, 0x00, 0x00, 0x00, 0x00, 0x00, 0x00, 0x00, 0x00, 0x00, 0x00,
    0x00, 0x00, 0x00, 0x00, 0x00, 0x00, 0x00, 0x00, 0x00, 0x00, 0x00, 0x00, 0x00, 0x00, 0x00, 0x00,
    0x00, 0x00, 0x00, 0x00, 0x00, 0x00, 0x00, 0x01, 0x00, 0x00, 0x00, 0x00, 0x00, 0x00, 0x00, 0x00,
    0x00, 0x00, 0x00, 0x00, 0x00, 0x00, 0x00, 0x00, 0x00, 0x00, 0x00, 0x00, 0x00, 0x00, 0x00, 0x00,
    0x00, 0x00, 0x00, 0x00, 0x00, 0x00, 0x00, 0x00, 0x00, 0x00, 0x00, 0x00, 0x00, 0x00, 0x00, 0x00,
    0x00, 0x00, 0x00, 0x00, 0x00, 0x00, 0x00, 0x00, 0x00, 0x00, 0x00, 0x00, 0x00, 0x00, 0x00, 0x00,
    0x00, 0x00, 0x00, 0x00, 0x00, 0x00, 0x00, 0x00, 0x00, 0x00, 0x00, 0x00, 0x00, 0x00, 0x00, 0x00,
    0x00, 0x00, 0x00, 0x00, 0x00, 0x00, 0x00, 0x00, 0x00, 0x00, 0x00, 0x00, 0x00, 0x00, 0x00, 0x00,
    0x00, 0x00, 0x00, 0x00, 0x00, 0x00, 0x00, 0x00, 0x00, 0x00, 0x00, 0x00, 0x00, 0x00, 0x00, 0x00,
    0x00, 0x00, 0x00, 0x00, 0x00, 0x00, 0x00, 0x00, 0x00, 0x00, 0x00, 0x00, 0x00, 0x00, 0x00, 0x00,
    0x00, 0x00, 0x00, 0x00, 0x00, 0x00, 0x00, 0x00, 0x00, 0x00, 0x00, 0x00, 0x00, 0x00, 0x00, 0x00,
    0x00, 0x00, 0x00, 0x00, 0x00, 0x00, 0x00, 0x00, 0x00, 0x00, 0x00, 0x00, 0x00, 0x00, 0x00, 0x00,
    0x00, 0x00, 0x00, 0x00, 0x00, 0x00, 0x00, 0x00, 0x00, 0x00, 0x00, 0x00, 0x00, 0x00, 0x00, 0x00,
    0x00, 0x00, 0x00, 0x00, 0x00, 0x00, 0x00, 0x00, 0x00, 0x00, 0x00, 0x00, 0x00, 0x00, 0x00, 0x00,
    0x00, 0x00, 0x00, 0x00, 0x00, 0x00, 0x00, 0x00, 0x00, 0x00, 0x00, 0x00, 0x00, 0x00, 0x00, 0x00,
    0x00, 0x00, 0x00, 0x00, 0x00, 0x00, 0x00, 0x02, 0x00, 0x00, 0x00, 0x02, 0x00, 0x00, 0x00, 0x00,
    0x00, 0x00, 0x00, 0x00, 0x00, 0x00, 0x00, 0x00, 0x00, 0x00, 0x00, 0x00, 0x00, 0x00, 0x00, 0x00,
    0x00, 0x00, 0x00, 0x00, 0x00, 0x00, 0x00, 0x00, 0x00, 0x00, 0x00, 0x00, 0x00, 0x00, 0x00, 0x00,
    0x00, 0x00, 0x00, 0x00, 0x00, 0x00, 0x00, 0x00, 0x00, 0x00, 0x00, 0x00, 0x00, 0x00, 0x00, 0x00,
    0x00, 0x00, 0x00, 0x00, 0x00, 0x00, 0x00, 0x00, 0x00, 0x00, 0x00, 0x00, 0x00, 0x00, 0x00, 0x00,
    0x00, 0x00, 0x00, 0x00, 0x00, 0x00, 0x00, 0x00, 0x00, 0x00, 0x00, 0x00, 0x00, 0x00, 0x00, 0x00,
    0x00, 0x00, 0x00, 0x00, 0x00, 0x00, 0x00, 0x00, 0x00, 0x00, 0x00, 0x00, 0x00, 0x00, 0x00, 0x00,
    0x00, 0x00, 0x00, 0x00, 0x00, 0x00, 0x00, 0x00, 0x00, 0x00, 0x00, 0x00, 0x00, 0x00, 0x00, 0x00,
    0x00, 0x00, 0x00, 0x00, 0x00, 0x00, 0x00, 0x00, 0x00, 0x00, 0x00, 0x00, 0x00, 0x00, 0x00, 0x00,
    0x00, 0x00, 0x00, 0x00, 0x00, 0x00, 0x00, 0x00, 0x00, 0x00, 0x00, 0x00, 0x00, 0x00, 0x00, 0x00,
    0x00, 0x00, 0x00, 0x00, 0x00, 0x00, 0x00, 0x00, 0x00, 0x00, 0x00, 0x00, 0x00, 0x00, 0x00, 0x00,
    0x00, 0x00, 0x00, 0x00, 0x00, 0x00, 0x00, 0x00, 0x00, 0x00, 0x00, 0x00, 0x00, 0x00, 0x00, 0x00,
    0xB3, 0xB9, 0xC1, 0xD7, 0xD5, 0xDA, 0xE1, 0xFE, 0xE4, 0xE9, 0xED, 0xFD, 0xCC, 0xD2, 0xD6, 0xFF,
    0xB0, 0xB4, 0xB5, 0xFF, 0x1B, 0x1F, 0x20, 0xFF, 0x40, 0x2E, 0x1A, 0xFF, 0x6E, 0x61, 0x53, 0xFF,
    0x5E, 0x63, 0x65, 0xFF, 0x7F, 0x85, 0x90, 0xFF, 0x48, 0x53, 0x7A, 0xFF, 0x9C, 0x92, 0x7E, 0xFF,
    0x9E, 0x93, 0x75, 0xFF, 0x0F, 0x12, 0x14, 0xFF, 0x29, 0x2A, 0x29, 0xFB, 0x33, 0x31, 0x2E, 0xFF,
    0x8A, 0x7E, 0x6D, 0x6B, 0x0A, 0x0A, 0x00, 0x61, 0x1F, 0x1D, 0x0D, 0xFF, 0x19, 0x18, 0x0B, 0xFB,
    0x23, 0x26, 0x15, 0xFF, 0x1F, 0x21, 0x13, 0xFF, 0x25, 0x2A, 0x29, 0xFF, 0x5F, 0x72, 0x7F, 0xFF,
    0x6F, 0x80, 0x8C, 0xFF, 0x6E, 0x7A, 0x92, 0xFF, 0x79, 0x79, 0xB1, 0xFF, 0x60, 0x5B, 0x83, 0xFF,
    0x74, 0x7F, 0x91, 0xFF, 0x7B, 0x87, 0x94, 0xFF, 0x25, 0x24, 0x1B, 0xFF, 0x28, 0x2E, 0x25, 0xFD,
    0x37, 0x35, 0x1A, 0xFF, 0x6E, 0x61, 0x1D, 0x3C, 0x00, 0x00, 0x00, 0x00, 0x55, 0x55, 0x00, 0x03,
    0x00, 0x00, 0x00, 0x00, 0x00, 0x00, 0x00, 0x00, 0x00, 0x00, 0x00, 0x00, 0x00, 0x00, 0x00, 0x00,
    0x00, 0x00, 0x00, 0x00, 0x00, 0x00, 0x00, 0x00, 0x00, 0x00, 0x00, 0x00, 0x00, 0x00, 0x00, 0x00,
    0x00, 0x00, 0x00, 0x00, 0x00, 0x00, 0x00, 0x00, 0x00, 0x00, 0x00, 0x00, 0x00, 0x00, 0x00, 0x00,
    0x00, 0x00, 0x00, 0x00, 0x00, 0x00, 0x00, 0x00, 0x00, 0x00, 0x00, 0x00, 0x00, 0x00, 0x00, 0x00,
    0x00, 0x00, 0x00, 0x00, 0x00, 0x00, 0x00, 0x00, 0x00, 0x00, 0x00, 0x00, 0x00, 0x00, 0x00, 0x00,
    0x00, 0x00, 0x00, 0x00, 0x00, 0x00, 0x00, 0x00, 0x00, 0x00, 0x00, 0x00, 0x00, 0x00, 0x00, 0x00,
    0x00, 0x00, 0x00, 0x00, 0x00, 0x00, 0x00, 0x00, 0x00, 0x00, 0x00, 0x00, 0x00, 0x00, 0x00, 0x00,
    0x00, 0x00, 0x00, 0x00, 0x00, 0x00, 0x00, 0x00, 0x00, 0x00, 0x00, 0x00, 0x00, 0x00, 0x00, 0x00,
    0x00, 0x00, 0x00, 0x00, 0x00, 0x00, 0x00, 0x00, 0x00, 0x00, 0x00, 0x00, 0x00, 0x00, 0x00, 0x00,
    0x00, 0x00, 0x00, 0x00, 0x00, 0x00, 0x00, 0x00, 0x00, 0x00, 0x00, 0x00, 0x00, 0x00, 0x00, 0x00,
    0x00, 0x00, 0x00, 0x00, 0x00, 0x00, 0x00, 0x00, 0x00, 0x00, 0x00, 0x00, 0x00, 0x00, 0x00, 0x00,
    0x00, 0x00, 0x00, 0x00, 0x00, 0x00, 0x00, 0x00, 0x00, 0x00, 0x00, 0x00, 0x00, 0x00, 0x00, 0x00,
    0x00, 0x00, 0x00, 0x00, 0x00, 0x00, 0x00, 0x00, 0x00, 0x00, 0x00, 0x00, 0x00, 0x00, 0x00, 0x00,
    0x00, 0x00, 0x00, 0x00, 0x00, 0x00, 0x00, 0x00, 0x00, 0x00, 0x00, 0x00, 0x00, 0x00, 0x00, 0x00,
    0x00, 0x00, 0x00, 0x00, 0x00, 0x00, 0x00, 0x00, 0x00, 0x00, 0x00, 0x00, 0x00, 0x00, 0x00, 0x00,
    0x00, 0x00, 0x00, 0x00, 0x00, 0x00, 0x00, 0x00, 0x00, 0x00, 0x00, 0x00, 0x00, 0x00, 0x00, 0x00,
    0x00, 0x00, 0x00, 0x00, 0x00, 0x00, 0x00, 0x00, 0x00, 0x00, 0x00, 0x00, 0x00, 0x00, 0x00, 0x00,
    0x00, 0x00, 0x00, 0x00, 0x00, 0x00, 0x00, 0x00, 0x00, 0x00, 0x00, 0x00, 0x00, 0x00, 0x00, 0x00,
    0x00, 0x00, 0x00, 0x00, 0x00, 0x00, 0x00, 0x00, 0x00, 0x00, 0x00, 0x00, 0x00, 0x00, 0x00, 0x00,
    0x00, 0x00, 0x00, 0x00, 0x00, 0x00, 0x00, 0x00, 0x00, 0x00, 0x00, 0x00, 0x00, 0x00, 0x00, 0x00,
    0x00, 0x00, 0x00, 0x00, 0x00, 0x00, 0x00, 0x00, 0x00, 0x00, 0x00, 0x00, 0x00, 0x00, 0x00, 0x00,
    0x00, 0x00, 0x00, 0x00, 0x00, 0x00, 0x00, 0x00, 0x00, 0x00, 0x00, 0x00, 0x00, 0x00, 0x00, 0x00,
    0x00, 0x00, 0x00, 0x00, 0x00, 0x00, 0x00, 0x00, 0x00, 0x00, 0x00, 0x00, 0x00, 0x00, 0x00, 0x00,
    0x00, 0x00, 0x00, 0x00, 0x00, 0x00, 0x00, 0x00, 0x00, 0x00, 0x00, 0x00, 0x00, 0x00, 0x00, 0x00,
    0x00, 0x00, 0x00, 0x00, 0x00, 0x00, 0x00, 0x00, 0x00, 0x00, 0x00, 0x00, 0x00, 0x00, 0x00, 0x00,
    0x00, 0x00, 0x00, 0x00, 0x00, 0x00, 0x00, 0x00, 0x00, 0x00, 0x00, 0x00, 0x00, 0x00, 0x00, 0x04,
    0x00, 0x00, 0x00, 0x03, 0x00, 0x00, 0x00, 0x00, 0x00, 0x00, 0x00, 0x00, 0x00, 0x00, 0x00, 0x00,
    0x00, 0x00, 0x00, 0x00, 0x00, 0x00, 0x00, 0x00, 0x00, 0x00, 0x00, 0x00, 0x00, 0x00, 0x00, 0x00,
    0x00, 0x00, 0x00, 0x00, 0x00, 0x00, 0x00, 0x00, 0x00, 0x00, 0x00, 0x00, 0x00, 0x00, 0x00, 0x00,
    0x00, 0x00, 0x00, 0x00, 0x00, 0x00, 0x00, 0x00, 0x00, 0x00, 0x00, 0x00, 0x00, 0x00, 0x00, 0x00,
    0x00, 0x00, 0x00, 0x00, 0x00, 0x00, 0x00, 0x00, 0x00, 0x00, 0x00, 0x00, 0x00, 0x00, 0x00, 0x00,
    0x00, 0x00, 0x00, 0x00, 0x00, 0x00, 0x00, 0x00, 0x00, 0x00, 0x00, 0x00, 0x00, 0x00, 0x00, 0x00,
    0x00, 0x00, 0x00, 0x00, 0x00, 0x00, 0x00, 0x00, 0x00, 0x00, 0x00, 0x00, 0x00, 0x00, 0x00, 0x00,
    0x00, 0x00, 0x00, 0x00, 0x00, 0x00, 0x00, 0x00, 0x00, 0x00, 0x00, 0x00, 0x00, 0x00, 0x00, 0x00,
    0x00, 0x00, 0x00, 0x00, 0x00, 0x00, 0x00, 0x00, 0x00, 0x00, 0x00, 0x00, 0x00, 0x00, 0x00, 0x00,
    0x00, 0x00, 0x00, 0x00, 0x00, 0x00, 0x00, 0x00, 0x00, 0x00, 0x00, 0x00, 0x00, 0x00, 0x00, 0x00,
    0x00, 0x00, 0x00, 0x00, 0x00, 0x00, 0x00, 0x00, 0x00, 0x00, 0x00, 0x00, 0x00, 0x00, 0x00, 0x00,
    0x00, 0x00, 0x00, 0x00, 0x00, 0x00, 0x00, 0x00, 0x00, 0x00, 0x00, 0x00, 0x00, 0x00, 0x00, 0x00,
    0x00, 0x00, 0x00, 0x00, 0x00, 0x00, 0x00, 0x00, 0x00, 0x00, 0x00, 0x00, 0x00, 0x00, 0x00, 0x00,
    0x00, 0x00, 0x00, 0x00, 0x00, 0x00, 0x00, 0x00, 0x00, 0x00, 0x00, 0x00, 0x00, 0x00, 0x00, 0x00,
    0x00, 0x00, 0x00, 0x00, 0x00, 0x00, 0x00, 0x00, 0x00, 0x00, 0x00, 0x00, 0x00, 0x00, 0x00, 0x00,
    0x00, 0x00, 0x00, 0x00, 0x00, 0x00, 0x00, 0x00, 0x00, 0x00, 0x00, 0x00, 0x00, 0x00, 0x00, 0x00,
    0x00, 0x00, 0x00, 0x00, 0x00, 0x00, 0x00, 0x00, 0x00, 0x00, 0x00, 0x00, 0x00, 0x00, 0x00, 0x00,
    0x00, 0x00, 0x00, 0x00, 0x00, 0x00, 0x00, 0x00, 0x00, 0x00, 0x00, 0x00, 0x00, 0x00, 0x00, 0x00,
    0x00, 0x00, 0x00, 0x00, 0x00, 0x00, 0x00, 0x00, 0x00, 0x00, 0x00, 0x00, 0x00, 0x00, 0x00, 0x00,
    0x00, 0x00, 0x00, 0x00, 0x00, 0x00, 0x00, 0x00, 0x00, 0x00, 0x00, 0x00, 0x00, 0x00, 0x00, 0x00,
    0x00, 0x00, 0x00, 0x00, 0x00, 0x00, 0x00, 0x00, 0x00, 0x00, 0x00, 0x00, 0x00, 0x00, 0x00, 0x00,
    0x00, 0x00, 0x00, 0x00, 0x00, 0x00, 0x00, 0x00, 0x00, 0x00, 0x00, 0x00, 0x00, 0x00, 0x00, 0x00,
    0x00, 0x00, 0x00, 0x00, 0x00, 0x00, 0x00, 0x00, 0x00, 0x00, 0x00, 0x00, 0x00, 0x00, 0x00, 0x00,
    0x00, 0x00, 0x00, 0x00, 0x00, 0x00, 0x00, 0x00, 0x00, 0x00, 0x00, 0x00, 0x00, 0x00, 0x00, 0x00,
    0x00, 0x00, 0x00, 0x00, 0x00, 0x00, 0x00, 0x00, 0x00, 0x00, 0x00, 0x00, 0x00, 0x00, 0x00, 0x00,
    0xA1, 0xA6, 0xAE, 0x5F, 0xB5, 0xBB, 0xC3, 0xFF, 0xCC, 0xD2, 0xD9, 0xFB, 0xDD, 0xE4, 0xE7, 0xFF,
    0xA9, 0xAD, 0xAF, 0xFF, 0xCF, 0xD0, 0xD0, 0xFF, 0x4A, 0x4D, 0x4E, 0xFF, 0x21, 0x19, 0x11, 0xFF,
    0x10, 0x0D, 0x08, 0xFF, 0x0D, 0x0B, 0x08, 0xFF, 0x18, 0x18, 0x15, 0xFF, 0xA0, 0x8E, 0x71, 0xFF,
    0x4C, 0x47, 0x42, 0xFF, 0x25, 0x27, 0x28, 0xFD, 0x35, 0x35, 0x34, 0xFD, 0x28, 0x28, 0x29, 0xED,
    0x00, 0x00, 0x00, 0x14, 0x1E, 0x1E, 0x0F, 0x11, 0x1A, 0x17, 0x09, 0xED, 0x1D, 0x1A, 0x0B, 0xFD,
    0x1F, 0x1F, 0x0F, 0xFD, 0x20, 0x22, 0x12, 0xFF, 0x1E, 0x20, 0x18, 0xFF, 0x4E, 0x5C, 0x61, 0xFF,
    0x7A, 0x90, 0x9F, 0xFF, 0x79, 0x8C, 0xA6, 0xFF, 0x6A, 0x6F, 0x92, 0xFF, 0x66, 0x68, 0x86, 0xFF,
    0x6D, 0x77, 0x7E, 0xFF, 0x3D, 0x41, 0x3E, 0xFF, 0x17, 0x17, 0x0C, 0xFC, 0x2E, 0x34, 0x25, 0xFF,
    0x30, 0x2E, 0x1B, 0xC4, 0x00, 0x00, 0x00, 0x02, 0x00, 0x00, 0x00, 0x01, 0x00, 0x00, 0x00, 0x00,
    0x00, 0x00, 0x00, 0x00, 0x00, 0x00, 0x00, 0x00, 0x00, 0x00, 0x00, 0x00, 0x00, 0x00, 0x00, 0x00,
    0x00, 0x00, 0x00, 0x00, 0x00, 0x00, 0x00, 0x00, 0x00, 0x00, 0x00, 0x00, 0x00, 0x00, 0x00, 0x00,
    0x00, 0x00, 0x00, 0x00, 0x00, 0x00, 0x00, 0x00, 0x00, 0x00, 0x00, 0x00, 0x00, 0x00, 0x00, 0x00,
    0x00, 0x00, 0x00, 0x00, 0x00, 0x00, 0x00, 0x00, 0x00, 0x00, 0x00, 0x00, 0x00, 0x00, 0x00, 0x00,
    0x00, 0x00, 0x00, 0x00, 0x00, 0x00, 0x00, 0x00, 0x00, 0x00, 0x00, 0x00, 0x00, 0x00, 0x00, 0x00,
    0x00, 0x00, 0x00, 0x00, 0x00, 0x00, 0x00, 0x00, 0x00, 0x00, 0x00, 0x00, 0x00, 0x00, 0x00, 0x00,
    0x00, 0x00, 0x00, 0x00, 0x00, 0x00, 0x00, 0x00, 0x00, 0x00, 0x00, 0x00, 0x00, 0x00, 0x00, 0x00,
    0x00, 0x00, 0x00, 0x00, 0x00, 0x00, 0x00, 0x00, 0x00, 0x00, 0x00, 0x00, 0x00, 0x00, 0x00, 0x00,
    0x00, 0x00, 0x00, 0x00, 0x00, 0x00, 0x00, 0x00, 0x00, 0x00, 0x00, 0x00, 0x00, 0x00, 0x00, 0x00,
    0x00, 0x00, 0x00, 0x00, 0x00, 0x00, 0x00, 0x00, 0x00, 0x00, 0x00, 0x00, 0x00, 0x00, 0x00, 0x00,
    0x00, 0x00, 0x00, 0x00, 0x00, 0x00, 0x00, 0x00, 0x00, 0x00, 0x00, 0x00, 0x00, 0x00, 0x00, 0x00,
    0x00, 0x00, 0x00, 0x00, 0x00, 0x00, 0x00, 0x00, 0x00, 0x00, 0x00, 0x00, 0x00, 0x00, 0x00, 0x00,
    0x00, 0x00, 0x00, 0x00, 0x00, 0x00, 0x00, 0x00, 0x00, 0x00, 0x00, 0x00, 0x00, 0x00, 0x00, 0x00,
    0x00, 0x00, 0x00, 0x00, 0x00, 0x00, 0x00, 0x00, 0x00, 0x00, 0x00, 0x00, 0x00, 0x00, 0x00, 0x00,
    0x00, 0x00, 0x00, 0x00, 0x00, 0x00, 0x00, 0x00, 0x00, 0x00, 0x00, 0x00, 0x00, 0x00, 0x00, 0x00,
    0x00, 0x00, 0x00, 0x00, 0x00, 0x00, 0x00, 0x00, 0x00, 0x00, 0x00, 0x00, 0x00, 0x00, 0x00, 0x00,
    0x00, 0x00, 0x00, 0x00, 0x00, 0x00, 0x00, 0x00, 0x00, 0x00, 0x00, 0x00, 0x00, 0x00, 0x00, 0x00,
    0x00, 0x00, 0x00, 0x00, 0x00, 0x00, 0x00, 0x00, 0x00, 0x00, 0x00, 0x00, 0x00, 0x00, 0x00, 0x00,
    0x00, 0x00, 0x00, 0x00, 0x00, 0x00, 0x00, 0x00, 0x00, 0x00, 0x00, 0x00, 0x00, 0x00, 0x00, 0x00,
    0x00, 0x00, 0x00, 0x00, 0x00, 0x00, 0x00, 0x00, 0x00, 0x00, 0x00, 0x00, 0x00, 0x00, 0x00, 0x00,
    0x00, 0x00, 0x00, 0x00, 0x00, 0x00, 0x00, 0x00, 0x00, 0x00, 0x00, 0x00, 0x00, 0x00, 0x00, 0x00,
    0x00, 0x00, 0x00, 0x00, 0x00, 0x00, 0x00, 0x00, 0x00, 0x00, 0x00, 0x00, 0x00, 0x00, 0x00, 0x00,
    0x00, 0x00, 0x00, 0x00, 0x00, 0x00, 0x00, 0x00, 0x00, 0x00, 0x00, 0x00, 0x00, 0x00, 0x00, 0x00,
    0x00, 0x00, 0x00, 0x00, 0x00, 0x00, 0x00, 0x00, 0x00, 0x00, 0x00, 0x00, 0x00, 0x00, 0x00, 0x00,
    0x00, 0x00, 0x00, 0x00, 0x00, 0x00, 0x00, 0x00, 0x00, 0x00, 0x00, 0x00, 0x00, 0x00, 0x00, 0x00,
    0x00, 0x00, 0x00, 0x00, 0x00, 0x00, 0x00, 0x00, 0x00, 0x00, 0x00, 0x00, 0x00, 0x00, 0x00, 0x00,
    0x00, 0x00, 0x00, 0x00, 0x00, 0x00, 0x00, 0x00, 0x00, 0x00, 0x00, 0x00, 0x00, 0x00, 0x00, 0x00,
    0x00, 0x00, 0x00, 0x00, 0x00, 0x00, 0x00, 0x00, 0x00, 0x00, 0x00, 0x00, 0x00, 0x00, 0x00, 0x00,
    0x00, 0x00, 0x00, 0x00, 0x00, 0x00, 0x00, 0x00, 0x00, 0x00, 0x00, 0x00, 0x00, 0x00, 0x00, 0x00,
    0x00, 0x00, 0x00, 0x00, 0x00, 0x00, 0x00, 0x00, 0x00, 0x00, 0x00, 0x00, 0x00, 0x00, 0x00, 0x00,
    0x00, 0x00, 0x00, 0x00, 0x00, 0x00, 0x00, 0x00, 0x00, 0x00, 0x00, 0x00, 0x00, 0x00, 0x00, 0x00,
    0x00, 0x00, 0x00, 0x00, 0x00, 0x00, 0x00, 0x00, 0x00, 0x00, 0x00, 0x00, 0x00, 0x00, 0x00, 0x00,
    0x00, 0x00, 0x00, 0x00, 0x00, 0x00, 0x00, 0x00, 0x00, 0x00, 0x00, 0x00, 0x00, 0x00, 0x00, 0x00,
    0x00, 0x00, 0x00, 0x00, 0x00, 0x00, 0x00, 0x00, 0x00, 0x00, 0x00, 0x00, 0x00, 0x00, 0x00, 0x00,
    0x00, 0x00, 0x00, 0x00, 0x00, 0x00, 0x00, 0x00, 0x00, 0x00, 0x00, 0x00, 0x00, 0x00, 0x00, 0x00,
    0x00, 0x00, 0x00, 0x00, 0x00, 0x00, 0x00, 0x00, 0x00, 0x00, 0x00, 0x00, 0x00, 0x00, 0x00, 0x00,
    0x00, 0x00, 0x00, 0x00, 0x00, 0x00, 0x00, 0x00, 0x00, 0x00, 0x00, 0x00, 0x00, 0x00, 0x00, 0x00,
    0x00, 0x00, 0x00, 0x00, 0x00, 0x00, 0x00, 0x00, 0x00, 0x00, 0x00, 0x00, 0x00, 0x00, 0x00, 0x00,
    0x00, 0x00, 0x00, 0x00, 0x00, 0x00, 0x00, 0x00, 0x00, 0x00, 0x00, 0x00, 0x00, 0x00, 0x00, 0x00,
    0x00, 0x00, 0x00, 0x00, 0x00, 0x00, 0x00, 0x00, 0x00, 0x00, 0x00, 0x00, 0x00, 0x00, 0x00, 0x00,
    0x00, 0x00, 0x00, 0x00, 0x00, 0x00, 0x00, 0x00, 0x00, 0x00, 0x00, 0x00, 0x00, 0x00, 0x00, 0x00,
    0x00, 0x00, 0x00, 0x00, 0x00, 0x00, 0x00, 0x00, 0x00, 0x00, 0x00, 0x00, 0x00, 0x00, 0x00, 0x00,
    0x00, 0x00, 0x00, 0x00, 0x00, 0x00, 0x00, 0x00, 0x00, 0x00, 0x00, 0x00, 0x00, 0x00, 0x00, 0x00,
    0x00, 0x00, 0x00, 0x00, 0x00, 0x00, 0x00, 0x00, 0x00, 0x00, 0x00, 0x00, 0x00, 0x00, 0x00, 0x00,
    0x00, 0x00, 0x00, 0x00, 0x00, 0x00, 0x00, 0x00, 0x00, 0x00, 0x00, 0x00, 0x00, 0x00, 0x00, 0x00,
    0x00, 0x00, 0x00, 0x00, 0x00, 0x00, 0x00, 0x00, 0x00, 0x00, 0x00, 0x00, 0x00, 0x00, 0x00, 0x00,
    0x00, 0x00, 0x00, 0x00, 0x00, 0x00, 0x00, 0x00, 0x00, 0x00, 0x00, 0x00, 0x00, 0x00, 0x00, 0x00,
    0x00, 0x00, 0x00, 0x00, 0x00, 0x00, 0x00, 0x00, 0x00, 0x00, 0x00, 0x00, 0x00, 0x00, 0x00, 0x00,
    0x00, 0x00, 0x00, 0x00, 0x00, 0x00, 0x00, 0x00, 0x00, 0x00, 0x00, 0x00, 0x00, 0x00, 0x00, 0x00,
    0x00, 0x00, 0x00, 0x00, 0x00, 0x00, 0x00, 0x00, 0x00, 0x00, 0x00, 0x00, 0x00, 0x00, 0x00, 0x00,
    0x00, 0x00, 0x00, 0x00, 0x00, 0x00, 0x00, 0x00, 0x00, 0x00, 0x00, 0x00, 0x00, 0x00, 0x00, 0x00,
    0xFF, 0xFF, 0xFF, 0x01, 0xA4, 0xAA, 0xAF, 0xAB, 0xB7, 0xBA, 0xC3, 0xFF, 0xCD, 0xD3, 0xDA, 0xFA,
    0xA1, 0xA7, 0xAA, 0xFE, 0xEB, 0xEC, 0xEC, 0xFF, 0x4E, 0x4E, 0x4B, 0xFF, 0x0C, 0x0C, 0x09, 0xFF,
    0x29, 0x28, 0x24, 0xFF, 0x21, 0x20, 0x1C, 0xFF, 0x35, 0x35, 0x30, 0xFF, 0x30, 0x30, 0x2F, 0xFF,
    0x26, 0x27, 0x27, 0xFD, 0x2E, 0x2E, 0x2D, 0xFC, 0x31, 0x32, 0x30, 0xFF, 0x30, 0x30, 0x2D, 0x5F,
    0x01, 0x01, 0x01, 0x00, 0x00, 0x00, 0x00, 0x00, 0x17, 0x14, 0x07, 0x63, 0x1F, 0x1E, 0x0C, 0xFF,
    0x1C, 0x1B, 0x0B, 0xFB, 0x26, 0x2A, 0x18, 0xFD, 0x1E, 0x1F, 0x12, 0xFF, 0x27, 0x2C, 0x26, 0xFF,
    0x61, 0x72, 0x7B, 0xFF, 0x9E, 0xB4, 0xD3, 0xFF, 0x90, 0x9D, 0xB3, 0xFF, 0x70, 0x7D, 0x82, 0xFF,
    0x3A, 0x3D, 0x38, 0xFF, 0x19, 0x1A, 0x11, 0xFC, 0x25, 0x2F, 0x24, 0xFE, 0x2B, 0x31, 0x22, 0xF9,
    0x3F, 0x49, 0x35, 0x34, 0x00, 0x00, 0x00, 0x00, 0x7F, 0x7F, 0x7F, 0x02, 0x00, 0x00, 0x00, 0x00,
    0x00, 0x00, 0x00, 0x00, 0x00, 0x00, 0x00, 0x00, 0x00, 0x00, 0x00, 0x00, 0x00, 0x00, 0x00, 0x00,
    0x00, 0x00, 0x00, 0x00, 0x00, 0x00, 0x00, 0x00, 0x00, 0x00, 0x00, 0x00, 0x00, 0x00, 0x00, 0x00,
    0x00, 0x00, 0x00, 0x00, 0x00, 0x00, 0x00, 0x00, 0x00, 0x00, 0x00, 0x00, 0x00, 0x00, 0x00, 0x00,
    0x00, 0x00, 0x00, 0x00, 0x00, 0x00, 0x00, 0x00, 0x00, 0x00, 0x00, 0x00, 0x00, 0x00, 0x00, 0x00,
    0x00, 0x00, 0x00, 0x00, 0x00, 0x00, 0x00, 0x00, 0x00, 0x00, 0x00, 0x00, 0x00, 0x00, 0x00, 0x00,
    0x00, 0x00, 0x00, 0x00, 0x00, 0x00, 0x00, 0x00, 0x00, 0x00, 0x00, 0x00, 0x00, 0x00, 0x00, 0x00,
    0x00, 0x00, 0x00, 0x00, 0x00, 0x00, 0x00, 0x00, 0x00, 0x00, 0x00, 0x00, 0x00, 0x00, 0x00, 0x00,
    0x00, 0x00, 0x00, 0x00, 0x00, 0x00, 0x00, 0x00, 0x00, 0x00, 0x00, 0x00, 0x00, 0x00, 0x00, 0x00,
    0x00, 0x00, 0x00, 0x00, 0x00, 0x00, 0x00, 0x00, 0x00, 0x00, 0x00, 0x00, 0x00, 0x00, 0x00, 0x00,
    0x00, 0x00, 0x00, 0x00, 0x00, 0x00, 0x00, 0x00, 0x00, 0x00, 0x00, 0x00, 0x00, 0x00, 0x00, 0x00,
    0x00, 0x00, 0x00, 0x00, 0x00, 0x00, 0x00, 0x00, 0x00, 0x00, 0x00, 0x00, 0x00, 0x00, 0x00, 0x00,
    0x00, 0x00, 0x00, 0x00, 0x00, 0x00, 0x00, 0x00, 0x00, 0x00, 0x00, 0x00, 0x00, 0x00, 0x00, 0x00,
    0x00, 0x00, 0x00, 0x00, 0x00, 0x00, 0x00, 0x00, 0x00, 0x00, 0x00, 0x00, 0x00, 0x00, 0x00, 0x00,
    0x00, 0x00, 0x00, 0x00, 0x00, 0x00, 0x00, 0x00, 0x00, 0x00, 0x00, 0x00, 0x00, 0x00, 0x00, 0x00,
    0x00, 0x00, 0x00, 0x00, 0x00, 0x00, 0x00, 0x00, 0x00, 0x00, 0x00, 0x00, 0x00, 0x00, 0x00, 0x00,
    0x00, 0x00, 0x00, 0x00, 0x00, 0x00, 0x00, 0x00, 0x00, 0x00, 0x00, 0x00, 0x00, 0x00, 0x00, 0x00,
    0x00, 0x00, 0x00, 0x00, 0x00, 0x00, 0x00, 0x00, 0x00, 0x00, 0x00, 0x00, 0x00, 0x00, 0x00, 0x00,
    0x00, 0x00, 0x00, 0x00, 0x00, 0x00, 0x00, 0x00, 0x00, 0x00, 0x00, 0x00, 0x00, 0x00, 0x00, 0x00,
    0x00, 0x00, 0x00, 0x00, 0x00, 0x00, 0x00, 0x00, 0x00, 0x00, 0x00, 0x00, 0x00, 0x00, 0x00, 0x00,
    0x00, 0x00, 0x00, 0x00, 0x00, 0x00, 0x00, 0x00, 0x00, 0x00, 0x00, 0x00, 0x00, 0x00, 0x00, 0x00,
    0x00, 0x00, 0x00, 0x00, 0x00, 0x00, 0x00, 0x00, 0x00, 0x00, 0x00, 0x00, 0x00, 0x00, 0x00, 0x00,
    0x00, 0x00, 0x00, 0x00, 0x00, 0x00, 0x00, 0x00, 0x00, 0x00, 0x00, 0x00, 0x00, 0x00, 0x00, 0x00,
    0x00, 0x00, 0x00, 0x00, 0x00, 0x00, 0x00, 0x00, 0x00, 0x00, 0x00, 0x00, 0x00, 0x00, 0x00, 0x00,
    0x00, 0x00, 0x00, 0x00, 0x00, 0x00, 0x00, 0x00, 0x00, 0x00, 0x00, 0x00, 0x00, 0x00, 0x00, 0x00,
    0x00, 0x00, 0x00, 0x00, 0x00, 0x00, 0x00, 0x00, 0x00, 0x00, 0x00, 0x00, 0x00, 0x00, 0x00, 0x00,
    0x00, 0x00, 0x00, 0x00, 0x00, 0x00, 0x00, 0x00, 0x00, 0x00, 0x00, 0x00, 0x00, 0x00, 0x00, 0x00,
    0x00, 0x00, 0x00, 0x00, 0x00, 0x00, 0x00, 0x00, 0x00, 0x00, 0x00, 0x00, 0x00, 0x00, 0x00, 0x00,
    0x00, 0x00, 0x00, 0x00, 0x00, 0x00, 0x00, 0x00, 0x00, 0x00, 0x00, 0x00, 0x00, 0x00, 0x00, 0x00,
    0x00, 0x00, 0x00, 0x00, 0x00, 0x00, 0x00, 0x00, 0x00, 0x00, 0x00, 0x00, 0x00, 0x00, 0x00, 0x00,
    0x00, 0x00, 0x00, 0x00, 0x00, 0x00, 0x00, 0x00, 0x00, 0x00, 0x00, 0x00, 0x00, 0x00, 0x00, 0x00,
    0x00, 0x00, 0x00, 0x00, 0x00, 0x00, 0x00, 0x00, 0x00, 0x00, 0x00, 0x00, 0x00, 0x00, 0x00, 0x00,
    0x00, 0x00, 0x00, 0x00, 0x00, 0x00, 0x00, 0x00, 0x00, 0x00, 0x00, 0x00, 0x00, 0x00, 0x00, 0x00,
    0x00, 0x00, 0x00, 0x00, 0x00, 0x00, 0x00, 0x00, 0x00, 0x00, 0x00, 0x00, 0x00, 0x00, 0x00, 0x00,
    0x00, 0x00, 0x00, 0x00, 0x00, 0x00, 0x00, 0x00, 0x00, 0x00, 0x00, 0x00, 0x00, 0x00, 0x00, 0x00,
    0x00, 0x00, 0x00, 0x00, 0x00, 0x00, 0x00, 0x00, 0x00, 0x00, 0x00, 0x00, 0x00, 0x00, 0x00, 0x00,
    0x00, 0x00, 0x00, 0x00, 0x00, 0x00, 0x00, 0x00, 0x00, 0x00, 0x00, 0x00, 0x00, 0x00, 0x00, 0x00,
    0x00, 0x00, 0x00, 0x00, 0x00, 0x00, 0x00, 0x00, 0x00, 0x00, 0x00, 0x00, 0x00, 0x00, 0x00, 0x00,
    0x00, 0x00, 0x00, 0x00, 0x00, 0x00, 0x00, 0x00, 0x00, 0x00, 0x00, 0x00, 0x00, 0x00, 0x00, 0x00,
    0x00, 0x00, 0x00, 0x00, 0x00, 0x00, 0x00, 0x00, 0x00, 0x00, 0x00, 0x00, 0x00, 0x00, 0x00, 0x00,
    0x00, 0x00, 0x00, 0x00, 0x00, 0x00, 0x00, 0x00, 0x00, 0x00, 0x00, 0x00, 0x00, 0x00, 0x00, 0x00,
    0x00, 0x00, 0x00, 0x00, 0x00, 0x00, 0x00, 0x00, 0x00, 0x00, 0x00, 0x00, 0x00, 0x00, 0x00, 0x00,
    0x00, 0x00, 0x00, 0x00, 0x00, 0x00, 0x00, 0x00, 0x00, 0x00, 0x00, 0x00, 0x00, 0x00, 0x00, 0x00,
    0x00, 0x00, 0x00, 0x00, 0x00, 0x00, 0x00, 0x00, 0x00, 0x00, 0x00, 0x00, 0x00, 0x00, 0x00, 0x00,
    0x00, 0x00, 0x00, 0x00, 0x00, 0x00, 0x00, 0x00, 0x00, 0x00, 0x00, 0x00, 0x00, 0x00, 0x00, 0x00,
    0x00, 0x00, 0x00, 0x00, 0x00, 0x00, 0x00, 0x00, 0x00, 0x00, 0x00, 0x00, 0x00, 0x00, 0x00, 0x00,
    0x00, 0x00, 0x00, 0x00, 0x00, 0x00, 0x00, 0x00, 0x00, 0x00, 0x00, 0x00, 0x00, 0x00, 0x00, 0x00,
    0x00, 0x00, 0x00, 0x00, 0x00, 0x00, 0x00, 0x00, 0x00, 0x00, 0x00, 0x00, 0x00, 0x00, 0x00, 0x00,
    0x00, 0x00, 0x00, 0x00, 0x00, 0x00, 0x00, 0x00, 0x00, 0x00, 0x00, 0x00, 0x00, 0x00, 0x00, 0x00,
    0x00, 0x00, 0x00, 0x00, 0x00, 0x00, 0x00, 0x00, 0x00, 0x00, 0x00, 0x00, 0x00, 0x00, 0x00, 0x00,
    0x00, 0x00, 0x00, 0x00, 0x00, 0x00, 0x00, 0x00, 0x00, 0x00, 0x00, 0x00, 0x00, 0x00, 0x00, 0x00,
    0x00, 0x00, 0x00, 0x00, 0x00, 0x00, 0x00, 0x00, 0x00, 0x00, 0x00, 0x00, 0x00, 0x00, 0x00, 0x00,
    0x7F, 0x7F, 0x7F, 0x02, 0xB6, 0xB6, 0xB6, 0x0E, 0xA9, 0xAA, 0xB4, 0xBF, 0xBD, 0xC0, 0xC9, 0xFF,
    0xB5, 0xB8, 0xC0, 0xFF, 0x68, 0x6A, 0x69, 0xFC, 0x36, 0x37, 0x36, 0xFE, 0x25, 0x24, 0x1F, 0xFF,
    0x18, 0x17, 0x11, 0xFF, 0x14, 0x13, 0x0F, 0xFE, 0x10, 0x0F, 0x0C, 0xFD, 0x09, 0x0B, 0x08, 0xFC,
    0x1C, 0x1D, 0x1C, 0xFF, 0x24, 0x26, 0x25, 0xFF, 0x24, 0x28, 0x28, 0x7D, 0x00, 0x00, 0x00, 0x00,
    0x00, 0x00, 0x00, 0x03, 0x00, 0x00, 0x00, 0x03, 0x00, 0x00, 0x00, 0x00, 0x23, 0x23, 0x0F, 0x88,
    0x29, 0x2B, 0x13, 0xFF, 0x29, 0x2C, 0x17, 0xFF, 0x24, 0x26, 0x16, 0xFC, 0x1B, 0x1D, 0x15, 0xFD,
    0x34, 0x3D, 0x3A, 0xFE, 0x5B, 0x65, 0x6B, 0xFF, 0x67, 0x6D, 0x76, 0xFE, 0x36, 0x37, 0x34, 0xFD,
    0x12, 0x10, 0x06, 0xFC, 0x1F, 0x22, 0x16, 0xFF, 0x20, 0x23, 0x16, 0xFD, 0x22, 0x24, 0x16, 0x5A,
    0x00, 0x00, 0x00, 0x00, 0x00, 0x00, 0x00, 0x02, 0x00, 0x00, 0x00, 0x00, 0x00, 0x00, 0x00, 0x00,
    0x00, 0x00, 0x00, 0x00, 0x00, 0x00, 0x00, 0x00, 0x00, 0x00, 0x00, 0x00, 0x00, 0x00, 0x00, 0x00,
    0x00, 0x00, 0x00, 0x00, 0x00, 0x00, 0x00, 0x00, 0x00, 0x00, 0x00, 0x00, 0x00, 0x00, 0x00, 0x00,
    0x00, 0x00, 0x00, 0x00, 0x00, 0x00, 0x00, 0x00, 0x00, 0x00, 0x00, 0x00, 0x00, 0x00, 0x00, 0x00,
    0x00, 0x00, 0x00, 0x00, 0x00, 0x00, 0x00, 0x00, 0x00, 0x00, 0x00, 0x00, 0x00, 0x00, 0x00, 0x00,
    0x00, 0x00, 0x00, 0x00, 0x00, 0x00, 0x00, 0x00, 0x00, 0x00, 0x00, 0x00, 0x00, 0x00, 0x00, 0x00,
    0x00, 0x00, 0x00, 0x00, 0x00, 0x00, 0x00, 0x00, 0x00, 0x00, 0x00, 0x00, 0x00, 0x00, 0x00, 0x00,
    0x00, 0x00, 0x00, 0x00, 0x00, 0x00, 0x00, 0x00, 0x00, 0x00, 0x00, 0x00, 0x00, 0x00, 0x00, 0x00,
    0x00, 0x00, 0x00, 0x00, 0x00, 0x00, 0x00, 0x00, 0x00, 0x00, 0x00, 0x00, 0x00, 0x00, 0x00, 0x00,
    0x00, 0x00, 0x00, 0x00, 0x00, 0x00, 0x00, 0x00, 0x00, 0x00, 0x00, 0x00, 0x00, 0x00, 0x00, 0x00,
    0x00, 0x00, 0x00, 0x00, 0x00, 0x00, 0x00, 0x00, 0x00, 0x00, 0x00, 0x00, 0x00, 0x00, 0x00, 0x00,
    0x00, 0x00, 0x00, 0x00, 0x00, 0x00, 0x00, 0x00, 0x00, 0x00, 0x00, 0x00, 0x00, 0x00, 0x00, 0x00,
    0x00, 0x00, 0x00, 0x00, 0x00, 0x00, 0x00, 0x00, 0x00, 0x00, 0x00, 0x00, 0x00, 0x00, 0x00, 0x00,
    0x00, 0x00, 0x00, 0x00, 0x00, 0x00, 0x00, 0x00, 0x00, 0x00, 0x00, 0x00, 0x00, 0x00, 0x00, 0x00,
    0x00, 0x00, 0x00, 0x00, 0x00, 0x00, 0x00, 0x00, 0x00, 0x00, 0x00, 0x00, 0x00, 0x00, 0x00, 0x00,
    0x00, 0x00, 0x00, 0x00, 0x00, 0x00, 0x00, 0x00, 0x00, 0x00, 0x00, 0x00, 0x00, 0x00, 0x00, 0x00,
    0x00, 0x00, 0x00, 0x00, 0x00, 0x00, 0x00, 0x00, 0x00, 0x00, 0x00, 0x00, 0x00, 0x00, 0x00, 0x00,
    0x00, 0x00, 0x00, 0x00, 0x00, 0x00, 0x00, 0x00, 0x00, 0x00, 0x00, 0x00, 0x00, 0x00, 0x00, 0x00,
    0x00, 0x00, 0x00, 0x00, 0x00, 0x00, 0x00, 0x00, 0x00, 0x00, 0x00, 0x00, 0x00, 0x00, 0x00, 0x00,
    0x00, 0x00, 0x00, 0x00, 0x00, 0x00, 0x00, 0x00, 0x00, 0x00, 0x00, 0x00, 0x00, 0x00, 0x00, 0x00,
    0x00, 0x00, 0x00, 0x00, 0x00, 0x00, 0x00, 0x00, 0x00, 0x00, 0x00, 0x00, 0x00, 0x00, 0x00, 0x00,
    0x00, 0x00, 0x00, 0x00, 0x00, 0x00, 0x00, 0x00, 0x00, 0x00, 0x00, 0x00, 0x00, 0x00, 0x00, 0x00,
    0x00, 0x00, 0x00, 0x00, 0x00, 0x00, 0x00, 0x00, 0x00, 0x00, 0x00, 0x00, 0x00, 0x00, 0x00, 0x00,
    0x00, 0x00, 0x00, 0x00, 0x00, 0x00, 0x00, 0x00, 0x00, 0x00, 0x00, 0x00, 0x00, 0x00, 0x00, 0x00,
    0x00, 0x00, 0x00, 0x00, 0x00, 0x00, 0x00, 0x00, 0x00, 0x00, 0x00, 0x00, 0x00, 0x00, 0x00, 0x00,
    0x00, 0x00, 0x00, 0x00, 0x00, 0x00, 0x00, 0x00, 0x00, 0x00, 0x00, 0x00, 0x00, 0x00, 0x00, 0x00,
    0x00, 0x00, 0x00, 0x00, 0x00, 0x00, 0x00, 0x00, 0x00, 0x00, 0x00, 0x00, 0x00, 0x00, 0x00, 0x00,
    0x00, 0x00, 0x00, 0x00, 0x00, 0x00, 0x00, 0x00, 0x00, 0x00, 0x00, 0x00, 0x00, 0x00, 0x00, 0x00,
    0x00, 0x00, 0x00, 0x00, 0x00, 0x00, 0x00, 0x00, 0x00, 0x00, 0x00, 0x00, 0x00, 0x00, 0x00, 0x00,
    0x00, 0x00, 0x00, 0x00, 0x00, 0x00, 0x00, 0x00, 0x00, 0x00, 0x00, 0x00, 0x00, 0x00, 0x00, 0x00,
    0x00, 0x00, 0x00, 0x00, 0x00, 0x00, 0x00, 0x00, 0x00, 0x00, 0x00, 0x00, 0x00, 0x00, 0x00, 0x00,
    0x00, 0x00, 0x00, 0x00, 0x00, 0x00, 0x00, 0x00, 0x00, 0x00, 0x00, 0x00, 0x00, 0x00, 0x00, 0x00,
    0x00, 0x00, 0x00, 0x00, 0x00, 0x00, 0x00, 0x00, 0x00, 0x00, 0x00, 0x00, 0x00, 0x00, 0x00, 0x00,
    0x00, 0x00, 0x00, 0x00, 0x00, 0x00, 0x00, 0x00, 0x00, 0x00, 0x00, 0x00, 0x00, 0x00, 0x00, 0x00,
    0x00, 0x00, 0x00, 0x00, 0x00, 0x00, 0x00, 0x00, 0x00, 0x00, 0x00, 0x00, 0x00, 0x00, 0x00, 0x00,
    0x00, 0x00, 0x00, 0x00, 0x00, 0x00, 0x00, 0x00, 0x00, 0x00, 0x00, 0x00, 0x00, 0x00, 0x00, 0x00,
    0x00, 0x00, 0x00, 0x00, 0x00, 0x00, 0x00, 0x00, 0x00, 0x00, 0x00, 0x00, 0x00, 0x00, 0x00, 0x00,
    0x00, 0x00, 0x00, 0x00, 0x00, 0x00, 0x00, 0x00, 0x00, 0x00, 0x00, 0x00, 0x00, 0x00, 0x00, 0x00,
    0x00, 0x00, 0x00, 0x00, 0x00, 0x00, 0x00, 0x00, 0x00, 0x00, 0x00, 0x00, 0x00, 0x00, 0x00, 0x00,
    0x00, 0x00, 0x00, 0x00, 0x00, 0x00, 0x00, 0x00, 0x00, 0x00, 0x00, 0x00, 0x00, 0x00, 0x00, 0x00,
    0x00, 0x00, 0x00, 0x00, 0x00, 0x00, 0x00, 0x00, 0x00, 0x00, 0x00, 0x00, 0x00, 0x00, 0x00, 0x00,
    0x00, 0x00, 0x00, 0x00, 0x00, 0x00, 0x00, 0x00, 0x00, 0x00, 0x00, 0x00, 0x00, 0x00, 0x00, 0x00,
    0x00, 0x00, 0x00, 0x00, 0x00, 0x00, 0x00, 0x00, 0x00, 0x00, 0x00, 0x00, 0x00, 0x00, 0x00, 0x00,
    0x00, 0x00, 0x00, 0x00, 0x00, 0x00, 0x00, 0x00, 0x00, 0x00, 0x00, 0x00, 0x00, 0x00, 0x00, 0x00,
    0x00, 0x00, 0x00, 0x00, 0x00, 0x00, 0x00, 0x00, 0x00, 0x00, 0x00, 0x00, 0x00, 0x00, 0x00, 0x00,
    0x00, 0x00, 0x00, 0x00, 0x00, 0x00, 0x00, 0x00, 0x00, 0x00, 0x00, 0x00, 0x00, 0x00, 0x00, 0x00,
    0x00, 0x00, 0x00, 0x00, 0x00, 0x00, 0x00, 0x00, 0x00, 0x00, 0x00, 0x00, 0x00, 0x00, 0x00, 0x00,
    0x00, 0x00, 0x00, 0x00, 0x00, 0x00, 0x00, 0x00, 0x00, 0x00, 0x00, 0x00, 0x00, 0x00, 0x00, 0x00,
    0x00, 0x00, 0x00, 0x00, 0x00, 0x00, 0x00, 0x00, 0x00, 0x00, 0x00, 0x00, 0x00, 0x00, 0x00, 0x00,
    0x00, 0x00, 0x00, 0x00, 0x00, 0x00, 0x00, 0x00, 0x00, 0x00, 0x00, 0x00, 0x00, 0x00, 0x00, 0x00,
    0x00, 0x00, 0x00, 0x00, 0x00, 0x00, 0x00, 0x00, 0x00, 0x00, 0x00, 0x00, 0x00, 0x00, 0x00, 0x00,
    0x00, 0x00, 0x00, 0x00, 0x00, 0x00, 0x00, 0x00, 0x00, 0x00, 0x00, 0x00, 0x00, 0x00, 0x00, 0x00,
    0x7F, 0x7F, 0x7F, 0x02, 0x00, 0x00, 0x00, 0x00, 0xBF, 0xBF, 0xBF, 0x08, 0xB1, 0xB5, 0xBC, 0x8B,
    0xAD, 0xAE, 0xB8, 0xF3, 0x98, 0x9C, 0x9F, 0xFF, 0xD6, 0xE2, 0xE3, 0xFF, 0x34, 0x37, 0x37, 0xFF,
    0x77, 0x7D, 0x80, 0xFF, 0xD7, 0xDC, 0xDD, 0xFF, 0x9B, 0xA1, 0xA3, 0xFF, 0xA9, 0xAE, 0xAE, 0xFF,
    0xC0, 0xC3, 0xC5, 0xDC, 0x68, 0x68, 0x6E, 0x5A, 0x01, 0x00, 0x00, 0x00, 0xFF, 0xFF, 0xFF, 0x02,
    0x00, 0x00, 0x00, 0x00, 0x00, 0x00, 0x00, 0x00, 0x00, 0x00, 0x00, 0x02, 0x00, 0x00, 0x00, 0x00,
    0x38, 0x38, 0x1B, 0x67, 0x2B, 0x2A, 0x0F, 0xE9, 0x2B, 0x2F, 0x18, 0xFF, 0x29, 0x2E, 0x1F, 0xFF,
    0x37, 0x41, 0x3D, 0xFF, 0x31, 0x39, 0x35, 0xFF, 0x12, 0x12, 0x0A, 0xFF, 0x14, 0x12, 0x08, 0xFF,
    0x18, 0x17, 0x0E, 0xFF, 0x18, 0x14, 0x0A, 0xD3, 0x16, 0x16, 0x0B, 0x44, 0x00, 0x00, 0x00, 0x00,
    0x00, 0x00, 0x00, 0x03, 0x00, 0x00, 0x00, 0x00, 0x00, 0x00, 0x00, 0x00, 0x00, 0x00, 0x00, 0x00,
    0x00, 0x00, 0x00, 0x00, 0x00, 0x00, 0x00, 0x00, 0x00, 0x00, 0x00, 0x00, 0x00, 0x00, 0x00, 0x00,
    0x00, 0x00, 0x00, 0x00, 0x00, 0x00, 0x00, 0x00, 0x00, 0x00, 0x00, 0x00, 0x00, 0x00, 0x00, 0x00,
    0x00, 0x00, 0x00, 0x00, 0x00, 0x00, 0x00, 0x00, 0x00, 0x00, 0x00, 0x00, 0x00, 0x00, 0x00, 0x00,
    0x00, 0x00, 0x00, 0x00, 0x00, 0x00, 0x00, 0x00, 0x00, 0x00, 0x00, 0x00, 0x00, 0x00, 0x00, 0x00,
    0x00, 0x00, 0x00, 0x00, 0x00, 0x00, 0x00, 0x00, 0x00, 0x00, 0x00, 0x00, 0x00, 0x00, 0x00, 0x00,
    0x00, 0x00, 0x00, 0x00, 0x00, 0x00, 0x00, 0x00, 0x00, 0x00, 0x00, 0x00, 0x00, 0x00, 0x00, 0x00,
    0x00, 0x00, 0x00, 0x00, 0x00, 0x00, 0x00, 0x00, 0x00, 0x00, 0x00, 0x00, 0x00, 0x00, 0x00, 0x00,
    0x00, 0x00, 0x00, 0x00, 0x00, 0x00, 0x00, 0x00, 0x00, 0x00, 0x00, 0x00, 0x00, 0x00, 0x00, 0x00,
    0x00, 0x00, 0x00, 0x00, 0x00, 0x00, 0x00, 0x00, 0x00, 0x00, 0x00, 0x00, 0x00, 0x00, 0x00, 0x00,
    0x00, 0x00, 0x00, 0x00, 0x00, 0x00, 0x00, 0x00, 0x00, 0x00, 0x00, 0x00, 0x00, 0x00, 0x00, 0x00,
    0x00, 0x00, 0x00, 0x00, 0x00, 0x00, 0x00, 0x00, 0x00, 0x00, 0x00, 0x00, 0x00, 0x00, 0x00, 0x00,
    0x00, 0x00, 0x00, 0x00, 0x00, 0x00, 0x00, 0x00, 0x00, 0x00, 0x00, 0x00, 0x00, 0x00, 0x00, 0x00,
    0x00, 0x00, 0x00, 0x00, 0x00, 0x00, 0x00, 0x00, 0x00, 0x00, 0x00, 0x00, 0x00, 0x00, 0x00, 0x00,
    0x00, 0x00, 0x00, 0x00, 0x00, 0x00, 0x00, 0x00, 0x00, 0x00, 0x00, 0x00, 0x00, 0x00, 0x00, 0x00,
    0x00, 0x00, 0x00, 0x00, 0x00, 0x00, 0x00, 0x00, 0x00, 0x00, 0x00, 0x00, 0x00, 0x00, 0x00, 0x00,
    0x00, 0x00, 0x00, 0x00, 0x00, 0x00, 0x00, 0x00, 0x00, 0x00, 0x00, 0x00, 0x00, 0x00, 0x00, 0x00,
    0x00, 0x00, 0x00, 0x00, 0x00, 0x00, 0x00, 0x00, 0x00, 0x00, 0x00, 0x00, 0x00, 0x00, 0x00, 0x00,
    0x00, 0x00, 0x00, 0x00, 0x00, 0x00, 0x00, 0x00, 0x00, 0x00, 0x00, 0x00, 0x00, 0x00, 0x00, 0x00,
    0x00, 0x00, 0x00, 0x00, 0x00, 0x00, 0x00, 0x00, 0x00, 0x00, 0x00, 0x00, 0x00, 0x00, 0x00, 0x00,
    0x00, 0x00, 0x00, 0x00, 0x00, 0x00, 0x00, 0x00, 0x00, 0x00, 0x00, 0x00, 0x00, 0x00, 0x00, 0x00,
    0x00, 0x00, 0x00, 0x00, 0x00, 0x00, 0x00, 0x00, 0x00, 0x00, 0x00, 0x00, 0x00, 0x00, 0x00, 0x00,
    0x00, 0x00, 0x00, 0x00, 0x00, 0x00, 0x00, 0x00, 0x00, 0x00, 0x00, 0x00, 0x00, 0x00, 0x00, 0x00,
    0x00, 0x00, 0x00, 0x00, 0x00, 0x00, 0x00, 0x00, 0x00, 0x00, 0x00, 0x00, 0x00, 0x00, 0x00, 0x00,
    0x00, 0x00, 0x00, 0x00, 0x00, 0x00, 0x00, 0x00, 0x00, 0x00, 0x00, 0x00, 0x00, 0x00, 0x00, 0x00,
    0x00, 0x00, 0x00, 0x00, 0x00, 0x00, 0x00, 0x00, 0x00, 0x00, 0x00, 0x00, 0x00, 0x00, 0x00, 0x00,
    0x00, 0x00, 0x00, 0x00, 0x00, 0x00, 0x00, 0x00, 0x00, 0x00, 0x00, 0x00, 0x00, 0x00, 0x00, 0x00,
    0x00, 0x00, 0x00, 0x00, 0x00, 0x00, 0x00, 0x00, 0x00, 0x00, 0x00, 0x00, 0x00, 0x00, 0x00, 0x00,
    0x00, 0x00, 0x00, 0x00, 0x00, 0x00, 0x00, 0x00, 0x00, 0x00, 0x00, 0x00, 0x00, 0x00, 0x00, 0x00,
    0x00, 0x00, 0x00, 0x00, 0x00, 0x00, 0x00, 0x00, 0x00, 0x00, 0x00, 0x00, 0x00, 0x00, 0x00, 0x00,
    0x00, 0x00, 0x00, 0x00, 0x00, 0x00, 0x00, 0x00, 0x00, 0x00, 0x00, 0x00, 0x00, 0x00, 0x00, 0x00,
    0x00, 0x00, 0x00, 0x00, 0x00, 0x00, 0x00, 0x00, 0x00, 0x00, 0x00, 0x00, 0x00, 0x00, 0x00, 0x00,
    0x00, 0x00, 0x00, 0x00, 0x00, 0x00, 0x00, 0x00, 0x00, 0x00, 0x00, 0x00, 0x00, 0x00, 0x00, 0x00,
    0x00, 0x00, 0x00, 0x00, 0x00, 0x00, 0x00, 0x00, 0x00, 0x00, 0x00, 0x00, 0x00, 0x00, 0x00, 0x00,
    0x00, 0x00, 0x00, 0x00, 0x00, 0x00, 0x00, 0x00, 0x00, 0x00, 0x00, 0x00, 0x00, 0x00, 0x00, 0x00,
    0x00, 0x00, 0x00, 0x00, 0x00, 0x00, 0x00, 0x00, 0x00, 0x00, 0x00, 0x00, 0x00, 0x00, 0x00, 0x00,
    0x00, 0x00, 0x00, 0x00, 0x00, 0x00, 0x00, 0x00, 0x00, 0x00, 0x00, 0x00, 0x00, 0x00, 0x00, 0x00,
    0x00, 0x00, 0x00, 0x00, 0x00, 0x00, 0x00, 0x00, 0x00, 0x00, 0x00, 0x00, 0x00, 0x00, 0x00, 0x00,
    0x00, 0x00, 0x00, 0x00, 0x00, 0x00, 0x00, 0x00, 0x00, 0x00, 0x00, 0x00, 0x00, 0x00, 0x00, 0x00,
    0x00, 0x00, 0x00, 0x00, 0x00, 0x00, 0x00, 0x00, 0x00, 0x00, 0x00, 0x00, 0x00, 0x00, 0x00, 0x00,
    0x00, 0x00, 0x00, 0x00, 0x00, 0x00, 0x00, 0x00, 0x00, 0x00, 0x00, 0x00, 0x00, 0x00, 0x00, 0x00,
    0x00, 0x00, 0x00, 0x00, 0x00, 0x00, 0x00, 0x00, 0x00, 0x00, 0x00, 0x00, 0x00, 0x00, 0x00, 0x00,
    0x00, 0x00, 0x00, 0x00, 0x00, 0x00, 0x00, 0x00, 0x00, 0x00, 0x00, 0x00, 0x00, 0x00, 0x00, 0x00,
    0x00, 0x00, 0x00, 0x00, 0x00, 0x00, 0x00, 0x00, 0x00, 0x00, 0x00, 0x00, 0x00, 0x00, 0x00, 0x00,
    0x00, 0x00, 0x00, 0x00, 0x00, 0x00, 0x00, 0x00, 0x00, 0x00, 0x00, 0x00, 0x00, 0x00, 0x00, 0x00,
    0x00, 0x00, 0x00, 0x00, 0x00, 0x00, 0x00, 0x00, 0x00, 0x00, 0x00, 0x00, 0x00, 0x00, 0x00, 0x00,
    0x00, 0x00, 0x00, 0x00, 0x00, 0x00, 0x00, 0x00, 0x00, 0x00, 0x00, 0x00, 0x00, 0x00, 0x00, 0x00,
    0x00, 0x00, 0x00, 0x00, 0x00, 0x00, 0x00, 0x00, 0x00, 0x00, 0x00, 0x00, 0x00, 0x00, 0x00, 0x00,
    0x00, 0x00, 0x00, 0x00, 0x00, 0x00, 0x00, 0x00, 0x00, 0x00, 0x00, 0x00, 0x00, 0x00, 0x00, 0x00,
    0x00, 0x00, 0x00, 0x00, 0x00, 0x00, 0x00, 0x00, 0x00, 0x00, 0x00, 0x00, 0x00, 0x00, 0x00, 0x00,
    0x00, 0x00, 0x00, 0x00, 0x00, 0x00, 0x00, 0x00, 0x00, 0x00, 0x00, 0x00, 0x00, 0x00, 0x00, 0x00,
    0x00, 0x00, 0x00, 0x00, 0x00, 0x00, 0x00, 0x00, 0x00, 0x00, 0x00, 0x00, 0x00, 0x00, 0x00, 0x00,
    0x00, 0x00, 0x00, 0x00, 0xFF, 0xFF, 0xFF, 0x01, 0x00, 0x00, 0x00, 0x00, 0x00, 0x00, 0x00, 0x00,
    0xC6, 0xC6, 0xD1, 0x2D, 0x86, 0x88, 0x8C, 0x8E, 0x65, 0x68, 0x68, 0xD0, 0x6F, 0x71, 0x71, 0xF5,
    0x7E, 0x86, 0x8A, 0xFD, 0xA5, 0xAB, 0xAD, 0xEC, 0xEC, 0xF4, 0xF9, 0xBE, 0xFF, 0xFF, 0xFF, 0x70,
    0xFF, 0xFF, 0xFF, 0x12, 0x00, 0x00, 0x00, 0x00, 0x55, 0x55, 0x55, 0x03, 0x00, 0x00, 0x00, 0x00,
    0x00, 0x00, 0x00, 0x00, 0x00, 0x00, 0x00, 0x00, 0x00, 0x00, 0x00, 0x00, 0x00, 0x00, 0x00, 0x02,
    0x00, 0x00, 0x00, 0x00, 0x25, 0x1C, 0x09, 0x1B, 0x24, 0x24, 0x0C, 0x7F, 0x27, 0x2D, 0x19, 0xC6,
    0x30, 0x37, 0x30, 0xED, 0x32, 0x3A, 0x38, 0xF7, 0x19, 0x1A, 0x12, 0xE7, 0x19, 0x18, 0x0E, 0xBC,
    0x15, 0x10, 0x09, 0x6C, 0x13, 0x13, 0x00, 0x0D, 0x00, 0x00, 0x00, 0x00, 0x00, 0x00, 0x00, 0x03,
    0x00, 0x00, 0x00, 0x00, 0x00, 0x00, 0x00, 0x00, 0x00, 0x00, 0x00, 0x00, 0x00, 0x00, 0x00, 0x00,
    0x00, 0x00, 0x00, 0x00, 0x00, 0x00, 0x00, 0x00, 0x00, 0x00, 0x00, 0x00, 0x00, 0x00, 0x00, 0x00,
    0x00, 0x00, 0x00, 0x00, 0x00, 0x00, 0x00, 0x00, 0x00, 0x00, 0x00, 0x00, 0x00, 0x00, 0x00, 0x00,
    0x00, 0x00, 0x00, 0x00, 0x00, 0x00, 0x00, 0x00, 0x00, 0x00, 0x00, 0x00, 0x00, 0x00, 0x00, 0x00,
    0x00, 0x00, 0x00, 0x00, 0x00, 0x00, 0x00, 0x00, 0x00, 0x00, 0x00, 0x00, 0x00, 0x00, 0x00, 0x00,
    0x00, 0x00, 0x00, 0x00, 0x00, 0x00, 0x00, 0x00, 0x00, 0x00, 0x00, 0x00, 0x00, 0x00, 0x00, 0x00,
    0x00, 0x00, 0x00, 0x00, 0x00, 0x00, 0x00, 0x00, 0x00, 0x00, 0x00, 0x00, 0x00, 0x00, 0x00, 0x00,
    0x00, 0x00, 0x00, 0x00, 0x00, 0x00, 0x00, 0x00, 0x00, 0x00, 0x00, 0x00, 0x00, 0x00, 0x00, 0x00,
    0x00, 0x00, 0x00, 0x00, 0x00, 0x00, 0x00, 0x00, 0x00, 0x00, 0x00, 0x00, 0x00, 0x00, 0x00, 0x00,
    0x00, 0x00, 0x00, 0x00, 0x00, 0x00, 0x00, 0x00, 0x00, 0x00, 0x00, 0x00, 0x00, 0x00, 0x00, 0x00,
    0x00, 0x00, 0x00, 0x00, 0x00, 0x00, 0x00, 0x00, 0x00, 0x00, 0x00, 0x00, 0x00, 0x00, 0x00, 0x00,
    0x00, 0x00, 0x00, 0x00, 0x00, 0x00, 0x00, 0x00, 0x00, 0x00, 0x00, 0x00, 0x00, 0x00, 0x00, 0x00,
    0x00, 0x00, 0x00, 0x00, 0x00, 0x00, 0x00, 0x00, 0x00, 0x00, 0x00, 0x00, 0x00, 0x00, 0x00, 0x00,
    0x00, 0x00, 0x00, 0x00, 0x00, 0x00, 0x00, 0x00, 0x00, 0x00, 0x00, 0x00, 0x00, 0x00, 0x00, 0x00,
    0x00, 0x00, 0x00, 0x00, 0x00, 0x00, 0x00, 0x00, 0x00, 0x00, 0x00, 0x00, 0x00, 0x00, 0x00, 0x00,
    0x00, 0x00, 0x00, 0x00, 0x00, 0x00, 0x00, 0x00, 0x00, 0x00, 0x00, 0x00, 0x00, 0x00, 0x00, 0x00,
    0x00, 0x00, 0x00, 0x00, 0x00, 0x00, 0x00, 0x00, 0x00, 0x00, 0x00, 0x00, 0x00, 0x00, 0x00, 0x00,
    0x00, 0x00, 0x00, 0x00, 0x00, 0x00, 0x00, 0x00, 0x00, 0x00, 0x00, 0x00, 0x00, 0x00, 0x00, 0x00,
    0x00, 0x00, 0x00, 0x00, 0x00, 0x00, 0x00, 0x00, 0x00, 0x00, 0x00, 0x00, 0x00, 0x00, 0x00, 0x00,
    0x00, 0x00, 0x00, 0x00, 0x00, 0x00, 0x00, 0x00, 0x00, 0x00, 0x00, 0x00, 0x00, 0x00, 0x00, 0x00,
    0x00, 0x00, 0x00, 0x00, 0x00, 0x00, 0x00, 0x00, 0x00, 0x00, 0x00, 0x00, 0x00, 0x00, 0x00, 0x00,
    0x00, 0x00, 0x00, 0x00, 0x00, 0x00, 0x00, 0x00, 0x00, 0x00, 0x00, 0x00, 0x00, 0x00, 0x00, 0x00,
    0x00, 0x00, 0x00, 0x00, 0x00, 0x00, 0x00, 0x00, 0x00, 0x00, 0x00, 0x00, 0x00, 0x00, 0x00, 0x00,
    0x00, 0x00, 0x00, 0x00, 0x00, 0x00, 0x00, 0x00, 0x00, 0x00, 0x00, 0x00, 0x00, 0x00, 0x00, 0x00,
    0x00, 0x00, 0x00, 0x00, 0x00, 0x00, 0x00, 0x00, 0x00, 0x00, 0x00, 0x00, 0x00, 0x00, 0x00, 0x00,
    0x00, 0x00, 0x00, 0x00, 0x00, 0x00, 0x00, 0x00, 0x00, 0x00, 0x00, 0x00, 0x00, 0x00, 0x00, 0x00,
    0x00, 0x00, 0x00, 0x00, 0x00, 0x00, 0x00, 0x00, 0x00, 0x00, 0x00, 0x00, 0x00, 0x00, 0x00, 0x00,
    0x00, 0x00, 0x00, 0x00, 0x00, 0x00, 0x00, 0x00, 0x00, 0x00, 0x00, 0x00, 0x00, 0x00, 0x00, 0x00,
    0x00, 0x00, 0x00, 0x00, 0x00, 0x00, 0x00, 0x00, 0x00, 0x00, 0x00, 0x00, 0x00, 0x00, 0x00, 0x00,
    0x00, 0x00, 0x00, 0x00, 0x00, 0x00, 0x00, 0x00, 0x00, 0x00, 0x00, 0x00, 0x00, 0x00, 0x00, 0x00,
    0x00, 0x00, 0x00, 0x00, 0x00, 0x00, 0x00, 0x00, 0x00, 0x00, 0x00, 0x00, 0x00, 0x00, 0x00, 0x00,
    0x00, 0x00, 0x00, 0x00, 0x00, 0x00, 0x00, 0x00, 0x00, 0x00, 0x00, 0x00, 0x00, 0x00, 0x00, 0x00,
    0x00, 0x00, 0x00, 0x00, 0x00, 0x00, 0x00, 0x00, 0x00, 0x00, 0x00, 0x00, 0x00, 0x00, 0x00, 0x00,
    0x00, 0x00, 0x00, 0x00, 0x00, 0x00, 0x00, 0x00, 0x00, 0x00, 0x00, 0x00, 0x00, 0x00, 0x00, 0x00,
    0x00, 0x00, 0x00, 0x00, 0x00, 0x00, 0x00, 0x00, 0x00, 0x00, 0x00, 0x00, 0x00, 0x00, 0x00, 0x00,
    0x00, 0x00, 0x00, 0x00, 0x00, 0x00, 0x00, 0x00, 0x00, 0x00, 0x00, 0x00, 0x00, 0x00, 0x00, 0x00,
    0x00, 0x00, 0x00, 0x00, 0x00, 0x00, 0x00, 0x00, 0x00, 0x00, 0x00, 0x00, 0x00, 0x00, 0x00, 0x00,
    0x00, 0x00, 0x00, 0x00, 0x00, 0x00, 0x00, 0x00, 0x00, 0x00, 0x00, 0x00, 0x00, 0x00, 0x00, 0x00,
    0x00, 0x00, 0x00, 0x00, 0x00, 0x00, 0x00, 0x00, 0x00, 0x00, 0x00, 0x00, 0x00, 0x00, 0x00, 0x00,
    0x00, 0x00, 0x00, 0x00, 0x00, 0x00, 0x00, 0x00, 0x00, 0x00, 0x00, 0x00, 0x00, 0x00, 0x00, 0x00,
    0x00, 0x00, 0x00, 0x00, 0x00, 0x00, 0x00, 0x00, 0x00, 0x00, 0x00, 0x00, 0x00, 0x00, 0x00, 0x00,
    0x00, 0x00, 0x00, 0x00, 0x00, 0x00, 0x00, 0x00, 0x00, 0x00, 0x00, 0x00, 0x00, 0x00, 0x00, 0x00,
    0x00, 0x00, 0x00, 0x00, 0x00, 0x00, 0x00, 0x00, 0x00, 0x00, 0x00, 0x00, 0x00, 0x00, 0x00, 0x00,
    0x00, 0x00, 0x00, 0x00, 0x00, 0x00, 0x00, 0x00, 0x00, 0x00, 0x00, 0x00, 0x00, 0x00, 0x00, 0x00,
    0x00, 0x00, 0x00, 0x00, 0x00, 0x00, 0x00, 0x00, 0x00, 0x00, 0x00, 0x00, 0x00, 0x00, 0x00, 0x00,
    0x00, 0x00, 0x00, 0x00, 0x00, 0x00, 0x00, 0x00, 0x00, 0x00, 0x00, 0x00, 0x00, 0x00, 0x00, 0x00,
    0x00, 0x00, 0x00, 0x00, 0x00, 0x00, 0x00, 0x00, 0x00, 0x00, 0x00, 0x00, 0x00, 0x00, 0x00, 0x00,
    0x00, 0x00, 0x00, 0x00, 0x00, 0x00, 0x00, 0x00, 0x00, 0x00, 0x00, 0x00, 0x00, 0x00, 0x00, 0x00,
    0x00, 0x00, 0x00, 0x00, 0x00, 0x00, 0x00, 0x00, 0x00, 0x00, 0x00, 0x00, 0x00, 0x00, 0x00, 0x00,
    0x00, 0x00, 0x00, 0x00, 0x00, 0x00, 0x00, 0x00, 0x00, 0x00, 0x00, 0x00, 0x00, 0x00, 0x00, 0x00,
    0x00, 0x00, 0x00, 0x00, 0x00, 0x00, 0x00, 0x00, 0x00, 0x00, 0x00, 0x00, 0x00, 0x00, 0x00, 0x00,
    0x00, 0x00, 0x00, 0x00, 0x00, 0x00, 0x00, 0x00, 0x00, 0x00, 0x00, 0x00, 0x00, 0x00, 0x00, 0x00,
};
