// Generated by tools/dwm_zorder/generate_signature_model.py; do not edit bytes by hand.
// Reviewed Windows 10 19041 x64 family; every owned hot/cold fragment is validated.
#pragma once
#include "RuntimeResolver.h"
namespace ks::dwm_order::runtime::win10_signatures
{
inline constexpr Layout kLayout{0x18, 0x28, 0x70, 0x78, 0x180};
// FindWindow
inline constexpr unsigned char kBytes00[] = {
    0x48,0x89,0x5c,0x24,0x08,0x48,0x89,0x74,0x24,0x18,0x57,0x48,0x83,0xec,0x20,0x33,0xdb,0x48,0x8b,0xfa,0x48,0x21,0x5c,0x24,
    0x38,0x48,0x85,0xd2,0x74,0x39,0x48,0x8d,0x71,0x08,0x48,0x8d,0x54,0x24,0x38,0x48,0x8b,0xce,0x48,0xff,0x15,0x00,0x00,0x00,
    0x00,0x0f,0x1f,0x44,0x00,0x00,0x48,0x85,0xc0,0x74,0x1c,0x48,0x85,0xdb,0x75,0x17,0x48,0x8d,0x48,0x50,0x48,0x8b,0x01,0x48,
    0x3b,0xc1,0x74,0xd6,0x48,0x39,0x78,0x28,0x74,0x19,0x48,0x8b,0x00,0xeb,0xf0,0x48,0x8b,0x74,0x24,0x40,0x48,0x8b,0xc3,0x48,
    0x8b,0x5c,0x24,0x30,0x48,0x83,0xc4,0x20,0x5f,0xc3,0xcc,0x48,0x8b,0xd8,0xeb,0xb2,
};
inline constexpr unsigned char kMask00[] = {
    0xff,0xff,0xff,0xff,0xff,0xff,0xff,0xff,0xff,0xff,0xff,0xff,0xff,0xff,0xff,0xff,0xff,0xff,0xff,0xff,0xff,0xff,0xff,0xff,
    0xff,0xff,0xff,0xff,0xff,0xff,0xff,0xff,0xff,0xff,0xff,0xff,0xff,0xff,0xff,0xff,0xff,0xff,0xff,0xff,0xff,0x00,0x00,0x00,
    0x00,0xff,0xff,0xff,0xff,0xff,0xff,0xff,0xff,0xff,0xff,0xff,0xff,0xff,0xff,0xff,0xff,0xff,0xff,0xff,0xff,0xff,0xff,0xff,
    0xff,0xff,0xff,0xff,0xff,0xff,0xff,0xff,0xff,0xff,0xff,0xff,0xff,0xff,0xff,0xff,0xff,0xff,0xff,0xff,0xff,0xff,0xff,0xff,
    0xff,0xff,0xff,0xff,0xff,0xff,0xff,0xff,0xff,0xff,0xff,0xff,0xff,0xff,0xff,0xff,
};
inline constexpr Reference kRefs00[] = {
    {45, 49, Section::kReadOnly, Node::kCount, Binding::kNone, "RtlEnumerateGenericTableWithoutSplaying", 65535, 0, 4},
};
// desktopList
inline constexpr unsigned char kBytes10[] = {
    0x48,0x8b,0xc4,0x48,0x81,0xec,0x88,0x00,0x00,0x00,0x48,0x83,0x60,0xa0,0x00,0x0f,0x57,0xc0,0x48,0x83,0x48,0xd8,0xff,0x0f,
    0x57,0xc9,0x48,0x89,0x50,0x98,0x48,0x83,0xc1,0x08,0x48,0x8d,0x50,0x98,0x66,0x0f,0x7f,0x40,0xa8,0x66,0x0f,0x7f,0x40,0xb8,
    0x66,0x0f,0x7f,0x48,0xc8,0xc6,0x40,0xe0,0x00,0x48,0xff,0x15,0x00,0x00,0x00,0x00,0x0f,0x1f,0x44,0x00,0x00,0x48,0x85,0xc0,
    0x74,0x0d,0x48,0x83,0xc0,0x50,0x48,0x81,0xc4,0x88,0x00,0x00,0x00,0xc3,0xcc,0x48,0x8d,0x05,0x00,0x00,0x00,0x00,0xeb,0xee,
};
inline constexpr unsigned char kMask10[] = {
    0xff,0xff,0xff,0xff,0xff,0xff,0xff,0xff,0xff,0xff,0xff,0xff,0xff,0xff,0xff,0xff,0xff,0xff,0xff,0xff,0xff,0xff,0xff,0xff,
    0xff,0xff,0xff,0xff,0xff,0xff,0xff,0xff,0xff,0xff,0xff,0xff,0xff,0xff,0xff,0xff,0xff,0xff,0xff,0xff,0xff,0xff,0xff,0xff,
    0xff,0xff,0xff,0xff,0xff,0xff,0xff,0xff,0xff,0xff,0xff,0xff,0x00,0x00,0x00,0x00,0xff,0xff,0xff,0xff,0xff,0xff,0xff,0xff,
    0xff,0xff,0xff,0xff,0xff,0xff,0xff,0xff,0xff,0xff,0xff,0xff,0xff,0xff,0xff,0xff,0xff,0xff,0x00,0x00,0x00,0x00,0xff,0xff,
};
inline constexpr Reference kRefs10[] = {
    {60, 64, Section::kReadOnly, Node::kCount, Binding::kNone, "RtlLookupElementGenericTable", 65535, 0, 4},
    {90, 94, Section::kReadOnly, Node::kCount, Binding::kNone, nullptr, 65535, 0, 4},
};
// ZOrder
inline constexpr unsigned char kBytes20[] = {
    0x48,0x8b,0xc4,0x48,0x89,0x58,0x08,0x48,0x89,0x70,0x10,0x48,0x89,0x78,0x18,0x55,0x41,0x54,0x41,0x55,0x41,0x56,0x41,0x57,
    0x48,0x8d,0x68,0xa1,0x48,0x81,0xec,0x00,0x01,0x00,0x00,0x4c,0x8b,0xf9,0x4d,0x8b,0xf0,0x48,0x8d,0x0d,0x00,0x00,0x00,0x00,
    0x48,0x8b,0xda,0x48,0xff,0x15,0x00,0x00,0x00,0x00,0x0f,0x1f,0x44,0x00,0x00,0x33,0xff,0x4c,0x8d,0x4d,0x7f,0x41,0xb0,0x01,
    0x48,0x89,0x7d,0x7f,0x48,0x8b,0xd3,0x49,0x8b,0xcf,0xe8,0x00,0x00,0x00,0x00,0x8b,0xd8,0x85,0xc0,0x0f,0x88,0x00,0x00,0x00,
    0x00,0x48,0x8b,0x45,0x7f,0x48,0x85,0xc0,0x0f,0x84,0x00,0x00,0x00,0x00,0x48,0x8b,0x40,0x78,0x4d,0x8d,0x6f,0x08,0x48,0x83,
    0x4d,0xb7,0xff,0x48,0x8d,0x54,0x24,0x40,0x0f,0x57,0xc0,0x48,0x89,0x7c,0x24,0x48,0x0f,0x57,0xc9,0x66,0x0f,0x7f,0x45,0x87,
    0x49,0x8b,0xcd,0x40,0x88,0x7d,0xbf,0x66,0x0f,0x7f,0x45,0x97,0x66,0x0f,0x7f,0x4d,0xa7,0x48,0x89,0x44,0x24,0x40,0x48,0xff,
    0x15,0x00,0x00,0x00,0x00,0x0f,0x1f,0x44,0x00,0x00,0x48,0x8d,0x70,0x50,0x48,0x85,0xc0,0x0f,0x84,0x00,0x00,0x00,0x00,0x48,
    0x89,0x74,0x24,0x30,0x48,0x85,0xf6,0x0f,0x84,0x00,0x00,0x00,0x00,0x4d,0x85,0xf6,0x74,0x2b,0x4c,0x8d,0x4c,0x24,0x30,0x41,
    0xb0,0x01,0x49,0x8b,0xd6,0x49,0x8b,0xcf,0xe8,0x00,0x00,0x00,0x00,0x8b,0xd8,0x85,0xc0,0x0f,0x88,0x00,0x00,0x00,0x00,0x48,
    0x8b,0x74,0x24,0x30,0x48,0x85,0xf6,0x0f,0x84,0x00,0x00,0x00,0x00,0x48,0x8b,0x45,0x7f,0x48,0x3b,0x06,0x0f,0x84,0xa8,0x01,
    0x00,0x00,0x48,0x8b,0x08,0x48,0x39,0x41,0x08,0x0f,0x85,0x00,0x00,0x00,0x00,0x48,0x8b,0x50,0x08,0x48,0x39,0x02,0x0f,0x85,
    0x00,0x00,0x00,0x00,0x48,0x89,0x0a,0x48,0x89,0x51,0x08,0x48,0x8b,0x0e,0x48,0x8b,0x45,0x7f,0x48,0x39,0x71,0x08,0x0f,0x85,
    0x00,0x00,0x00,0x00,0x48,0x89,0x08,0x48,0x89,0x70,0x08,0x48,0x89,0x41,0x08,0x48,0x89,0x06,0x48,0x8b,0x55,0x7f,0x4c,0x8b,
    0xa2,0x80,0x01,0x00,0x00,0x4d,0x85,0xe4,0x0f,0x84,0x48,0x01,0x00,0x00,0x48,0x8b,0x42,0x78,0x0f,0x57,0xc0,0x48,0x83,0x4d,
    0xb7,0xff,0x48,0x8d,0x54,0x24,0x40,0x0f,0x57,0xc9,0x66,0x0f,0x7f,0x45,0x87,0x49,0x8b,0xcd,0x66,0x0f,0x7f,0x45,0x97,0x66,
    0x0f,0x7f,0x4d,0xa7,0x48,0x89,0x44,0x24,0x40,0x48,0x89,0x7c,0x24,0x48,0x40,0x88,0x7d,0xbf,0x48,0xff,0x15,0x00,0x00,0x00,
    0x00,0x0f,0x1f,0x44,0x00,0x00,0x48,0x85,0xc0,0x0f,0x84,0x00,0x00,0x00,0x00,0x4c,0x8b,0x70,0x18,0x48,0x8b,0x45,0x7f,0x48,
    0x8d,0x55,0xd7,0x48,0x83,0x4d,0x17,0xff,0x0f,0x57,0xc0,0x0f,0x57,0xc9,0x48,0x89,0x7d,0xdf,0x48,0x8b,0xdf,0x66,0x0f,0x7f,
    0x45,0xe7,0x48,0x8b,0x48,0x78,0x48,0x89,0x4d,0xd7,0x49,0x8b,0xcd,0x40,0x88,0x7d,0x1f,0x66,0x0f,0x7f,0x45,0xf7,0x66,0x0f,
    0x7f,0x4d,0x07,0x48,0xff,0x15,0x00,0x00,0x00,0x00,0x0f,0x1f,0x44,0x00,0x00,0x48,0x85,0xc0,0x0f,0x84,0x00,0x00,0x00,0x00,
    0x48,0x83,0xc0,0x50,0x48,0x85,0xc0,0x0f,0x84,0x00,0x00,0x00,0x00,0x48,0x3b,0xf0,0x74,0x20,0x48,0x8b,0x9e,0x80,0x01,0x00,
    0x00,0x48,0x85,0xdb,0x0f,0x84,0x19,0x01,0x00,0x00,0x48,0x8b,0x86,0x90,0x01,0x00,0x00,0x48,0x85,0xc0,0x0f,0x85,0x00,0x00,
    0x00,0x00,0x41,0xb1,0x01,0xc6,0x44,0x24,0x20,0x01,0x4c,0x8b,0xc3,0x49,0x8d,0x4e,0x20,0x49,0x8b,0xd4,0xe8,0x00,0x00,0x00,
    0x00,0x8b,0xd8,0x85,0xc0,0x0f,0x88,0x00,0x00,0x00,0x00,0x48,0x8b,0x4d,0x7f,0x33,0xd2,0x48,0x8b,0x89,0x88,0x01,0x00,0x00,
    0xe8,0x00,0x00,0x00,0x00,0x8b,0xd8,0x85,0xc0,0x0f,0x88,0x00,0x00,0x00,0x00,0x48,0x8b,0x55,0x7f,0x41,0xb8,0x03,0x00,0x00,
    0x00,0x49,0x8b,0xcf,0xe8,0x00,0x00,0x00,0x00,0x48,0x8b,0x55,0x7f,0x48,0x8b,0x82,0x90,0x01,0x00,0x00,0x48,0x85,0xc0,0x0f,
    0x85,0x00,0x00,0x00,0x00,0x48,0x8b,0x82,0x80,0x01,0x00,0x00,0x48,0x85,0xc0,0x74,0x0d,0xf6,0x80,0xf1,0x00,0x00,0x00,0x20,
    0x0f,0x85,0x00,0x00,0x00,0x00,0x4c,0x8b,0xb2,0x18,0x02,0x00,0x00,0x4d,0x85,0xf6,0x75,0x37,0x48,0x8d,0x0d,0x00,0x00,0x00,
    0x00,0x48,0xff,0x15,0x00,0x00,0x00,0x00,0x0f,0x1f,0x44,0x00,0x00,0x4c,0x8d,0x9c,0x24,0x00,0x01,0x00,0x00,0x8b,0xc3,0x49,
    0x8b,0x5b,0x30,0x49,0x8b,0x73,0x38,0x49,0x8b,0x7b,0x40,0x49,0x8b,0xe3,0x41,0x5f,0x41,0x5e,0x41,0x5d,0x41,0x5c,0x5d,0xc3,
    0xcc,0x41,0xbc,0x01,0x00,0x00,0x00,0x45,0x39,0xa6,0x38,0x02,0x00,0x00,0x76,0xba,0x48,0x8b,0x52,0x78,0x49,0x8b,0xcd,0x4c,
    0x8b,0xff,0xe8,0x00,0x00,0x00,0x00,0x48,0x8d,0x48,0x50,0x48,0x85,0xc0,0x0f,0x84,0x00,0x00,0x00,0x00,0x48,0x8b,0x55,0x7f,
    0x48,0x85,0xc9,0x74,0x22,0x48,0x8b,0x02,0x48,0x3b,0xc1,0x74,0x1a,0x4c,0x39,0xb0,0x18,0x02,0x00,0x00,0x74,0x0e,0x48,0x8b,
    0x00,0xeb,0xed,0x48,0x8b,0x76,0x08,0xe9,0xc9,0xfe,0xff,0xff,0x4c,0x8b,0xf8,0x49,0x8d,0xb6,0x20,0x02,0x00,0x00,0x4d,0x85,
    0xff,0x74,0x39,0x48,0x8d,0x55,0x7f,0x48,0x8b,0xce,0xe8,0x00,0x00,0x00,0x00,0x48,0x8b,0x06,0x39,0x7e,0x18,0x76,0x11,0x4c,
    0x3b,0x38,0x74,0x0c,0x41,0x03,0xfc,0x48,0x83,0xc0,0x08,0x3b,0x7e,0x18,0x72,0xef,0x44,0x8b,0xc7,0x48,0x8d,0x55,0x7f,0x48,
    0x8b,0xce,0xe8,0x00,0x00,0x00,0x00,0xe9,0x2e,0xff,0xff,0xff,0x41,0x8b,0x8e,0x38,0x02,0x00,0x00,0x48,0x8b,0x06,0x41,0x2b,
    0xcc,0x48,0x39,0x14,0xc8,0x0f,0x84,0x17,0xff,0xff,0xff,0x48,0x8d,0x55,0x7f,0x48,0x8b,0xce,0xe8,0x00,0x00,0x00,0x00,0x8b,
    0x46,0x18,0x44,0x8d,0x40,0x01,0x44,0x3b,0xc0,0x0f,0x82,0x00,0x00,0x00,0x00,0x44,0x3b,0x46,0x14,0x76,0x4d,0x45,0x33,0xc9,
    0x48,0x8d,0x45,0x7f,0x48,0x89,0x44,0x24,0x30,0x45,0x8b,0xc4,0x48,0x8d,0x44,0x24,0x30,0x48,0x8b,0xce,0x48,0x89,0x44,0x24,
    0x20,0x41,0x8d,0x51,0x08,0xe8,0x00,0x00,0x00,0x00,0x85,0xc0,0x0f,0x88,0x00,0x00,0x00,0x00,0x44,0x8b,0x46,0x18,0x48,0x8b,
    0x44,0x24,0x30,0x48,0x8b,0x16,0x41,0xc1,0xe0,0x03,0x48,0x8b,0x08,0x49,0x89,0x0c,0x10,0x44,0x01,0x66,0x18,0xe9,0xa8,0xfe,
    0xff,0xff,0x48,0x8b,0x0e,0x48,0x8b,0xd0,0x48,0x8b,0x45,0x7f,0x48,0x89,0x04,0xd1,0x44,0x89,0x46,0x18,0xe9,0x91,0xfe,0xff,
    0xff,
};
inline constexpr unsigned char kMask20[] = {
    0xff,0xff,0xff,0xff,0xff,0xff,0xff,0xff,0xff,0xff,0xff,0xff,0xff,0xff,0xff,0xff,0xff,0xff,0xff,0xff,0xff,0xff,0xff,0xff,
    0xff,0xff,0xff,0xff,0xff,0xff,0xff,0xff,0xff,0xff,0xff,0xff,0xff,0xff,0xff,0xff,0xff,0xff,0xff,0xff,0x00,0x00,0x00,0x00,
    0xff,0xff,0xff,0xff,0xff,0xff,0x00,0x00,0x00,0x00,0xff,0xff,0xff,0xff,0xff,0xff,0xff,0xff,0xff,0xff,0xff,0xff,0xff,0xff,
    0xff,0xff,0xff,0xff,0xff,0xff,0xff,0xff,0xff,0xff,0xff,0x00,0x00,0x00,0x00,0xff,0xff,0xff,0xff,0xff,0xff,0x00,0x00,0x00,
    0x00,0xff,0xff,0xff,0xff,0xff,0xff,0xff,0xff,0xff,0x00,0x00,0x00,0x00,0xff,0xff,0xff,0xff,0xff,0xff,0xff,0xff,0xff,0xff,
    0xff,0xff,0xff,0xff,0xff,0xff,0xff,0xff,0xff,0xff,0xff,0xff,0xff,0xff,0xff,0xff,0xff,0xff,0xff,0xff,0xff,0xff,0xff,0xff,
    0xff,0xff,0xff,0xff,0xff,0xff,0xff,0xff,0xff,0xff,0xff,0xff,0xff,0xff,0xff,0xff,0xff,0xff,0xff,0xff,0xff,0xff,0xff,0xff,
    0xff,0x00,0x00,0x00,0x00,0xff,0xff,0xff,0xff,0xff,0xff,0xff,0xff,0xff,0xff,0xff,0xff,0xff,0xff,0x00,0x00,0x00,0x00,0xff,
    0xff,0xff,0xff,0xff,0xff,0xff,0xff,0xff,0xff,0x00,0x00,0x00,0x00,0xff,0xff,0xff,0xff,0xff,0xff,0xff,0xff,0xff,0xff,0xff,
    0xff,0xff,0xff,0xff,0xff,0xff,0xff,0xff,0xff,0x00,0x00,0x00,0x00,0xff,0xff,0xff,0xff,0xff,0xff,0x00,0x00,0x00,0x00,0xff,
    0xff,0xff,0xff,0xff,0xff,0xff,0xff,0xff,0xff,0x00,0x00,0x00,0x00,0xff,0xff,0xff,0xff,0xff,0xff,0xff,0xff,0xff,0xff,0xff,
    0xff,0xff,0xff,0xff,0xff,0xff,0xff,0xff,0xff,0xff,0xff,0x00,0x00,0x00,0x00,0xff,0xff,0xff,0xff,0xff,0xff,0xff,0xff,0xff,
    0x00,0x00,0x00,0x00,0xff,0xff,0xff,0xff,0xff,0xff,0xff,0xff,0xff,0xff,0xff,0xff,0xff,0xff,0xff,0xff,0xff,0xff,0xff,0xff,
    0x00,0x00,0x00,0x00,0xff,0xff,0xff,0xff,0xff,0xff,0xff,0xff,0xff,0xff,0xff,0xff,0xff,0xff,0xff,0xff,0xff,0xff,0xff,0xff,
    0xff,0xff,0xff,0xff,0xff,0xff,0xff,0xff,0xff,0xff,0xff,0xff,0xff,0xff,0xff,0xff,0xff,0xff,0xff,0xff,0xff,0xff,0xff,0xff,
    0xff,0xff,0xff,0xff,0xff,0xff,0xff,0xff,0xff,0xff,0xff,0xff,0xff,0xff,0xff,0xff,0xff,0xff,0xff,0xff,0xff,0xff,0xff,0xff,
    0xff,0xff,0xff,0xff,0xff,0xff,0xff,0xff,0xff,0xff,0xff,0xff,0xff,0xff,0xff,0xff,0xff,0xff,0xff,0xff,0xff,0x00,0x00,0x00,
    0x00,0xff,0xff,0xff,0xff,0xff,0xff,0xff,0xff,0xff,0xff,0x00,0x00,0x00,0x00,0xff,0xff,0xff,0xff,0xff,0xff,0xff,0xff,0xff,
    0xff,0xff,0xff,0xff,0xff,0xff,0xff,0xff,0xff,0xff,0xff,0xff,0xff,0xff,0xff,0xff,0xff,0xff,0xff,0xff,0xff,0xff,0xff,0xff,
    0xff,0xff,0xff,0xff,0xff,0xff,0xff,0xff,0xff,0xff,0xff,0xff,0xff,0xff,0xff,0xff,0xff,0xff,0xff,0xff,0xff,0xff,0xff,0xff,
    0xff,0xff,0xff,0xff,0xff,0xff,0x00,0x00,0x00,0x00,0xff,0xff,0xff,0xff,0xff,0xff,0xff,0xff,0xff,0xff,0x00,0x00,0x00,0x00,
    0xff,0xff,0xff,0xff,0xff,0xff,0xff,0xff,0xff,0x00,0x00,0x00,0x00,0xff,0xff,0xff,0xff,0xff,0xff,0xff,0xff,0xff,0xff,0xff,
    0xff,0xff,0xff,0xff,0xff,0xff,0xff,0xff,0xff,0xff,0xff,0xff,0xff,0xff,0xff,0xff,0xff,0xff,0xff,0xff,0xff,0xff,0x00,0x00,
    0x00,0x00,0xff,0xff,0xff,0xff,0xff,0xff,0xff,0xff,0xff,0xff,0xff,0xff,0xff,0xff,0xff,0xff,0xff,0xff,0xff,0x00,0x00,0x00,
    0x00,0xff,0xff,0xff,0xff,0xff,0xff,0x00,0x00,0x00,0x00,0xff,0xff,0xff,0xff,0xff,0xff,0xff,0xff,0xff,0xff,0xff,0xff,0xff,
    0xff,0x00,0x00,0x00,0x00,0xff,0xff,0xff,0xff,0xff,0xff,0x00,0x00,0x00,0x00,0xff,0xff,0xff,0xff,0xff,0xff,0xff,0xff,0xff,
    0xff,0xff,0xff,0xff,0xff,0x00,0x00,0x00,0x00,0xff,0xff,0xff,0xff,0xff,0xff,0xff,0xff,0xff,0xff,0xff,0xff,0xff,0xff,0xff,
    0xff,0x00,0x00,0x00,0x00,0xff,0xff,0xff,0xff,0xff,0xff,0xff,0xff,0xff,0xff,0xff,0xff,0xff,0xff,0xff,0xff,0xff,0xff,0xff,
    0xff,0xff,0x00,0x00,0x00,0x00,0xff,0xff,0xff,0xff,0xff,0xff,0xff,0xff,0xff,0xff,0xff,0xff,0xff,0xff,0xff,0x00,0x00,0x00,
    0x00,0xff,0xff,0xff,0x00,0x00,0x00,0x00,0xff,0xff,0xff,0xff,0xff,0xff,0xff,0xff,0xff,0xff,0xff,0xff,0xff,0xff,0xff,0xff,
    0xff,0xff,0xff,0xff,0xff,0xff,0xff,0xff,0xff,0xff,0xff,0xff,0xff,0xff,0xff,0xff,0xff,0xff,0xff,0xff,0xff,0xff,0xff,0xff,
    0xff,0xff,0xff,0xff,0xff,0xff,0xff,0xff,0xff,0xff,0xff,0xff,0xff,0xff,0xff,0xff,0xff,0xff,0xff,0xff,0xff,0xff,0xff,0xff,
    0xff,0xff,0xff,0x00,0x00,0x00,0x00,0xff,0xff,0xff,0xff,0xff,0xff,0xff,0xff,0xff,0x00,0x00,0x00,0x00,0xff,0xff,0xff,0xff,
    0xff,0xff,0xff,0xff,0xff,0xff,0xff,0xff,0xff,0xff,0xff,0xff,0xff,0xff,0xff,0xff,0xff,0xff,0xff,0xff,0xff,0xff,0xff,0xff,
    0xff,0xff,0xff,0xff,0xff,0xff,0xff,0xff,0xff,0xff,0xff,0xff,0xff,0xff,0xff,0xff,0xff,0xff,0xff,0xff,0xff,0xff,0xff,0xff,
    0xff,0xff,0xff,0xff,0xff,0xff,0xff,0xff,0xff,0xff,0xff,0x00,0x00,0x00,0x00,0xff,0xff,0xff,0xff,0xff,0xff,0xff,0xff,0xff,
    0xff,0xff,0xff,0xff,0xff,0xff,0xff,0xff,0xff,0xff,0xff,0xff,0xff,0xff,0xff,0xff,0xff,0xff,0xff,0xff,0xff,0xff,0xff,0xff,
    0xff,0xff,0xff,0x00,0x00,0x00,0x00,0xff,0xff,0xff,0xff,0xff,0xff,0xff,0xff,0xff,0xff,0xff,0xff,0xff,0xff,0xff,0xff,0xff,
    0xff,0xff,0xff,0xff,0xff,0xff,0xff,0xff,0xff,0xff,0xff,0xff,0xff,0xff,0xff,0xff,0xff,0xff,0xff,0x00,0x00,0x00,0x00,0xff,
    0xff,0xff,0xff,0xff,0xff,0xff,0xff,0xff,0xff,0xff,0xff,0x00,0x00,0x00,0x00,0xff,0xff,0xff,0xff,0xff,0xff,0xff,0xff,0xff,
    0xff,0xff,0xff,0xff,0xff,0xff,0xff,0xff,0xff,0xff,0xff,0xff,0xff,0xff,0xff,0xff,0xff,0xff,0xff,0xff,0xff,0xff,0xff,0xff,
    0xff,0xff,0xff,0xff,0xff,0xff,0x00,0x00,0x00,0x00,0xff,0xff,0xff,0xff,0x00,0x00,0x00,0x00,0xff,0xff,0xff,0xff,0xff,0xff,
    0xff,0xff,0xff,0xff,0xff,0xff,0xff,0xff,0xff,0xff,0xff,0xff,0xff,0xff,0xff,0xff,0xff,0xff,0xff,0xff,0xff,0xff,0xff,0xff,
    0xff,0xff,0xff,0xff,0xff,0xff,0xff,0xff,0xff,0xff,0xff,0xff,0xff,0xff,0xff,0xff,0xff,0xff,0xff,0xff,0xff,0xff,0xff,0xff,
    0xff,
};
inline constexpr Reference kRefs20[] = {
    {44, 48, Section::kWritable, Node::kCount, Binding::kCriticalSection, nullptr, 65535, 0, 4},
    {54, 58, Section::kReadOnly, Node::kCount, Binding::kNone, "EnterCriticalSection", 65535, 0, 4},
    {83, 87, Section::kCode, Node::kSyncedData, Binding::kNone, nullptr, 65535, 0, 4},
    {93, 97, Section::kCode, Node::kCount, Binding::kNone, nullptr, 1, 0, 4},
    {106, 110, Section::kCode, Node::kCount, Binding::kNone, nullptr, 1, 56, 4},
    {169, 173, Section::kReadOnly, Node::kCount, Binding::kNone, "RtlLookupElementGenericTable", 65535, 0, 4},
    {187, 191, Section::kCode, Node::kCount, Binding::kNone, nullptr, 1, 75, 4},
    {201, 205, Section::kCode, Node::kCount, Binding::kNone, nullptr, 1, 83, 4},
    {225, 229, Section::kCode, Node::kSyncedData, Binding::kNone, nullptr, 65535, 0, 4},
    {235, 239, Section::kCode, Node::kCount, Binding::kNone, nullptr, 1, 102, 4},
    {249, 253, Section::kCode, Node::kCount, Binding::kNone, nullptr, 1, 112, 4},
    {275, 279, Section::kCode, Node::kCount, Binding::kNone, nullptr, 1, 422, 4},
    {288, 292, Section::kCode, Node::kCount, Binding::kNone, nullptr, 1, 422, 4},
    {312, 316, Section::kCode, Node::kCount, Binding::kNone, nullptr, 1, 422, 4},
    {405, 409, Section::kReadOnly, Node::kCount, Binding::kNone, "RtlLookupElementGenericTable", 65535, 0, 4},
    {419, 423, Section::kCode, Node::kCount, Binding::kNone, nullptr, 1, 131, 4},
    {486, 490, Section::kReadOnly, Node::kCount, Binding::kNone, "RtlLookupElementGenericTable", 65535, 0, 4},
    {500, 504, Section::kCode, Node::kCount, Binding::kNone, nullptr, 1, 139, 4},
    {513, 517, Section::kCode, Node::kCount, Binding::kNone, nullptr, 1, 147, 4},
    {550, 554, Section::kCode, Node::kCount, Binding::kNone, nullptr, 1, 169, 4},
    {573, 577, Section::kCode, Node::kInsertRelative, Binding::kNone, nullptr, 65535, 0, 4},
    {583, 587, Section::kCode, Node::kCount, Binding::kNone, nullptr, 1, 182, 4},
    {601, 605, Section::kCode, Node::kCount, Binding::kNone, nullptr, 65535, 0, 4},
    {611, 615, Section::kCode, Node::kCount, Binding::kNone, nullptr, 1, 195, 4},
    {629, 633, Section::kCode, Node::kCount, Binding::kNone, nullptr, 65535, 0, 4},
    {649, 653, Section::kCode, Node::kCount, Binding::kNone, nullptr, 1, 208, 4},
    {674, 678, Section::kCode, Node::kCount, Binding::kNone, nullptr, 1, 263, 4},
    {693, 697, Section::kWritable, Node::kCount, Binding::kCriticalSection, nullptr, 65535, 0, 4},
    {700, 704, Section::kReadOnly, Node::kCount, Binding::kNone, "LeaveCriticalSection", 65535, 0, 4},
    {771, 775, Section::kCode, Node::kCount, Binding::kNone, nullptr, 65535, 0, 4},
    {784, 788, Section::kCode, Node::kCount, Binding::kNone, nullptr, 1, 414, 4},
    {851, 855, Section::kCode, Node::kCount, Binding::kNone, nullptr, 65535, 0, 4},
    {891, 895, Section::kCode, Node::kCount, Binding::kNone, nullptr, 65535, 0, 4},
    {931, 935, Section::kCode, Node::kCount, Binding::kNone, nullptr, 65535, 0, 4},
    {947, 951, Section::kCode, Node::kCount, Binding::kNone, nullptr, 1, 23, 4},
    {990, 994, Section::kCode, Node::kCount, Binding::kNone, nullptr, 65535, 0, 4},
    {998, 1002, Section::kCode, Node::kCount, Binding::kNone, nullptr, 1, 10, 4},
};
inline constexpr unsigned char kBytes21[] = {
    0xc7,0x44,0x24,0x20,0x16,0x0c,0x00,0x00,0xeb,0x08,0xc7,0x44,0x24,0x20,0xc0,0x00,0x00,0x00,0x44,0x8b,0xc8,0xeb,0x0e,0xc7,
    0x44,0x24,0x20,0xb5,0x00,0x00,0x00,0x41,0xb9,0x16,0x02,0x07,0x80,0x33,0xd2,0x45,0x33,0xc0,0x8d,0x4a,0x14,0xe8,0x00,0x00,
    0x00,0x00,0x90,0xe9,0x00,0x00,0x00,0x00,0x41,0xb9,0x06,0x00,0x07,0x80,0xc7,0x44,0x24,0x20,0x18,0x0c,0x00,0x00,0x41,0x8b,
    0xd9,0xeb,0xda,0x48,0x8b,0xf7,0xe9,0x00,0x00,0x00,0x00,0x41,0xb9,0x0e,0x00,0x07,0x80,0xc7,0x44,0x24,0x20,0x1b,0x0c,0x00,
    0x00,0x41,0x8b,0xd9,0xeb,0xbf,0xc7,0x44,0x24,0x20,0x21,0x0c,0x00,0x00,0xeb,0xa2,0x41,0xb9,0x06,0x00,0x07,0x80,0xc7,0x44,
    0x24,0x20,0x24,0x0c,0x00,0x00,0x41,0x8b,0xd9,0xeb,0xa2,0x4c,0x8b,0xf7,0xe9,0x00,0x00,0x00,0x00,0x48,0x8b,0xc7,0xe9,0x00,
    0x00,0x00,0x00,0x41,0xb9,0x0e,0x00,0x07,0x80,0xc7,0x44,0x24,0x20,0x34,0x0c,0x00,0x00,0x41,0x8b,0xd9,0xe9,0x7c,0xff,0xff,
    0xff,0x48,0x39,0x78,0x18,0x48,0x0f,0x45,0xd8,0xe9,0x00,0x00,0x00,0x00,0xc7,0x44,0x24,0x20,0x4e,0x0c,0x00,0x00,0xe9,0x4f,
    0xff,0xff,0xff,0xc7,0x44,0x24,0x20,0x4f,0x0c,0x00,0x00,0xe9,0x42,0xff,0xff,0xff,0x4c,0x8b,0x82,0x80,0x01,0x00,0x00,0x49,
    0x8d,0x4e,0x20,0x48,0x8b,0xd0,0xc6,0x44,0x24,0x20,0x01,0x41,0xb1,0x01,0xe8,0x00,0x00,0x00,0x00,0x8b,0xd8,0x85,0xc0,0x79,
    0x0d,0xc7,0x44,0x24,0x20,0x55,0x0c,0x00,0x00,0xe9,0x14,0xff,0xff,0xff,0x48,0x8b,0x55,0x7f,0xe9,0x00,0x00,0x00,0x00,0x48,
    0x8d,0x4c,0x24,0x30,0x48,0x89,0x7c,0x24,0x30,0xe8,0x00,0x00,0x00,0x00,0x48,0x8b,0x55,0x7f,0x4c,0x8d,0x4c,0x24,0x30,0x45,
    0x33,0xc0,0x49,0x8b,0xcf,0x48,0x8b,0x52,0x78,0xe8,0x00,0x00,0x00,0x00,0x8b,0xd8,0x85,0xc0,0x79,0x28,0x33,0xd2,0xc7,0x44,
    0x24,0x20,0x5c,0x0c,0x00,0x00,0x44,0x8b,0xc8,0x45,0x33,0xc0,0x8d,0x4a,0x14,0xe8,0x00,0x00,0x00,0x00,0x48,0x8d,0x4c,0x24,
    0x30,0xe8,0x00,0x00,0x00,0x00,0x90,0xe9,0x00,0x00,0x00,0x00,0x48,0x8d,0x05,0x00,0x00,0x00,0x00,0x48,0x8b,0xc8,0x48,0x89,
    0x44,0x24,0x38,0x48,0xff,0x15,0x00,0x00,0x00,0x00,0x0f,0x1f,0x44,0x00,0x00,0x48,0x8b,0x4c,0x24,0x30,0xe8,0x00,0x00,0x00,
    0x00,0x48,0x8d,0x4c,0x24,0x38,0xe8,0x00,0x00,0x00,0x00,0x48,0x8d,0x4c,0x24,0x30,0xe8,0x00,0x00,0x00,0x00,0x48,0x8b,0x55,
    0x7f,0xe9,0x00,0x00,0x00,0x00,0x48,0x8b,0xcf,0xe9,0x00,0x00,0x00,0x00,0xb9,0x03,0x00,0x00,0x00,0xcd,0x29,
};
inline constexpr unsigned char kMask21[] = {
    0xff,0xff,0xff,0xff,0xff,0xff,0xff,0xff,0xff,0xff,0xff,0xff,0xff,0xff,0xff,0xff,0xff,0xff,0xff,0xff,0xff,0xff,0xff,0xff,
    0xff,0xff,0xff,0xff,0xff,0xff,0xff,0xff,0xff,0xff,0xff,0xff,0xff,0xff,0xff,0xff,0xff,0xff,0xff,0xff,0xff,0xff,0x00,0x00,
    0x00,0x00,0xff,0xff,0x00,0x00,0x00,0x00,0xff,0xff,0xff,0xff,0xff,0xff,0xff,0xff,0xff,0xff,0xff,0xff,0xff,0xff,0xff,0xff,
    0xff,0xff,0xff,0xff,0xff,0xff,0xff,0x00,0x00,0x00,0x00,0xff,0xff,0xff,0xff,0xff,0xff,0xff,0xff,0xff,0xff,0xff,0xff,0xff,
    0xff,0xff,0xff,0xff,0xff,0xff,0xff,0xff,0xff,0xff,0xff,0xff,0xff,0xff,0xff,0xff,0xff,0xff,0xff,0xff,0xff,0xff,0xff,0xff,
    0xff,0xff,0xff,0xff,0xff,0xff,0xff,0xff,0xff,0xff,0xff,0xff,0xff,0xff,0xff,0x00,0x00,0x00,0x00,0xff,0xff,0xff,0xff,0x00,
    0x00,0x00,0x00,0xff,0xff,0xff,0xff,0xff,0xff,0xff,0xff,0xff,0xff,0xff,0xff,0xff,0xff,0xff,0xff,0xff,0xff,0xff,0xff,0xff,
    0xff,0xff,0xff,0xff,0xff,0xff,0xff,0xff,0xff,0xff,0x00,0x00,0x00,0x00,0xff,0xff,0xff,0xff,0xff,0xff,0xff,0xff,0xff,0xff,
    0xff,0xff,0xff,0xff,0xff,0xff,0xff,0xff,0xff,0xff,0xff,0xff,0xff,0xff,0xff,0xff,0xff,0xff,0xff,0xff,0xff,0xff,0xff,0xff,
    0xff,0xff,0xff,0xff,0xff,0xff,0xff,0xff,0xff,0xff,0xff,0xff,0xff,0xff,0xff,0x00,0x00,0x00,0x00,0xff,0xff,0xff,0xff,0xff,
    0xff,0xff,0xff,0xff,0xff,0xff,0xff,0xff,0xff,0xff,0xff,0xff,0xff,0xff,0xff,0xff,0xff,0xff,0xff,0x00,0x00,0x00,0x00,0xff,
    0xff,0xff,0xff,0xff,0xff,0xff,0xff,0xff,0xff,0xff,0x00,0x00,0x00,0x00,0xff,0xff,0xff,0xff,0xff,0xff,0xff,0xff,0xff,0xff,
    0xff,0xff,0xff,0xff,0xff,0xff,0xff,0xff,0xff,0xff,0x00,0x00,0x00,0x00,0xff,0xff,0xff,0xff,0xff,0xff,0xff,0xff,0xff,0xff,
    0xff,0xff,0xff,0xff,0xff,0xff,0xff,0xff,0xff,0xff,0xff,0xff,0xff,0xff,0xff,0xff,0x00,0x00,0x00,0x00,0xff,0xff,0xff,0xff,
    0xff,0xff,0x00,0x00,0x00,0x00,0xff,0xff,0x00,0x00,0x00,0x00,0xff,0xff,0xff,0x00,0x00,0x00,0x00,0xff,0xff,0xff,0xff,0xff,
    0xff,0xff,0xff,0xff,0xff,0xff,0x00,0x00,0x00,0x00,0xff,0xff,0xff,0xff,0xff,0xff,0xff,0xff,0xff,0xff,0xff,0x00,0x00,0x00,
    0x00,0xff,0xff,0xff,0xff,0xff,0xff,0x00,0x00,0x00,0x00,0xff,0xff,0xff,0xff,0xff,0xff,0x00,0x00,0x00,0x00,0xff,0xff,0xff,
    0xff,0xff,0x00,0x00,0x00,0x00,0xff,0xff,0xff,0xff,0x00,0x00,0x00,0x00,0xff,0xff,0xff,0xff,0xff,0xff,0xff,
};
inline constexpr Reference kRefs21[] = {
    {46, 50, Section::kCode, Node::kCount, Binding::kNone, nullptr, 65535, 0, 4},
    {52, 56, Section::kCode, Node::kCount, Binding::kNone, nullptr, 0, 690, 4},
    {79, 83, Section::kCode, Node::kCount, Binding::kNone, nullptr, 0, 191, 4},
    {135, 139, Section::kCode, Node::kCount, Binding::kNone, nullptr, 0, 427, 4},
    {143, 147, Section::kCode, Node::kCount, Binding::kNone, nullptr, 0, 508, 4},
    {178, 182, Section::kCode, Node::kCount, Binding::kNone, nullptr, 0, 554, 4},
    {231, 235, Section::kCode, Node::kInsertRelative, Binding::kNone, nullptr, 65535, 0, 4},
    {259, 263, Section::kCode, Node::kCount, Binding::kNone, nullptr, 0, 653, 4},
    {274, 278, Section::kCode, Node::kCount, Binding::kNone, nullptr, 65535, 0, 4},
    {298, 302, Section::kCode, Node::kCount, Binding::kNone, nullptr, 65535, 0, 4},
    {328, 332, Section::kCode, Node::kCount, Binding::kNone, nullptr, 65535, 0, 4},
    {338, 342, Section::kCode, Node::kCount, Binding::kNone, nullptr, 65535, 0, 4},
    {344, 348, Section::kCode, Node::kCount, Binding::kNone, nullptr, 0, 690, 4},
    {351, 355, Section::kWritable, Node::kCount, Binding::kCriticalSection, nullptr, 65535, 0, 4},
    {366, 370, Section::kReadOnly, Node::kCount, Binding::kNone, "EnterCriticalSection", 65535, 0, 4},
    {381, 385, Section::kCode, Node::kCount, Binding::kNone, nullptr, 65535, 0, 4},
    {391, 395, Section::kCode, Node::kCount, Binding::kNone, nullptr, 65535, 0, 4},
    {401, 405, Section::kCode, Node::kCount, Binding::kNone, nullptr, 65535, 0, 4},
    {410, 414, Section::kCode, Node::kCount, Binding::kNone, nullptr, 0, 678, 4},
    {418, 422, Section::kCode, Node::kCount, Binding::kNone, nullptr, 0, 788, 4},
};
inline constexpr Fragment kFragments2[] = {
    {kBytes21, kMask21, 429, kRefs21, 20},
};
// UpdateScene
inline constexpr unsigned char kBytes30[] = {
    0x40,0x53,0x55,0x56,0x57,0x41,0x54,0x48,0x83,0xec,0x60,0x48,0x8b,0x05,0x00,0x00,0x00,0x00,0x48,0x33,0xc4,0x48,0x89,0x44,
    0x24,0x50,0x48,0x8b,0xe9,0x45,0x33,0xe4,0x48,0x8d,0x0d,0x00,0x00,0x00,0x00,0x44,0x89,0x64,0x24,0x30,0x41,0x8b,0xf4,0x48,
    0xff,0x15,0x00,0x00,0x00,0x00,0x0f,0x1f,0x44,0x00,0x00,0x48,0x8b,0x1d,0x00,0x00,0x00,0x00,0x48,0xff,0x15,0x00,0x00,0x00,
    0x00,0x0f,0x1f,0x44,0x00,0x00,0x3b,0x83,0x90,0x02,0x00,0x00,0x74,0x00,0x48,0x8b,0x15,0x00,0x00,0x00,0x00,0x45,0x8b,0xc4,
    0x48,0x8b,0x82,0xf0,0x00,0x00,0x00,0x8b,0x48,0x28,0x85,0xc9,0x0f,0x85,0x00,0x00,0x00,0x00,
};
inline constexpr unsigned char kMask30[] = {
    0xff,0xff,0xff,0xff,0xff,0xff,0xff,0xff,0xff,0xff,0xff,0xff,0xff,0xff,0x00,0x00,0x00,0x00,0xff,0xff,0xff,0xff,0xff,0xff,
    0xff,0xff,0xff,0xff,0xff,0xff,0xff,0xff,0xff,0xff,0xff,0x00,0x00,0x00,0x00,0xff,0xff,0xff,0xff,0xff,0xff,0xff,0xff,0xff,
    0xff,0xff,0x00,0x00,0x00,0x00,0xff,0xff,0xff,0xff,0xff,0xff,0xff,0xff,0x00,0x00,0x00,0x00,0xff,0xff,0xff,0x00,0x00,0x00,
    0x00,0xff,0xff,0xff,0xff,0xff,0xff,0xff,0xff,0xff,0xff,0xff,0xff,0x00,0xff,0xff,0xff,0x00,0x00,0x00,0x00,0xff,0xff,0xff,
    0xff,0xff,0xff,0xff,0xff,0xff,0xff,0xff,0xff,0xff,0xff,0xff,0xff,0xff,0x00,0x00,0x00,0x00,
};
inline constexpr Reference kRefs30[] = {
    {14, 18, Section::kWritable, Node::kCount, Binding::kNone, nullptr, 65535, 0, 4},
    {35, 39, Section::kWritable, Node::kCount, Binding::kCriticalSection, nullptr, 65535, 0, 4},
    {50, 54, Section::kReadOnly, Node::kCount, Binding::kNone, "EnterCriticalSection", 65535, 0, 4},
    {62, 66, Section::kWritable, Node::kCount, Binding::kDesktopManager, nullptr, 65535, 0, 4},
    {69, 73, Section::kReadOnly, Node::kCount, Binding::kNone, "GetCurrentThreadId", 65535, 0, 4},
    {85, 86, Section::kCode, Node::kCount, Binding::kNone, nullptr, 1, 0, 1},
    {89, 93, Section::kWritable, Node::kCount, Binding::kDesktopManager, nullptr, 65535, 0, 4},
    {110, 114, Section::kCode, Node::kCount, Binding::kNone, nullptr, 9, 0, 4},
};
inline constexpr unsigned char kBytes31[] = {
    0x4c,0x89,0xac,0x24,0x98,0x00,0x00,0x00,0x48,0x8d,0x0d,0x00,0x00,0x00,0x00,
};
inline constexpr unsigned char kMask31[] = {
    0xff,0xff,0xff,0xff,0xff,0xff,0xff,0xff,0xff,0xff,0xff,0x00,0x00,0x00,0x00,
};
inline constexpr Reference kRefs31[] = {
    {11, 15, Section::kWritable, Node::kCount, Binding::kCriticalSection, nullptr, 65535, 0, 4},
};
inline constexpr unsigned char kBytes32[] = {
    0x4c,0x89,0xbc,0x24,0xa8,0x00,0x00,0x00,0x48,0xff,0x15,0x00,0x00,0x00,0x00,0x0f,0x1f,0x44,0x00,0x00,0x48,0x8b,0x1d,0x00,
    0x00,0x00,0x00,0x41,0x8b,0xfc,0x4c,0x89,0x64,0x24,0x38,0x4c,0x8b,0xab,0xf8,0x00,0x00,0x00,0x39,0xb3,0x08,0x03,0x00,0x00,
    0x0f,0x87,0x00,0x00,0x00,0x00,0x48,0x8d,0x54,0x24,0x38,0x48,0x8d,0x4d,0x08,0x48,0xff,0x15,0x00,0x00,0x00,0x00,0x0f,0x1f,
    0x44,0x00,0x00,0x48,0x8b,0xf8,0x48,0x85,0xc0,0x0f,0x84,0x00,0x00,0x00,0x00,0x48,0x8b,0x5c,0x24,0x38,
};
inline constexpr unsigned char kMask32[] = {
    0xff,0xff,0xff,0xff,0xff,0xff,0xff,0xff,0xff,0xff,0xff,0x00,0x00,0x00,0x00,0xff,0xff,0xff,0xff,0xff,0xff,0xff,0xff,0x00,
    0x00,0x00,0x00,0xff,0xff,0xff,0xff,0xff,0xff,0xff,0xff,0xff,0xff,0xff,0xff,0xff,0xff,0xff,0xff,0xff,0xff,0xff,0xff,0xff,
    0xff,0xff,0x00,0x00,0x00,0x00,0xff,0xff,0xff,0xff,0xff,0xff,0xff,0xff,0xff,0xff,0xff,0xff,0x00,0x00,0x00,0x00,0xff,0xff,
    0xff,0xff,0xff,0xff,0xff,0xff,0xff,0xff,0xff,0xff,0xff,0x00,0x00,0x00,0x00,0xff,0xff,0xff,0xff,0xff,
};
inline constexpr Reference kRefs32[] = {
    {11, 15, Section::kReadOnly, Node::kCount, Binding::kNone, "EnterCriticalSection", 65535, 0, 4},
    {23, 27, Section::kWritable, Node::kCount, Binding::kDesktopManager, nullptr, 65535, 0, 4},
    {50, 54, Section::kCode, Node::kCount, Binding::kNone, nullptr, 13, 0, 4},
    {66, 70, Section::kReadOnly, Node::kCount, Binding::kNone, "RtlEnumerateGenericTableWithoutSplaying", 65535, 0, 4},
    {83, 87, Section::kCode, Node::kCount, Binding::kNone, nullptr, 4, 0, 4},
};
inline constexpr unsigned char kBytes33[] = {
    0x4c,0x89,0xb4,0x24,0xa0,0x00,0x00,0x00,0x48,0x8b,0x57,0x18,0x48,0x85,0xd2,0x74,0x05,0xe8,0x00,0x00,0x00,0x00,0x48,0x8b,
    0x57,0x28,0x48,0x85,0xd2,0x0f,0x85,0x00,0x00,0x00,0x00,0x48,0x8b,0x7f,0x38,0x48,0x85,0xff,0x0f,0x84,0x83,0x00,0x00,0x00,
    0x48,0x8b,0x47,0x60,0x48,0x85,0xc0,0x74,0x7a,0x4c,0x39,0x60,0x10,0x0f,0x84,0x00,0x00,0x00,0x00,0x4c,0x39,0x60,0x30,0x0f,
    0x84,0x00,0x00,0x00,0x00,0x48,0x8b,0x58,0x18,0x83,0xce,0x01,0x48,0x85,0xdb,0x0f,0x84,0x00,0x00,0x00,0x00,0x48,0x8b,0x03,
    0x48,0x8b,0xcb,0x48,0x8b,0x40,0x08,0xff,0x15,0x00,0x00,0x00,0x00,0x41,0xb6,0x01,0x40,0xf6,0xc6,0x01,0x74,0x1b,0x83,0xe6,
    0xfe,0x48,0x8b,0xcb,0x48,0x85,0xdb,0x74,0x10,0x48,0x8b,0x01,0x49,0x8b,0xdc,0x48,0x8b,0x40,0x10,0xff,0x15,0x00,0x00,0x00,
    0x00,0x45,0x84,0xf6,0x74,0x1d,0x48,0x8b,0x47,0x60,0x48,0x8b,0x48,0x10,0x48,0x8b,0x01,0x48,0x8b,0x40,0x40,0xff,0x15,0x00,
    0x00,0x00,0x00,0x85,0xc0,0x0f,0x88,0x00,0x00,0x00,0x00,0x48,0x8d,0x54,0x24,0x38,0x48,0x8d,0x4d,0x08,0x48,0xff,0x15,0x00,
    0x00,0x00,0x00,0x0f,0x1f,0x44,0x00,0x00,0x48,0x8b,0xf8,0x48,0x85,0xc0,0x0f,0x85,0x34,0xff,0xff,0xff,0x4c,0x8b,0xb4,0x24,
    0xa0,0x00,0x00,0x00,
};
inline constexpr unsigned char kMask33[] = {
    0xff,0xff,0xff,0xff,0xff,0xff,0xff,0xff,0xff,0xff,0xff,0xff,0xff,0xff,0xff,0xff,0xff,0xff,0x00,0x00,0x00,0x00,0xff,0xff,
    0xff,0xff,0xff,0xff,0xff,0xff,0xff,0x00,0x00,0x00,0x00,0xff,0xff,0xff,0xff,0xff,0xff,0xff,0xff,0xff,0xff,0xff,0xff,0xff,
    0xff,0xff,0xff,0xff,0xff,0xff,0xff,0xff,0xff,0xff,0xff,0xff,0xff,0xff,0xff,0x00,0x00,0x00,0x00,0xff,0xff,0xff,0xff,0xff,
    0xff,0x00,0x00,0x00,0x00,0xff,0xff,0xff,0xff,0xff,0xff,0xff,0xff,0xff,0xff,0xff,0xff,0x00,0x00,0x00,0x00,0xff,0xff,0xff,
    0xff,0xff,0xff,0xff,0xff,0xff,0xff,0xff,0xff,0x00,0x00,0x00,0x00,0xff,0xff,0xff,0xff,0xff,0xff,0xff,0xff,0xff,0xff,0xff,
    0xff,0xff,0xff,0xff,0xff,0xff,0xff,0xff,0xff,0xff,0xff,0xff,0xff,0xff,0xff,0xff,0xff,0xff,0xff,0xff,0xff,0x00,0x00,0x00,
    0x00,0xff,0xff,0xff,0xff,0xff,0xff,0xff,0xff,0xff,0xff,0xff,0xff,0xff,0xff,0xff,0xff,0xff,0xff,0xff,0xff,0xff,0xff,0x00,
    0x00,0x00,0x00,0xff,0xff,0xff,0xff,0x00,0x00,0x00,0x00,0xff,0xff,0xff,0xff,0xff,0xff,0xff,0xff,0xff,0xff,0xff,0xff,0x00,
    0x00,0x00,0x00,0xff,0xff,0xff,0xff,0xff,0xff,0xff,0xff,0xff,0xff,0xff,0xff,0xff,0xff,0xff,0xff,0xff,0xff,0xff,0xff,0xff,
    0xff,0xff,0xff,0xff,
};
inline constexpr Reference kRefs33[] = {
    {18, 22, Section::kCode, Node::kCount, Binding::kNone, nullptr, 65535, 0, 4},
    {31, 35, Section::kCode, Node::kCount, Binding::kNone, nullptr, 7, 0, 4},
    {63, 67, Section::kCode, Node::kCount, Binding::kNone, nullptr, 14, 0, 4},
    {73, 77, Section::kCode, Node::kCount, Binding::kNone, nullptr, 14, 0, 4},
    {89, 93, Section::kCode, Node::kCount, Binding::kNone, nullptr, 14, 0, 4},
    {105, 109, Section::kReadOnly, Node::kCount, Binding::kNone, nullptr, 65535, 0, 4},
    {141, 145, Section::kReadOnly, Node::kCount, Binding::kNone, nullptr, 65535, 0, 4},
    {167, 171, Section::kReadOnly, Node::kCount, Binding::kNone, nullptr, 65535, 0, 4},
    {175, 179, Section::kCode, Node::kCount, Binding::kNone, nullptr, 14, 8, 4},
    {191, 195, Section::kReadOnly, Node::kCount, Binding::kNone, "RtlEnumerateGenericTableWithoutSplaying", 65535, 0, 4},
};
inline constexpr unsigned char kBytes34[] = {
    0x48,0x8b,0x95,0xf0,0x01,0x00,0x00,0x4c,0x8b,0xbc,0x24,0xa8,0x00,0x00,0x00,0x48,0x85,0xd2,0x0f,0x85,0x00,0x00,0x00,0x00,
};
inline constexpr unsigned char kMask34[] = {
    0xff,0xff,0xff,0xff,0xff,0xff,0xff,0xff,0xff,0xff,0xff,0xff,0xff,0xff,0xff,0xff,0xff,0xff,0xff,0xff,0x00,0x00,0x00,0x00,
};
inline constexpr Reference kRefs34[] = {
    {20, 24, Section::kCode, Node::kCount, Binding::kNone, nullptr, 15, 0, 4},
};
inline constexpr unsigned char kBytes35[] = {
    0x48,0x8b,0x95,0xf8,0x01,0x00,0x00,0x48,0x85,0xd2,0x0f,0x85,0x00,0x00,0x00,0x00,0x48,0x8b,0x85,0x08,0x02,0x00,0x00,0x48,
    0x85,0xc0,0x74,0x0d,0x48,0x8b,0x50,0x30,0x48,0x85,0xd2,0x0f,0x85,0x00,0x00,0x00,0x00,0x4d,0x85,0xed,0x74,0x0a,0x4d,0x39,
    0x65,0x08,0x0f,0x85,0x00,0x00,0x00,0x00,0x48,0x8b,0x05,0x00,0x00,0x00,0x00,0x48,0x8b,0x88,0x08,0x02,0x00,0x00,0x48,0x8b,
    0x01,0x48,0x8b,0x40,0x58,0xff,0x15,0x00,0x00,0x00,0x00,0xf6,0x05,0x00,0x00,0x00,0x00,0x01,0x4c,0x8b,0xac,0x24,0x98,0x00,
    0x00,0x00,0x0f,0x85,0x00,0x00,0x00,0x00,
};
inline constexpr unsigned char kMask35[] = {
    0xff,0xff,0xff,0xff,0xff,0xff,0xff,0xff,0xff,0xff,0xff,0xff,0x00,0x00,0x00,0x00,0xff,0xff,0xff,0xff,0xff,0xff,0xff,0xff,
    0xff,0xff,0xff,0xff,0xff,0xff,0xff,0xff,0xff,0xff,0xff,0xff,0xff,0x00,0x00,0x00,0x00,0xff,0xff,0xff,0xff,0xff,0xff,0xff,
    0xff,0xff,0xff,0xff,0x00,0x00,0x00,0x00,0xff,0xff,0xff,0x00,0x00,0x00,0x00,0xff,0xff,0xff,0xff,0xff,0xff,0xff,0xff,0xff,
    0xff,0xff,0xff,0xff,0xff,0xff,0xff,0x00,0x00,0x00,0x00,0xff,0xff,0x00,0x00,0x00,0x00,0xff,0xff,0xff,0xff,0xff,0xff,0xff,
    0xff,0xff,0xff,0xff,0x00,0x00,0x00,0x00,
};
inline constexpr Reference kRefs35[] = {
    {12, 16, Section::kCode, Node::kCount, Binding::kNone, nullptr, 15, 21, 4},
    {37, 41, Section::kCode, Node::kCount, Binding::kNone, nullptr, 10, 0, 4},
    {52, 56, Section::kCode, Node::kCount, Binding::kNone, nullptr, 8, 0, 4},
    {59, 63, Section::kWritable, Node::kCount, Binding::kDesktopManager, nullptr, 65535, 0, 4},
    {79, 83, Section::kReadOnly, Node::kCount, Binding::kNone, nullptr, 65535, 0, 4},
    {85, 90, Section::kWritable, Node::kCount, Binding::kNone, nullptr, 65535, 0, 4},
    {100, 104, Section::kCode, Node::kCount, Binding::kNone, nullptr, 16, 0, 4},
};
inline constexpr unsigned char kBytes36[] = {
    0x48,0x8b,0x95,0x48,0x02,0x00,0x00,0x48,0x8d,0x42,0xff,0x48,0x83,0xf8,0xfd,0x76,0x07,0x48,0x8b,0x95,0x38,0x02,0x00,0x00,
    0x48,0x8b,0x05,0x00,0x00,0x00,0x00,0x48,0x8b,0x48,0x28,0x48,0x8b,0x49,0x10,0x48,0x8b,0x01,0x48,0x8b,0x40,0x20,0xff,0x15,
    0x00,0x00,0x00,0x00,0x85,0xc0,0x0f,0x88,0x00,0x00,0x00,0x00,0x48,0x8b,0x8d,0x38,0x02,0x00,0x00,0x44,0x88,0xa5,0x5a,0x02,
    0x00,0x00,0x48,0x85,0xc9,0x0f,0x85,0x00,0x00,0x00,0x00,0x48,0x8b,0xbd,0x48,0x02,0x00,0x00,0x48,0x8d,0x47,0xff,0x48,0x83,
    0xf8,0xfd,0x0f,0x86,0x00,0x00,0x00,0x00,0x4c,0x89,0xa5,0x48,0x02,0x00,0x00,0xe8,0x00,0x00,0x00,0x00,0x85,0xc0,0x78,0x28,
    0x48,0x8b,0x05,0x00,0x00,0x00,0x00,0x48,0x8b,0x88,0xd8,0x00,0x00,0x00,0x48,0x85,0xc9,0x74,0x15,0x48,0x8b,0x01,0x48,0x8b,
    0x40,0x18,0xff,0x15,0x00,0x00,0x00,0x00,0x85,0xc0,0x0f,0x88,0x00,0x00,0x00,0x00,0x48,0x8d,0x0d,0x00,0x00,0x00,0x00,0x48,
    0xff,0x15,0x00,0x00,0x00,0x00,0x0f,0x1f,0x44,0x00,0x00,0x48,0x8d,0x0d,0x00,0x00,0x00,0x00,0x48,0xff,0x15,0x00,0x00,0x00,
    0x00,0x0f,0x1f,0x44,0x00,0x00,0x33,0xc0,0x48,0x8b,0x4c,0x24,0x50,0x48,0x33,0xcc,0xe8,0x00,0x00,0x00,0x00,0x48,0x83,0xc4,
    0x60,0x41,0x5c,0x5f,0x5e,0x5d,0x5b,0xc3,
};
inline constexpr unsigned char kMask36[] = {
    0xff,0xff,0xff,0xff,0xff,0xff,0xff,0xff,0xff,0xff,0xff,0xff,0xff,0xff,0xff,0xff,0xff,0xff,0xff,0xff,0xff,0xff,0xff,0xff,
    0xff,0xff,0xff,0x00,0x00,0x00,0x00,0xff,0xff,0xff,0xff,0xff,0xff,0xff,0xff,0xff,0xff,0xff,0xff,0xff,0xff,0xff,0xff,0xff,
    0x00,0x00,0x00,0x00,0xff,0xff,0xff,0xff,0x00,0x00,0x00,0x00,0xff,0xff,0xff,0xff,0xff,0xff,0xff,0xff,0xff,0xff,0xff,0xff,
    0xff,0xff,0xff,0xff,0xff,0xff,0xff,0x00,0x00,0x00,0x00,0xff,0xff,0xff,0xff,0xff,0xff,0xff,0xff,0xff,0xff,0xff,0xff,0xff,
    0xff,0xff,0xff,0xff,0x00,0x00,0x00,0x00,0xff,0xff,0xff,0xff,0xff,0xff,0xff,0xff,0x00,0x00,0x00,0x00,0xff,0xff,0xff,0xff,
    0xff,0xff,0xff,0x00,0x00,0x00,0x00,0xff,0xff,0xff,0xff,0xff,0xff,0xff,0xff,0xff,0xff,0xff,0xff,0xff,0xff,0xff,0xff,0xff,
    0xff,0xff,0xff,0xff,0x00,0x00,0x00,0x00,0xff,0xff,0xff,0xff,0x00,0x00,0x00,0x00,0xff,0xff,0xff,0x00,0x00,0x00,0x00,0xff,
    0xff,0xff,0x00,0x00,0x00,0x00,0xff,0xff,0xff,0xff,0xff,0xff,0xff,0xff,0x00,0x00,0x00,0x00,0xff,0xff,0xff,0x00,0x00,0x00,
    0x00,0xff,0xff,0xff,0xff,0xff,0xff,0xff,0xff,0xff,0xff,0xff,0xff,0xff,0xff,0xff,0xff,0x00,0x00,0x00,0x00,0xff,0xff,0xff,
    0xff,0xff,0xff,0xff,0xff,0xff,0xff,0xff,
};
inline constexpr Reference kRefs36[] = {
    {27, 31, Section::kWritable, Node::kCount, Binding::kDesktopManager, nullptr, 65535, 0, 4},
    {48, 52, Section::kReadOnly, Node::kCount, Binding::kNone, nullptr, 65535, 0, 4},
    {56, 60, Section::kCode, Node::kCount, Binding::kNone, nullptr, 16, 41, 4},
    {79, 83, Section::kCode, Node::kCount, Binding::kNone, nullptr, 16, 75, 4},
    {100, 104, Section::kCode, Node::kCount, Binding::kNone, nullptr, 16, 144, 4},
    {112, 116, Section::kCode, Node::kCount, Binding::kNone, nullptr, 65535, 0, 4},
    {123, 127, Section::kWritable, Node::kCount, Binding::kDesktopManager, nullptr, 65535, 0, 4},
    {148, 152, Section::kReadOnly, Node::kCount, Binding::kNone, nullptr, 65535, 0, 4},
    {156, 160, Section::kCode, Node::kCount, Binding::kNone, nullptr, 16, 193, 4},
    {163, 167, Section::kWritable, Node::kCount, Binding::kCriticalSection, nullptr, 65535, 0, 4},
    {170, 174, Section::kReadOnly, Node::kCount, Binding::kNone, "LeaveCriticalSection", 65535, 0, 4},
    {182, 186, Section::kWritable, Node::kCount, Binding::kCriticalSection, nullptr, 65535, 0, 4},
    {189, 193, Section::kReadOnly, Node::kCount, Binding::kNone, "LeaveCriticalSection", 65535, 0, 4},
    {209, 213, Section::kCode, Node::kCount, Binding::kNone, nullptr, 65535, 0, 4},
};
inline constexpr unsigned char kBytes37[] = {
    0xe8,0x00,0x00,0x00,0x00,0xe9,0x00,0x00,0x00,0x00,
};
inline constexpr unsigned char kMask37[] = {
    0xff,0x00,0x00,0x00,0x00,0xff,0x00,0x00,0x00,0x00,
};
inline constexpr Reference kRefs37[] = {
    {1, 5, Section::kCode, Node::kCount, Binding::kNone, nullptr, 65535, 0, 4},
    {6, 10, Section::kCode, Node::kCount, Binding::kNone, nullptr, 3, 35, 4},
};
inline constexpr unsigned char kBytes38[] = {
    0x48,0x8b,0xcd,0xe8,0x00,0x00,0x00,0x00,0x49,0x8b,0x55,0x08,0xe8,0x00,0x00,0x00,0x00,0xe9,0x00,0x00,0x00,0x00,
};
inline constexpr unsigned char kMask38[] = {
    0xff,0xff,0xff,0xff,0x00,0x00,0x00,0x00,0xff,0xff,0xff,0xff,0xff,0x00,0x00,0x00,0x00,0xff,0x00,0x00,0x00,0x00,
};
inline constexpr Reference kRefs38[] = {
    {4, 8, Section::kCode, Node::kCount, Binding::kNone, nullptr, 65535, 0, 4},
    {13, 17, Section::kCode, Node::kCount, Binding::kNone, nullptr, 65535, 0, 4},
    {18, 22, Section::kCode, Node::kCount, Binding::kNone, nullptr, 5, 56, 4},
};
inline constexpr unsigned char kBytes39[] = {
    0x4c,0x8b,0x48,0x10,0x4c,0x8b,0xd1,0x49,0x8b,0x01,0x41,0x8d,0x48,0x01,0x4d,0x8d,0x49,0x08,0x83,0x78,0x18,0x04,0x41,0x0f,
    0x44,0xc8,0x44,0x8b,0xc1,0x49,0x83,0xea,0x01,0x75,0xe4,0x85,0xc9,0x0f,0x8e,0x00,0x00,0x00,0x00,0x48,0x8b,0x82,0xd0,0x00,
    0x00,0x00,0x48,0x85,0xc0,0x74,0x0b,0xf0,0xff,0x40,0x74,0x48,0x8b,0x15,0x00,0x00,0x00,0x00,0x48,0x8b,0x9a,0xd0,0x00,0x00,
    0x00,0x48,0x85,0xdb,0x0f,0x84,0x00,0x00,0x00,0x00,0x48,0x8d,0x0d,0x00,0x00,0x00,0x00,0x48,0xff,0x15,0x00,0x00,0x00,0x00,
    0x0f,0x1f,0x44,0x00,0x00,0x39,0x73,0x40,0x74,0x00,0x40,0x38,0x73,0x78,0x74,0x00,0x40,0x32,0xff,0x48,0x8d,0x0d,0x00,0x00,
    0x00,0x00,0x48,0xff,0x15,0x00,0x00,0x00,0x00,0x0f,0x1f,0x44,0x00,0x00,0xb8,0xff,0xff,0xff,0xff,0xf0,0x0f,0xc1,0x43,0x74,
    0x83,0xf8,0x01,0x0f,0x84,0x00,0x00,0x00,0x00,0x40,0x84,0xff,0x0f,0x84,0x00,0x00,0x00,0x00,0xe9,0x00,0x00,0x00,0x00,
};
inline constexpr unsigned char kMask39[] = {
    0xff,0xff,0xff,0xff,0xff,0xff,0xff,0xff,0xff,0xff,0xff,0xff,0xff,0xff,0xff,0xff,0xff,0xff,0xff,0xff,0xff,0xff,0xff,0xff,
    0xff,0xff,0xff,0xff,0xff,0xff,0xff,0xff,0xff,0xff,0xff,0xff,0xff,0xff,0xff,0x00,0x00,0x00,0x00,0xff,0xff,0xff,0xff,0xff,
    0xff,0xff,0xff,0xff,0xff,0xff,0xff,0xff,0xff,0xff,0xff,0xff,0xff,0xff,0x00,0x00,0x00,0x00,0xff,0xff,0xff,0xff,0xff,0xff,
    0xff,0xff,0xff,0xff,0xff,0xff,0x00,0x00,0x00,0x00,0xff,0xff,0xff,0x00,0x00,0x00,0x00,0xff,0xff,0xff,0x00,0x00,0x00,0x00,
    0xff,0xff,0xff,0xff,0xff,0xff,0xff,0xff,0xff,0x00,0xff,0xff,0xff,0xff,0xff,0x00,0xff,0xff,0xff,0xff,0xff,0xff,0x00,0x00,
    0x00,0x00,0xff,0xff,0xff,0x00,0x00,0x00,0x00,0xff,0xff,0xff,0xff,0xff,0xff,0xff,0xff,0xff,0xff,0xff,0xff,0xff,0xff,0xff,
    0xff,0xff,0xff,0xff,0xff,0x00,0x00,0x00,0x00,0xff,0xff,0xff,0xff,0xff,0x00,0x00,0x00,0x00,0xff,0x00,0x00,0x00,0x00,
};
inline constexpr Reference kRefs39[] = {
    {39, 43, Section::kCode, Node::kCount, Binding::kNone, nullptr, 1, 0, 4},
    {62, 66, Section::kWritable, Node::kCount, Binding::kDesktopManager, nullptr, 65535, 0, 4},
    {78, 82, Section::kCode, Node::kCount, Binding::kNone, nullptr, 1, 0, 4},
    {85, 89, Section::kWritable, Node::kCount, Binding::kCriticalSection, nullptr, 65535, 0, 4},
    {92, 96, Section::kReadOnly, Node::kCount, Binding::kNone, "EnterCriticalSection", 65535, 0, 4},
    {105, 106, Section::kCode, Node::kCount, Binding::kNone, nullptr, 11, 0, 1},
    {111, 112, Section::kCode, Node::kCount, Binding::kNone, nullptr, 11, 0, 1},
    {118, 122, Section::kWritable, Node::kCount, Binding::kCriticalSection, nullptr, 65535, 0, 4},
    {125, 129, Section::kReadOnly, Node::kCount, Binding::kNone, "LeaveCriticalSection", 65535, 0, 4},
    {149, 153, Section::kCode, Node::kCount, Binding::kNone, nullptr, 12, 0, 4},
    {158, 162, Section::kCode, Node::kCount, Binding::kNone, nullptr, 1, 0, 4},
    {163, 167, Section::kCode, Node::kCount, Binding::kNone, nullptr, 6, 179, 4},
};
inline constexpr unsigned char kBytes310[] = {
    0xe8,0x00,0x00,0x00,0x00,0xe9,0x00,0x00,0x00,0x00,
};
inline constexpr unsigned char kMask310[] = {
    0xff,0x00,0x00,0x00,0x00,0xff,0x00,0x00,0x00,0x00,
};
inline constexpr Reference kRefs310[] = {
    {1, 5, Section::kCode, Node::kCount, Binding::kNone, nullptr, 65535, 0, 4},
    {6, 10, Section::kCode, Node::kCount, Binding::kNone, nullptr, 5, 41, 4},
};
inline constexpr unsigned char kBytes311[] = {
    0x40,0xb7,0x01,0xeb,0x00,
};
inline constexpr unsigned char kMask311[] = {
    0xff,0xff,0xff,0xff,0x00,
};
inline constexpr Reference kRefs311[] = {
    {4, 5, Section::kCode, Node::kCount, Binding::kNone, nullptr, 9, 115, 1},
};
inline constexpr unsigned char kBytes312[] = {
    0x48,0x8d,0x05,0x00,0x00,0x00,0x00,0x48,0x8d,0x4b,0x48,0x48,0x89,0x03,0xe8,0x00,0x00,0x00,0x00,0x48,0x8d,0x4b,0x28,0xe8,
    0x00,0x00,0x00,0x00,0x48,0x8b,0x0d,0x00,0x00,0x00,0x00,0x48,0x8b,0xd3,0x48,0x8b,0x01,0x48,0x8b,0x40,0x20,0xff,0x15,0x00,
    0x00,0x00,0x00,0x90,0xe9,0x00,0x00,0x00,0x00,
};
inline constexpr unsigned char kMask312[] = {
    0xff,0xff,0xff,0x00,0x00,0x00,0x00,0xff,0xff,0xff,0xff,0xff,0xff,0xff,0xff,0x00,0x00,0x00,0x00,0xff,0xff,0xff,0xff,0xff,
    0x00,0x00,0x00,0x00,0xff,0xff,0xff,0x00,0x00,0x00,0x00,0xff,0xff,0xff,0xff,0xff,0xff,0xff,0xff,0xff,0xff,0xff,0xff,0x00,
    0x00,0x00,0x00,0xff,0xff,0x00,0x00,0x00,0x00,
};
inline constexpr Reference kRefs312[] = {
    {3, 7, Section::kReadOnly, Node::kCount, Binding::kNone, nullptr, 65535, 0, 4},
    {15, 19, Section::kCode, Node::kCount, Binding::kNone, nullptr, 65535, 0, 4},
    {24, 28, Section::kCode, Node::kCount, Binding::kNone, nullptr, 65535, 0, 4},
    {31, 35, Section::kWritable, Node::kCount, Binding::kNone, nullptr, 65535, 0, 4},
    {47, 51, Section::kReadOnly, Node::kCount, Binding::kNone, nullptr, 65535, 0, 4},
    {53, 57, Section::kCode, Node::kCount, Binding::kNone, nullptr, 9, 153, 4},
};
inline constexpr unsigned char kBytes313[] = {
    0x48,0x8b,0x93,0xf0,0x02,0x00,0x00,0x8b,0xc7,0x48,0x8b,0x14,0xc2,0xe8,0x00,0x00,0x00,0x00,0xff,0xc7,0x3b,0xbb,0x08,0x03,
    0x00,0x00,0x72,0xe4,0xe9,0x00,0x00,0x00,0x00,
};
inline constexpr unsigned char kMask313[] = {
    0xff,0xff,0xff,0xff,0xff,0xff,0xff,0xff,0xff,0xff,0xff,0xff,0xff,0xff,0x00,0x00,0x00,0x00,0xff,0xff,0xff,0xff,0xff,0xff,
    0xff,0xff,0xff,0xff,0xff,0x00,0x00,0x00,0x00,
};
inline constexpr Reference kRefs313[] = {
    {14, 18, Section::kCode, Node::kCount, Binding::kNone, nullptr, 65535, 0, 4},
    {29, 33, Section::kCode, Node::kCount, Binding::kNone, nullptr, 2, 54, 4},
};
inline constexpr unsigned char kBytes314[] = {
    0x45,0x32,0xf6,0xe9,0x00,0x00,0x00,0x00,0x48,0x8b,0x8c,0x24,0x88,0x00,0x00,0x00,0x4c,0x8d,0x05,0x00,0x00,0x00,0x00,0x44,
    0x8b,0xc8,0xba,0x90,0x01,0x00,0x00,0xe8,0x00,0x00,0x00,0x00,0x90,0xe9,0x00,0x00,0x00,0x00,
};
inline constexpr unsigned char kMask314[] = {
    0xff,0xff,0xff,0xff,0x00,0x00,0x00,0x00,0xff,0xff,0xff,0xff,0xff,0xff,0xff,0xff,0xff,0xff,0xff,0x00,0x00,0x00,0x00,0xff,
    0xff,0xff,0xff,0xff,0xff,0xff,0xff,0xff,0x00,0x00,0x00,0x00,0xff,0xff,0x00,0x00,0x00,0x00,
};
inline constexpr Reference kRefs314[] = {
    {4, 8, Section::kCode, Node::kCount, Binding::kNone, nullptr, 3, 112, 4},
    {19, 23, Section::kReadOnly, Node::kCount, Binding::kNone, nullptr, 65535, 0, 4},
    {32, 36, Section::kCode, Node::kCount, Binding::kNone, nullptr, 65535, 0, 4},
    {38, 42, Section::kCode, Node::kCount, Binding::kNone, nullptr, 3, 179, 4},
};
inline constexpr unsigned char kBytes315[] = {
    0x4c,0x39,0x62,0x18,0x0f,0x84,0x00,0x00,0x00,0x00,0xe8,0x00,0x00,0x00,0x00,0x90,0xe9,0x00,0x00,0x00,0x00,0x4c,0x39,0x62,
    0x18,0x0f,0x84,0x00,0x00,0x00,0x00,0xe8,0x00,0x00,0x00,0x00,0x90,0xe9,0x00,0x00,0x00,0x00,
};
inline constexpr unsigned char kMask315[] = {
    0xff,0xff,0xff,0xff,0xff,0xff,0x00,0x00,0x00,0x00,0xff,0x00,0x00,0x00,0x00,0xff,0xff,0x00,0x00,0x00,0x00,0xff,0xff,0xff,
    0xff,0xff,0xff,0x00,0x00,0x00,0x00,0xff,0x00,0x00,0x00,0x00,0xff,0xff,0x00,0x00,0x00,0x00,
};
inline constexpr Reference kRefs315[] = {
    {6, 10, Section::kCode, Node::kCount, Binding::kNone, nullptr, 5, 0, 4},
    {11, 15, Section::kCode, Node::kCount, Binding::kNone, nullptr, 65535, 0, 4},
    {17, 21, Section::kCode, Node::kCount, Binding::kNone, nullptr, 5, 0, 4},
    {27, 31, Section::kCode, Node::kCount, Binding::kNone, nullptr, 5, 16, 4},
    {32, 36, Section::kCode, Node::kCount, Binding::kNone, nullptr, 65535, 0, 4},
    {38, 42, Section::kCode, Node::kCount, Binding::kNone, nullptr, 5, 16, 4},
};
inline constexpr unsigned char kBytes316[] = {
    0x48,0x8d,0x44,0x24,0x40,0x41,0xb9,0x01,0x00,0x00,0x00,0x48,0x8d,0x15,0x00,0x00,0x00,0x00,0x48,0x89,0x44,0x24,0x20,0x48,
    0x8d,0x0d,0x00,0x00,0x00,0x00,0xe8,0x00,0x00,0x00,0x00,0x90,0xe9,0x00,0x00,0x00,0x00,0x48,0x8b,0x8c,0x24,0x88,0x00,0x00,
    0x00,0x4c,0x8d,0x05,0x00,0x00,0x00,0x00,0x44,0x8b,0xc8,0xba,0x67,0x17,0x00,0x00,0xe8,0x00,0x00,0x00,0x00,0x90,0xe9,0x00,
    0x00,0x00,0x00,0x48,0xff,0x15,0x00,0x00,0x00,0x00,0x0f,0x1f,0x44,0x00,0x00,0x48,0x8b,0x8d,0x40,0x02,0x00,0x00,0x48,0xff,
    0x15,0x00,0x00,0x00,0x00,0x0f,0x1f,0x44,0x00,0x00,0x48,0x8b,0x8d,0x38,0x02,0x00,0x00,0x4c,0x89,0xa5,0x40,0x02,0x00,0x00,
    0x48,0xff,0x15,0x00,0x00,0x00,0x00,0x0f,0x1f,0x44,0x00,0x00,0x4c,0x89,0xa5,0x38,0x02,0x00,0x00,0xe9,0x00,0x00,0x00,0x00,
    0x48,0xff,0x15,0x00,0x00,0x00,0x00,0x0f,0x1f,0x44,0x00,0x00,0x48,0x8b,0xcf,0x8b,0xd8,0x48,0xff,0x15,0x00,0x00,0x00,0x00,
    0x0f,0x1f,0x44,0x00,0x00,0x8b,0xcb,0x48,0xff,0x15,0x00,0x00,0x00,0x00,0x0f,0x1f,0x44,0x00,0x00,0x90,0xe9,0x00,0x00,0x00,
    0x00,0x48,0x8b,0x8c,0x24,0x88,0x00,0x00,0x00,0x4c,0x8d,0x05,0x00,0x00,0x00,0x00,0x44,0x8b,0xc8,0xba,0x71,0x17,0x00,0x00,
    0xe8,0x00,0x00,0x00,0x00,0x90,0xe9,0x00,0x00,0x00,0x00,
};
inline constexpr unsigned char kMask316[] = {
    0xff,0xff,0xff,0xff,0xff,0xff,0xff,0xff,0xff,0xff,0xff,0xff,0xff,0xff,0x00,0x00,0x00,0x00,0xff,0xff,0xff,0xff,0xff,0xff,
    0xff,0xff,0x00,0x00,0x00,0x00,0xff,0x00,0x00,0x00,0x00,0xff,0xff,0x00,0x00,0x00,0x00,0xff,0xff,0xff,0xff,0xff,0xff,0xff,
    0xff,0xff,0xff,0xff,0x00,0x00,0x00,0x00,0xff,0xff,0xff,0xff,0xff,0xff,0xff,0xff,0xff,0x00,0x00,0x00,0x00,0xff,0xff,0x00,
    0x00,0x00,0x00,0xff,0xff,0xff,0x00,0x00,0x00,0x00,0xff,0xff,0xff,0xff,0xff,0xff,0xff,0xff,0xff,0xff,0xff,0xff,0xff,0xff,
    0xff,0x00,0x00,0x00,0x00,0xff,0xff,0xff,0xff,0xff,0xff,0xff,0xff,0xff,0xff,0xff,0xff,0xff,0xff,0xff,0xff,0xff,0xff,0xff,
    0xff,0xff,0xff,0x00,0x00,0x00,0x00,0xff,0xff,0xff,0xff,0xff,0xff,0xff,0xff,0xff,0xff,0xff,0xff,0xff,0x00,0x00,0x00,0x00,
    0xff,0xff,0xff,0x00,0x00,0x00,0x00,0xff,0xff,0xff,0xff,0xff,0xff,0xff,0xff,0xff,0xff,0xff,0xff,0xff,0x00,0x00,0x00,0x00,
    0xff,0xff,0xff,0xff,0xff,0xff,0xff,0xff,0xff,0xff,0x00,0x00,0x00,0x00,0xff,0xff,0xff,0xff,0xff,0xff,0xff,0x00,0x00,0x00,
    0x00,0xff,0xff,0xff,0xff,0xff,0xff,0xff,0xff,0xff,0xff,0xff,0x00,0x00,0x00,0x00,0xff,0xff,0xff,0xff,0xff,0xff,0xff,0xff,
    0xff,0x00,0x00,0x00,0x00,0xff,0xff,0x00,0x00,0x00,0x00,
};
inline constexpr Reference kRefs316[] = {
    {14, 18, Section::kReadOnly, Node::kCount, Binding::kNone, nullptr, 65535, 0, 4},
    {26, 30, Section::kWritable, Node::kCount, Binding::kNone, nullptr, 65535, 0, 4},
    {31, 35, Section::kCode, Node::kCount, Binding::kNone, nullptr, 65535, 0, 4},
    {37, 41, Section::kCode, Node::kCount, Binding::kNone, nullptr, 6, 0, 4},
    {52, 56, Section::kReadOnly, Node::kCount, Binding::kNone, nullptr, 65535, 0, 4},
    {65, 69, Section::kCode, Node::kCount, Binding::kNone, nullptr, 65535, 0, 4},
    {71, 75, Section::kCode, Node::kCount, Binding::kNone, nullptr, 6, 60, 4},
    {78, 82, Section::kReadOnly, Node::kCount, Binding::kNone, "NtDCompositionCommitSynchronizationObject", 65535, 0, 4},
    {97, 101, Section::kReadOnly, Node::kCount, Binding::kNone, nullptr, 65535, 0, 4},
    {123, 127, Section::kReadOnly, Node::kCount, Binding::kNone, "CloseHandle", 65535, 0, 4},
    {140, 144, Section::kCode, Node::kCount, Binding::kNone, nullptr, 6, 83, 4},
    {147, 151, Section::kReadOnly, Node::kCount, Binding::kNone, "GetLastError", 65535, 0, 4},
    {164, 168, Section::kReadOnly, Node::kCount, Binding::kNone, "CloseHandle", 65535, 0, 4},
    {178, 182, Section::kReadOnly, Node::kCount, Binding::kNone, "SetLastError", 65535, 0, 4},
    {189, 193, Section::kCode, Node::kCount, Binding::kNone, nullptr, 6, 104, 4},
    {204, 208, Section::kReadOnly, Node::kCount, Binding::kNone, nullptr, 65535, 0, 4},
    {217, 221, Section::kCode, Node::kCount, Binding::kNone, nullptr, 65535, 0, 4},
    {223, 227, Section::kCode, Node::kCount, Binding::kNone, nullptr, 6, 160, 4},
};
inline constexpr Fragment kFragments3[] = {
    {kBytes31, kMask31, 15, kRefs31, 1},
    {kBytes32, kMask32, 92, kRefs32, 5},
    {kBytes33, kMask33, 220, kRefs33, 10},
    {kBytes34, kMask34, 24, kRefs34, 1},
    {kBytes35, kMask35, 104, kRefs35, 7},
    {kBytes36, kMask36, 224, kRefs36, 14},
    {kBytes37, kMask37, 10, kRefs37, 2},
    {kBytes38, kMask38, 22, kRefs38, 3},
    {kBytes39, kMask39, 167, kRefs39, 12},
    {kBytes310, kMask310, 10, kRefs310, 2},
    {kBytes311, kMask311, 5, kRefs311, 1},
    {kBytes312, kMask312, 57, kRefs312, 6},
    {kBytes313, kMask313, 33, kRefs313, 2},
    {kBytes314, kMask314, 42, kRefs314, 4},
    {kBytes315, kMask315, 42, kRefs315, 6},
    {kBytes316, kMask316, 227, kRefs316, 18},
};
// DestroyWindow
inline constexpr unsigned char kBytes40[] = {
    0x48,0x89,0x5c,0x24,0x08,0x48,0x89,0x74,0x24,0x20,0x55,0x57,0x41,0x56,0x48,0x8b,0xec,0x48,0x83,0xec,0x30,0x4c,0x8b,0xf1,
    0x48,0x8b,0xf2,0x48,0x8d,0x0d,0x00,0x00,0x00,0x00,0x48,0xff,0x15,0x00,0x00,0x00,0x00,0x0f,0x1f,0x44,0x00,0x00,0x48,0x8b,
    0x06,0x48,0x8b,0xce,0x48,0x83,0x65,0x28,0x00,0x33,0xff,0x48,0x8b,0x40,0x08,0xff,0x15,0x00,0x00,0x00,0x00,0x48,0x8b,0xd8,
    0x48,0x85,0xc0,0x75,0x19,0x48,0x8b,0x06,0x48,0x8b,0xce,0x48,0x8b,0x40,0x10,0xff,0x15,0x00,0x00,0x00,0x00,0x48,0x85,0xc0,
    0x0f,0x85,0x00,0x00,0x00,0x00,0x48,0x89,0x5d,0x28,0x85,0xff,0x0f,0x88,0x00,0x00,0x00,0x00,0x48,0x85,0xdb,0x75,0x29,0x48,
    0x8d,0x0d,0x00,0x00,0x00,0x00,0x48,0xff,0x15,0x00,0x00,0x00,0x00,0x0f,0x1f,0x44,0x00,0x00,0x48,0x8b,0x5c,0x24,0x50,0x8b,
    0xc7,0x48,0x8b,0x74,0x24,0x68,0x48,0x83,0xc4,0x30,0x41,0x5e,0x5f,0x5d,0xc3,0xcc,0x48,0x8b,0x4b,0x18,0x48,0x85,0xc9,0x74,
    0x1b,0x48,0x8b,0x01,0x33,0xd2,0x48,0x8b,0x00,0xff,0x15,0x00,0x00,0x00,0x00,0x48,0x8b,0x45,0x28,0x48,0x83,0x60,0x18,0x00,
    0x48,0x8b,0x5d,0x28,0xf6,0x83,0x64,0x02,0x00,0x00,0x04,0x48,0x8b,0x73,0x28,0x75,0x52,0xf6,0x83,0x60,0x02,0x00,0x00,0x04,
    0x75,0x34,0x48,0x8b,0x03,0x48,0x39,0x58,0x08,0x75,0x5a,0x48,0x8b,0x4b,0x08,0x48,0x39,0x19,0x75,0x51,0x48,0x89,0x01,0x48,
    0x89,0x48,0x08,0x49,0x8b,0xce,0x48,0x8b,0x45,0x28,0x48,0x89,0x40,0x08,0x48,0x8b,0x45,0x28,0x48,0x89,0x00,0x48,0x8b,0x55,
    0x28,0xe8,0x00,0x00,0x00,0x00,0x49,0x8b,0x9e,0x00,0x02,0x00,0x00,0x48,0x85,0xdb,0x0f,0x84,0x59,0xff,0xff,0xff,0xe9,0x00,
    0x00,0x00,0x00,0x48,0x8d,0x45,0x28,0x49,0x8b,0xce,0x48,0x8d,0x55,0x30,0x48,0x89,0x45,0x30,0xe8,0x00,0x00,0x00,0x00,0x48,
    0x8b,0x5d,0x28,0xeb,0x94,0xb9,0x03,0x00,0x00,0x00,0xcd,0x29,
};
inline constexpr unsigned char kMask40[] = {
    0xff,0xff,0xff,0xff,0xff,0xff,0xff,0xff,0xff,0xff,0xff,0xff,0xff,0xff,0xff,0xff,0xff,0xff,0xff,0xff,0xff,0xff,0xff,0xff,
    0xff,0xff,0xff,0xff,0xff,0xff,0x00,0x00,0x00,0x00,0xff,0xff,0xff,0x00,0x00,0x00,0x00,0xff,0xff,0xff,0xff,0xff,0xff,0xff,
    0xff,0xff,0xff,0xff,0xff,0xff,0xff,0xff,0xff,0xff,0xff,0xff,0xff,0xff,0xff,0xff,0xff,0x00,0x00,0x00,0x00,0xff,0xff,0xff,
    0xff,0xff,0xff,0xff,0xff,0xff,0xff,0xff,0xff,0xff,0xff,0xff,0xff,0xff,0xff,0xff,0xff,0x00,0x00,0x00,0x00,0xff,0xff,0xff,
    0xff,0xff,0x00,0x00,0x00,0x00,0xff,0xff,0xff,0xff,0xff,0xff,0xff,0xff,0x00,0x00,0x00,0x00,0xff,0xff,0xff,0xff,0xff,0xff,
    0xff,0xff,0x00,0x00,0x00,0x00,0xff,0xff,0xff,0x00,0x00,0x00,0x00,0xff,0xff,0xff,0xff,0xff,0xff,0xff,0xff,0xff,0xff,0xff,
    0xff,0xff,0xff,0xff,0xff,0xff,0xff,0xff,0xff,0xff,0xff,0xff,0xff,0xff,0xff,0xff,0xff,0xff,0xff,0xff,0xff,0xff,0xff,0xff,
    0xff,0xff,0xff,0xff,0xff,0xff,0xff,0xff,0xff,0xff,0xff,0x00,0x00,0x00,0x00,0xff,0xff,0xff,0xff,0xff,0xff,0xff,0xff,0xff,
    0xff,0xff,0xff,0xff,0xff,0xff,0xff,0xff,0xff,0xff,0xff,0xff,0xff,0xff,0xff,0xff,0xff,0xff,0xff,0xff,0xff,0xff,0xff,0xff,
    0xff,0xff,0xff,0xff,0xff,0xff,0xff,0xff,0xff,0xff,0xff,0xff,0xff,0xff,0xff,0xff,0xff,0xff,0xff,0xff,0xff,0xff,0xff,0xff,
    0xff,0xff,0xff,0xff,0xff,0xff,0xff,0xff,0xff,0xff,0xff,0xff,0xff,0xff,0xff,0xff,0xff,0xff,0xff,0xff,0xff,0xff,0xff,0xff,
    0xff,0xff,0x00,0x00,0x00,0x00,0xff,0xff,0xff,0xff,0xff,0xff,0xff,0xff,0xff,0xff,0xff,0xff,0xff,0xff,0xff,0xff,0xff,0x00,
    0x00,0x00,0x00,0xff,0xff,0xff,0xff,0xff,0xff,0xff,0xff,0xff,0xff,0xff,0xff,0xff,0xff,0xff,0xff,0x00,0x00,0x00,0x00,0xff,
    0xff,0xff,0xff,0xff,0xff,0xff,0xff,0xff,0xff,0xff,0xff,0xff,
};
inline constexpr Reference kRefs40[] = {
    {30, 34, Section::kWritable, Node::kCount, Binding::kCriticalSection, nullptr, 65535, 0, 4},
    {37, 41, Section::kReadOnly, Node::kCount, Binding::kNone, "EnterCriticalSection", 65535, 0, 4},
    {65, 69, Section::kReadOnly, Node::kCount, Binding::kNone, nullptr, 65535, 0, 4},
    {89, 93, Section::kReadOnly, Node::kCount, Binding::kNone, nullptr, 65535, 0, 4},
    {98, 102, Section::kCode, Node::kCount, Binding::kNone, nullptr, 1, 0, 4},
    {110, 114, Section::kCode, Node::kCount, Binding::kNone, nullptr, 1, 79, 4},
    {122, 126, Section::kWritable, Node::kCount, Binding::kCriticalSection, nullptr, 65535, 0, 4},
    {129, 133, Section::kReadOnly, Node::kCount, Binding::kNone, "LeaveCriticalSection", 65535, 0, 4},
    {179, 183, Section::kReadOnly, Node::kCount, Binding::kNone, nullptr, 65535, 0, 4},
    {266, 270, Section::kCode, Node::kCount, Binding::kNone, nullptr, 65535, 0, 4},
    {287, 291, Section::kCode, Node::kCount, Binding::kNone, nullptr, 1, 208, 4},
    {307, 311, Section::kCode, Node::kCount, Binding::kNone, nullptr, 65535, 0, 4},
};
inline constexpr unsigned char kBytes41[] = {
    0x48,0x8b,0x0d,0x00,0x00,0x00,0x00,0xba,0x00,0x03,0x00,0x00,0x48,0x8b,0x01,0x48,0x8b,0x40,0x10,0xff,0x15,0x00,0x00,0x00,
    0x00,0x48,0x85,0xc0,0x74,0x0d,0x48,0x8b,0xc8,0xe8,0x00,0x00,0x00,0x00,0x48,0x8b,0xd8,0xeb,0x02,0x33,0xdb,0x48,0x85,0xdb,
    0x75,0x3b,0xbf,0x0e,0x00,0x07,0x80,0xc7,0x44,0x24,0x20,0x82,0x08,0x00,0x00,0x44,0x8b,0xcf,0x8d,0x4b,0x14,0x45,0x33,0xc0,
    0x33,0xd2,0xe8,0x00,0x00,0x00,0x00,0x33,0xd2,0xc7,0x44,0x24,0x20,0x08,0x09,0x00,0x00,0x44,0x8b,0xcf,0x45,0x33,0xc0,0x8d,
    0x4a,0x14,0xe8,0x00,0x00,0x00,0x00,0x90,0xe9,0x00,0x00,0x00,0x00,0x48,0x89,0x73,0x18,0x48,0x8b,0xd3,0x48,0x8b,0x06,0x48,
    0x8b,0xce,0x48,0x8b,0x00,0xff,0x15,0x00,0x00,0x00,0x00,0x48,0x8b,0x06,0x48,0x8b,0xce,0x48,0x8b,0x40,0x18,0xff,0x15,0x00,
    0x00,0x00,0x00,0x4c,0x8b,0xc3,0x48,0x8b,0xd6,0x49,0x8b,0xce,0x48,0x89,0x43,0x28,0xe8,0x00,0x00,0x00,0x00,0x8b,0xf8,0x85,
    0xc0,0x0f,0x89,0x00,0x00,0x00,0x00,0x33,0xd2,0xc7,0x44,0x24,0x20,0x86,0x08,0x00,0x00,0x44,0x8b,0xc8,0x45,0x33,0xc0,0x8d,
    0x4a,0x14,0xe8,0x00,0x00,0x00,0x00,0x48,0x8b,0x5d,0x28,0xe9,0x00,0x00,0x00,0x00,0x48,0x3b,0x73,0x10,0x0f,0x85,0x00,0x00,
    0x00,0x00,0x48,0x8b,0x0b,0x48,0x85,0xc9,0x74,0x0d,0xe8,0x00,0x00,0x00,0x00,0x48,0x8b,0x0b,0xe8,0x00,0x00,0x00,0x00,0x48,
    0x8b,0x4b,0x08,0x48,0x85,0xc9,0x74,0x05,0xe8,0x00,0x00,0x00,0x00,0x48,0x83,0x63,0x10,0x00,0xe9,0x00,0x00,0x00,0x00,
};
inline constexpr unsigned char kMask41[] = {
    0xff,0xff,0xff,0x00,0x00,0x00,0x00,0xff,0xff,0xff,0xff,0xff,0xff,0xff,0xff,0xff,0xff,0xff,0xff,0xff,0xff,0x00,0x00,0x00,
    0x00,0xff,0xff,0xff,0xff,0xff,0xff,0xff,0xff,0xff,0x00,0x00,0x00,0x00,0xff,0xff,0xff,0xff,0xff,0xff,0xff,0xff,0xff,0xff,
    0xff,0xff,0xff,0xff,0xff,0xff,0xff,0xff,0xff,0xff,0xff,0xff,0xff,0xff,0xff,0xff,0xff,0xff,0xff,0xff,0xff,0xff,0xff,0xff,
    0xff,0xff,0xff,0x00,0x00,0x00,0x00,0xff,0xff,0xff,0xff,0xff,0xff,0xff,0xff,0xff,0xff,0xff,0xff,0xff,0xff,0xff,0xff,0xff,
    0xff,0xff,0xff,0x00,0x00,0x00,0x00,0xff,0xff,0x00,0x00,0x00,0x00,0xff,0xff,0xff,0xff,0xff,0xff,0xff,0xff,0xff,0xff,0xff,
    0xff,0xff,0xff,0xff,0xff,0xff,0xff,0x00,0x00,0x00,0x00,0xff,0xff,0xff,0xff,0xff,0xff,0xff,0xff,0xff,0xff,0xff,0xff,0x00,
    0x00,0x00,0x00,0xff,0xff,0xff,0xff,0xff,0xff,0xff,0xff,0xff,0xff,0xff,0xff,0xff,0xff,0x00,0x00,0x00,0x00,0xff,0xff,0xff,
    0xff,0xff,0xff,0x00,0x00,0x00,0x00,0xff,0xff,0xff,0xff,0xff,0xff,0xff,0xff,0xff,0xff,0xff,0xff,0xff,0xff,0xff,0xff,0xff,
    0xff,0xff,0xff,0x00,0x00,0x00,0x00,0xff,0xff,0xff,0xff,0xff,0x00,0x00,0x00,0x00,0xff,0xff,0xff,0xff,0xff,0xff,0x00,0x00,
    0x00,0x00,0xff,0xff,0xff,0xff,0xff,0xff,0xff,0xff,0xff,0x00,0x00,0x00,0x00,0xff,0xff,0xff,0xff,0x00,0x00,0x00,0x00,0xff,
    0xff,0xff,0xff,0xff,0xff,0xff,0xff,0xff,0xff,0x00,0x00,0x00,0x00,0xff,0xff,0xff,0xff,0xff,0xff,0x00,0x00,0x00,0x00,
};
inline constexpr Reference kRefs41[] = {
    {3, 7, Section::kWritable, Node::kCount, Binding::kNone, nullptr, 65535, 0, 4},
    {21, 25, Section::kReadOnly, Node::kCount, Binding::kNone, nullptr, 65535, 0, 4},
    {34, 38, Section::kCode, Node::kCount, Binding::kNone, nullptr, 65535, 0, 4},
    {75, 79, Section::kCode, Node::kCount, Binding::kNone, nullptr, 65535, 0, 4},
    {99, 103, Section::kCode, Node::kCount, Binding::kNone, nullptr, 65535, 0, 4},
    {105, 109, Section::kCode, Node::kCount, Binding::kNone, nullptr, 0, 119, 4},
    {127, 131, Section::kReadOnly, Node::kCount, Binding::kNone, nullptr, 65535, 0, 4},
    {143, 147, Section::kReadOnly, Node::kCount, Binding::kNone, nullptr, 65535, 0, 4},
    {161, 165, Section::kCode, Node::kCount, Binding::kNone, nullptr, 65535, 0, 4},
    {171, 175, Section::kCode, Node::kCount, Binding::kNone, nullptr, 0, 102, 4},
    {195, 199, Section::kCode, Node::kCount, Binding::kNone, nullptr, 65535, 0, 4},
    {204, 208, Section::kCode, Node::kCount, Binding::kNone, nullptr, 0, 106, 4},
    {214, 218, Section::kCode, Node::kCount, Binding::kNone, nullptr, 0, 119, 4},
    {227, 231, Section::kCode, Node::kCount, Binding::kNone, nullptr, 65535, 0, 4},
    {235, 239, Section::kCode, Node::kCount, Binding::kNone, nullptr, 65535, 0, 4},
    {249, 253, Section::kCode, Node::kCount, Binding::kNone, nullptr, 65535, 0, 4},
    {259, 263, Section::kCode, Node::kCount, Binding::kNone, nullptr, 0, 119, 4},
};
inline constexpr Fragment kFragments4[] = {
    {kBytes41, kMask41, 263, kRefs41, 17},
};
// SyncedData
inline constexpr unsigned char kBytes50[] = {
    0x48,0x89,0x5c,0x24,0x08,0x48,0x89,0x6c,0x24,0x10,0x48,0x89,0x74,0x24,0x18,0x57,0x41,0x56,0x41,0x57,0x48,0x83,0xec,0x30,
    0x48,0x8b,0x02,0x4c,0x8b,0xf9,0x48,0x8b,0xca,0x4d,0x8b,0xf1,0x41,0x8a,0xe8,0x48,0x8b,0xf2,0x33,0xff,0x48,0x8b,0x40,0x08,
    0xff,0x15,0x00,0x00,0x00,0x00,0x48,0x8b,0xd8,0x48,0x85,0xc0,0x74,0x1f,0x49,0x89,0x1e,0x48,0x8b,0x5c,0x24,0x50,0x8b,0xc7,
    0x48,0x8b,0x6c,0x24,0x58,0x48,0x8b,0x74,0x24,0x60,0x48,0x83,0xc4,0x30,0x41,0x5f,0x41,0x5e,0x5f,0xc3,0xcc,0x40,0x84,0xed,
    0x74,0x15,0x48,0x8b,0x06,0x48,0x8b,0xce,0x48,0x8b,0x40,0x10,0xff,0x15,0x00,0x00,0x00,0x00,0x48,0x85,0xc0,0x74,0xc7,0x48,
    0x8b,0x0d,0x00,0x00,0x00,0x00,0xba,0x00,0x03,0x00,0x00,0x48,0x8b,0x01,0x48,0x8b,0x40,0x10,0xff,0x15,0x00,0x00,0x00,0x00,
    0x48,0x85,0xc0,0x74,0x5b,0x48,0x8b,0xc8,0xe8,0x00,0x00,0x00,0x00,0x48,0x8b,0xd8,0x48,0x85,0xdb,0x0f,0x84,0x00,0x00,0x00,
    0x00,0x48,0x89,0x73,0x18,0x48,0x8b,0xd3,0x48,0x8b,0x06,0x48,0x8b,0xce,0x48,0x8b,0x00,0xff,0x15,0x00,0x00,0x00,0x00,0x48,
    0x8b,0x06,0x48,0x8b,0xce,0x48,0x8b,0x40,0x18,0xff,0x15,0x00,0x00,0x00,0x00,0x4c,0x8b,0xc3,0x48,0x8b,0xd6,0x49,0x8b,0xcf,
    0x48,0x89,0x43,0x28,0xe8,0x00,0x00,0x00,0x00,0x8b,0xf8,0x85,0xc0,0x0f,0x89,0x53,0xff,0xff,0xff,0xe9,0x00,0x00,0x00,0x00,
    0x33,0xdb,0xeb,0xac,
};
inline constexpr unsigned char kMask50[] = {
    0xff,0xff,0xff,0xff,0xff,0xff,0xff,0xff,0xff,0xff,0xff,0xff,0xff,0xff,0xff,0xff,0xff,0xff,0xff,0xff,0xff,0xff,0xff,0xff,
    0xff,0xff,0xff,0xff,0xff,0xff,0xff,0xff,0xff,0xff,0xff,0xff,0xff,0xff,0xff,0xff,0xff,0xff,0xff,0xff,0xff,0xff,0xff,0xff,
    0xff,0xff,0x00,0x00,0x00,0x00,0xff,0xff,0xff,0xff,0xff,0xff,0xff,0xff,0xff,0xff,0xff,0xff,0xff,0xff,0xff,0xff,0xff,0xff,
    0xff,0xff,0xff,0xff,0xff,0xff,0xff,0xff,0xff,0xff,0xff,0xff,0xff,0xff,0xff,0xff,0xff,0xff,0xff,0xff,0xff,0xff,0xff,0xff,
    0xff,0xff,0xff,0xff,0xff,0xff,0xff,0xff,0xff,0xff,0xff,0xff,0xff,0xff,0x00,0x00,0x00,0x00,0xff,0xff,0xff,0xff,0xff,0xff,
    0xff,0xff,0x00,0x00,0x00,0x00,0xff,0xff,0xff,0xff,0xff,0xff,0xff,0xff,0xff,0xff,0xff,0xff,0xff,0xff,0x00,0x00,0x00,0x00,
    0xff,0xff,0xff,0xff,0xff,0xff,0xff,0xff,0xff,0x00,0x00,0x00,0x00,0xff,0xff,0xff,0xff,0xff,0xff,0xff,0xff,0x00,0x00,0x00,
    0x00,0xff,0xff,0xff,0xff,0xff,0xff,0xff,0xff,0xff,0xff,0xff,0xff,0xff,0xff,0xff,0xff,0xff,0xff,0x00,0x00,0x00,0x00,0xff,
    0xff,0xff,0xff,0xff,0xff,0xff,0xff,0xff,0xff,0xff,0xff,0x00,0x00,0x00,0x00,0xff,0xff,0xff,0xff,0xff,0xff,0xff,0xff,0xff,
    0xff,0xff,0xff,0xff,0xff,0x00,0x00,0x00,0x00,0xff,0xff,0xff,0xff,0xff,0xff,0xff,0xff,0xff,0xff,0xff,0x00,0x00,0x00,0x00,
    0xff,0xff,0xff,0xff,
};
inline constexpr Reference kRefs50[] = {
    {50, 54, Section::kReadOnly, Node::kCount, Binding::kNone, nullptr, 65535, 0, 4},
    {110, 114, Section::kReadOnly, Node::kCount, Binding::kNone, nullptr, 65535, 0, 4},
    {122, 126, Section::kWritable, Node::kCount, Binding::kNone, nullptr, 65535, 0, 4},
    {140, 144, Section::kReadOnly, Node::kCount, Binding::kNone, nullptr, 65535, 0, 4},
    {153, 157, Section::kCode, Node::kCount, Binding::kNone, nullptr, 65535, 0, 4},
    {165, 169, Section::kCode, Node::kCount, Binding::kNone, nullptr, 1, 0, 4},
    {187, 191, Section::kReadOnly, Node::kCount, Binding::kNone, nullptr, 65535, 0, 4},
    {203, 207, Section::kReadOnly, Node::kCount, Binding::kNone, nullptr, 65535, 0, 4},
    {221, 225, Section::kCode, Node::kCount, Binding::kNone, nullptr, 65535, 0, 4},
    {236, 240, Section::kCode, Node::kCount, Binding::kNone, nullptr, 1, 18, 4},
};
inline constexpr unsigned char kBytes51[] = {
    0xbf,0x0e,0x00,0x07,0x80,0xc7,0x44,0x24,0x20,0x82,0x08,0x00,0x00,0x44,0x8b,0xcf,0xeb,0x0b,0xc7,0x44,0x24,0x20,0x86,0x08,
    0x00,0x00,0x44,0x8b,0xc8,0x33,0xd2,0x45,0x33,0xc0,0x8d,0x4a,0x14,0xe8,0x00,0x00,0x00,0x00,0x90,0xe9,0x00,0x00,0x00,0x00,
};
inline constexpr unsigned char kMask51[] = {
    0xff,0xff,0xff,0xff,0xff,0xff,0xff,0xff,0xff,0xff,0xff,0xff,0xff,0xff,0xff,0xff,0xff,0xff,0xff,0xff,0xff,0xff,0xff,0xff,
    0xff,0xff,0xff,0xff,0xff,0xff,0xff,0xff,0xff,0xff,0xff,0xff,0xff,0xff,0x00,0x00,0x00,0x00,0xff,0xff,0x00,0x00,0x00,0x00,
};
inline constexpr Reference kRefs51[] = {
    {38, 42, Section::kCode, Node::kCount, Binding::kNone, nullptr, 65535, 0, 4},
    {44, 48, Section::kCode, Node::kCount, Binding::kNone, nullptr, 0, 65, 4},
};
inline constexpr Fragment kFragments5[] = {
    {kBytes51, kMask51, 48, kRefs51, 2},
};
// PrecedingVisual
inline constexpr unsigned char kBytes60[] = {
    0x48,0x89,0x5c,0x24,0x08,0x57,0x48,0x83,0xec,0x20,0x33,0xdb,0x48,0x8b,0xfa,0x48,0x39,0x12,0x74,0x39,0x48,0x8b,0x52,0x78,
    0xe8,0x00,0x00,0x00,0x00,0x48,0x3b,0xf8,0x74,0x2b,0x48,0x8b,0x8f,0x80,0x01,0x00,0x00,0x48,0x85,0xc9,0x75,0x06,0x48,0x8b,
    0x7f,0x08,0xeb,0xe9,0x48,0x39,0x59,0x18,0x74,0xf4,0x48,0x8b,0x87,0x90,0x01,0x00,0x00,0x48,0x85,0xc0,0x0f,0x85,0x00,0x00,
    0x00,0x00,0x48,0x8b,0xd9,0x48,0x8b,0xc3,0x48,0x8b,0x5c,0x24,0x30,0x48,0x83,0xc4,0x20,0x5f,0xc3,
};
inline constexpr unsigned char kMask60[] = {
    0xff,0xff,0xff,0xff,0xff,0xff,0xff,0xff,0xff,0xff,0xff,0xff,0xff,0xff,0xff,0xff,0xff,0xff,0xff,0xff,0xff,0xff,0xff,0xff,
    0xff,0x00,0x00,0x00,0x00,0xff,0xff,0xff,0xff,0xff,0xff,0xff,0xff,0xff,0xff,0xff,0xff,0xff,0xff,0xff,0xff,0xff,0xff,0xff,
    0xff,0xff,0xff,0xff,0xff,0xff,0xff,0xff,0xff,0xff,0xff,0xff,0xff,0xff,0xff,0xff,0xff,0xff,0xff,0xff,0xff,0xff,0x00,0x00,
    0x00,0x00,0xff,0xff,0xff,0xff,0xff,0xff,0xff,0xff,0xff,0xff,0xff,0xff,0xff,0xff,0xff,0xff,0xff,
};
inline constexpr Reference kRefs60[] = {
    {25, 29, Section::kCode, Node::kDesktopList, Binding::kNone, nullptr, 65535, 0, 4},
    {70, 74, Section::kCode, Node::kCount, Binding::kNone, nullptr, 1, 0, 4},
};
inline constexpr unsigned char kBytes61[] = {
    0x48,0x39,0x58,0x18,0x48,0x8b,0xd8,0x0f,0x85,0x00,0x00,0x00,0x00,0xe9,0x00,0x00,0x00,0x00,
};
inline constexpr unsigned char kMask61[] = {
    0xff,0xff,0xff,0xff,0xff,0xff,0xff,0xff,0xff,0x00,0x00,0x00,0x00,0xff,0x00,0x00,0x00,0x00,
};
inline constexpr Reference kRefs61[] = {
    {9, 13, Section::kCode, Node::kCount, Binding::kNone, nullptr, 0, 77, 4},
    {14, 18, Section::kCode, Node::kCount, Binding::kNone, nullptr, 0, 74, 4},
};
inline constexpr Fragment kFragments6[] = {
    {kBytes61, kMask61, 18, kRefs61, 2},
};
// InsertRelative
inline constexpr unsigned char kBytes70[] = {
    0x48,0x89,0x5c,0x24,0x18,0x48,0x89,0x54,0x24,0x10,0x55,0x56,0x57,0x41,0x54,0x41,0x55,0x41,0x56,0x41,0x57,0x48,0x83,0xec,
    0x30,0x8b,0x71,0x28,0x45,0x32,0xff,0x4c,0x8b,0x6a,0x18,0xbf,0xff,0xff,0xff,0xff,0x4c,0x8b,0x61,0x08,0x4c,0x8b,0xd2,0x41,
    0x0f,0xb6,0xd9,0x4c,0x8b,0xf1,0x44,0x8b,0xdf,0x4d,0x85,0xc0,0x0f,0x85,0xd5,0x01,0x00,0x00,0x33,0xed,0x8b,0xd5,0x85,0xf6,
    0x74,0x2e,0x49,0x8b,0x4e,0x10,0x66,0x90,0x48,0x8b,0x01,0x49,0x3b,0xc2,0x0f,0x84,0x5a,0x02,0x00,0x00,0x4d,0x85,0xc0,0x0f,
    0x84,0x5f,0x01,0x00,0x00,0x49,0x3b,0xc0,0x0f,0x84,0x7c,0x01,0x00,0x00,0xff,0xc2,0x48,0x83,0xc1,0x08,0x3b,0xd6,0x72,0xd8,
    0x4d,0x85,0xc0,0x0f,0x85,0xc3,0x01,0x00,0x00,0x84,0xdb,0x0f,0x85,0xc9,0x02,0x00,0x00,0x83,0xff,0xff,0x75,0x02,0x8b,0xfe,
    0x41,0xb7,0x01,0x4d,0x3b,0xec,0x0f,0x84,0xb6,0x01,0x00,0x00,0x49,0x8b,0x02,0x49,0x8b,0xd4,0x49,0x8b,0xca,0x48,0x8b,0x40,
    0x48,0xff,0x15,0x00,0x00,0x00,0x00,0x8b,0xe8,0x85,0xc0,0x0f,0x88,0x00,0x00,0x00,0x00,0x48,0x8b,0x44,0x24,0x78,0xf0,0xff,
    0x40,0x08,0x03,0xdf,0x41,0x3b,0x5e,0x28,0x0f,0x87,0x00,0x00,0x00,0x00,0x45,0x33,0xc9,0x48,0x8d,0x44,0x24,0x78,0x48,0x89,
    0x44,0x24,0x70,0x49,0x8d,0x4e,0x10,0x48,0x8d,0x44,0x24,0x70,0x48,0x89,0x44,0x24,0x20,0x41,0x8d,0x51,0x08,0x45,0x8d,0x41,
    0x01,0xe8,0x00,0x00,0x00,0x00,0x8b,0xe8,0x85,0xc0,0x0f,0x88,0x00,0x00,0x00,0x00,0x41,0x8b,0x56,0x28,0x4d,0x8b,0x4e,0x10,
    0x8d,0x42,0x01,0x41,0x89,0x46,0x28,0x3b,0xd3,0x0f,0x87,0xda,0x00,0x00,0x00,0x48,0x8b,0x54,0x24,0x70,0x4d,0x8d,0x04,0xd9,
    0x49,0x3b,0xd0,0x0f,0x83,0x00,0x00,0x00,0x00,0x48,0x8b,0x02,0x49,0x89,0x00,0x85,0xed,0x0f,0x88,0x00,0x00,0x00,0x00,0x80,
    0xbc,0x24,0x90,0x00,0x00,0x00,0x00,0x0f,0x84,0x00,0x00,0x00,0x00,0x4d,0x3b,0xec,0x0f,0x84,0x79,0x01,0x00,0x00,0x3b,0xde,
    0x0f,0x87,0x00,0x00,0x00,0x00,0x49,0x8b,0x46,0x08,0x48,0x8b,0x48,0x10,0x48,0x8b,0x44,0x24,0x78,0x4c,0x8b,0x49,0x10,0x48,
    0x8b,0x50,0x10,0x49,0x8b,0x49,0x10,0x48,0x8b,0x42,0x10,0x41,0x8b,0x51,0x18,0x44,0x8b,0xcb,0x44,0x8b,0x40,0x18,0x48,0x8b,
    0x01,0x48,0x8b,0x80,0xc0,0x01,0x00,0x00,0xff,0x15,0x00,0x00,0x00,0x00,0x8b,0xe8,0x85,0xc0,0x0f,0x88,0x00,0x00,0x00,0x00,
    0x85,0xed,0x0f,0x88,0x00,0x00,0x00,0x00,0x48,0x8b,0x44,0x24,0x78,0x80,0x48,0x54,0x04,0x48,0x8b,0x9c,0x24,0x80,0x00,0x00,
    0x00,0x8b,0xc5,0x48,0x83,0xc4,0x30,0x41,0x5f,0x41,0x5e,0x41,0x5d,0x41,0x5c,0x5f,0x5e,0x5d,0xc3,0xcc,0x83,0xff,0xff,0x0f,
    0x85,0x98,0xfe,0xff,0xff,0x84,0xdb,0x0f,0x85,0x63,0x01,0x00,0x00,0x41,0xf6,0x42,0x54,0x10,0x0f,0x85,0x8e,0xfe,0xff,0xff,
    0xf6,0x40,0x54,0x10,0x0f,0x84,0x84,0xfe,0xff,0xff,0x8b,0xfa,0xe9,0x7d,0xfe,0xff,0xff,0x4d,0x8d,0x04,0xd1,0x66,0x66,0x66,
    0x0f,0x1f,0x84,0x00,0x00,0x00,0x00,0x00,0xff,0xca,0x4d,0x8d,0x40,0xf8,0x49,0x8b,0x0c,0xd1,0x49,0x89,0x48,0x08,0x3b,0xd3,
    0x77,0xee,0xe9,0x00,0xff,0xff,0xff,0x0f,0xb6,0x42,0x54,0x24,0x10,0x0f,0x85,0x00,0x00,0x00,0x00,0x45,0x32,0xc9,0x41,0x0f,
    0xb6,0x48,0x54,0x80,0xe1,0x10,0x0f,0x85,0x00,0x00,0x00,0x00,0x32,0xd2,0x44,0x3a,0xca,0x0f,0x84,0x03,0xfe,0xff,0xff,0xe9,
    0x00,0x00,0x00,0x00,0x83,0xff,0xff,0x0f,0x85,0x46,0xfe,0xff,0xff,0xe9,0x00,0x00,0x00,0x00,0x8b,0xce,0x44,0x3b,0xde,0x0f,
    0x83,0x00,0x00,0x00,0x00,0x4d,0x8b,0x46,0x10,0x8d,0x46,0xff,0x44,0x3b,0xd8,0x73,0x29,0x0f,0x1f,0x80,0x00,0x00,0x00,0x00,
    0x41,0x8b,0xcb,0x41,0x8d,0x53,0x01,0x49,0x8b,0x04,0xd0,0x44,0x8b,0xda,0x49,0x89,0x04,0xc8,0x41,0x8b,0x4e,0x28,0x8d,0x41,
    0xff,0x3b,0xd0,0x72,0xe3,0x4c,0x8b,0x54,0x24,0x78,0x8d,0x41,0xff,0x41,0x89,0x46,0x28,0x85,0xed,0x0f,0x88,0x00,0x00,0x00,
    0x00,0x41,0x80,0x62,0x54,0xfb,0x8d,0x47,0xff,0x45,0x84,0xff,0x0f,0x44,0xc7,0x8b,0xf8,0xe9,0x0c,0xfe,0xff,0xff,0x83,0xff,
    0xff,0x0f,0x84,0x9b,0x00,0x00,0x00,0x44,0x8b,0xda,0xe9,0x95,0xfd,0xff,0xff,0x3b,0xde,0x0f,0x87,0x00,0x00,0x00,0x00,0x48,
    0x8b,0x44,0x24,0x78,0x4c,0x8b,0x40,0x10,0x4d,0x85,0xc0,0x74,0x16,0x83,0xfb,0xff,0x0f,0x84,0x00,0x00,0x00,0x00,0x49,0x8b,
    0x46,0x08,0x3b,0x58,0x48,0x0f,0x87,0x00,0x00,0x00,0x00,0x49,0x8b,0x46,0x08,0x44,0x8b,0xcb,0x48,0x8b,0x48,0x10,0x49,0x8b,
    0x40,0x10,0x48,0x8b,0x51,0x10,0x44,0x8b,0x40,0x18,0x48,0x8b,0x4a,0x10,0x8b,0x52,0x18,0x48,0x8b,0x01,0x48,0x8b,0x80,0xc8,
    0x01,0x00,0x00,0xff,0x15,0x00,0x00,0x00,0x00,0x8b,0xe8,0x85,0xc0,0x0f,0x88,0x00,0x00,0x00,0x00,0x85,0xed,0x0f,0x89,0x6d,
    0xfe,0xff,0xff,0xe9,0x00,0x00,0x00,0x00,0xf6,0x40,0x54,0x10,0x0f,0x85,0x2c,0xfd,0xff,0xff,0x41,0xf6,0x42,0x54,0x10,0x0f,
    0x84,0x21,0xfd,0xff,0xff,0xe9,0x98,0xfe,0xff,0xff,0x45,0x32,0xff,0xe9,0x39,0xfd,0xff,0xff,0x4d,0x85,0xc0,0x0f,0x84,0x5c,
    0xff,0xff,0xff,0x41,0xb7,0x01,0xe9,0x54,0xff,0xff,0xff,
};
inline constexpr unsigned char kMask70[] = {
    0xff,0xff,0xff,0xff,0xff,0xff,0xff,0xff,0xff,0xff,0xff,0xff,0xff,0xff,0xff,0xff,0xff,0xff,0xff,0xff,0xff,0xff,0xff,0xff,
    0xff,0xff,0xff,0xff,0xff,0xff,0xff,0xff,0xff,0xff,0xff,0xff,0xff,0xff,0xff,0xff,0xff,0xff,0xff,0xff,0xff,0xff,0xff,0xff,
    0xff,0xff,0xff,0xff,0xff,0xff,0xff,0xff,0xff,0xff,0xff,0xff,0xff,0xff,0xff,0xff,0xff,0xff,0xff,0xff,0xff,0xff,0xff,0xff,
    0xff,0xff,0xff,0xff,0xff,0xff,0xff,0xff,0xff,0xff,0xff,0xff,0xff,0xff,0xff,0xff,0xff,0xff,0xff,0xff,0xff,0xff,0xff,0xff,
    0xff,0xff,0xff,0xff,0xff,0xff,0xff,0xff,0xff,0xff,0xff,0xff,0xff,0xff,0xff,0xff,0xff,0xff,0xff,0xff,0xff,0xff,0xff,0xff,
    0xff,0xff,0xff,0xff,0xff,0xff,0xff,0xff,0xff,0xff,0xff,0xff,0xff,0xff,0xff,0xff,0xff,0xff,0xff,0xff,0xff,0xff,0xff,0xff,
    0xff,0xff,0xff,0xff,0xff,0xff,0xff,0xff,0xff,0xff,0xff,0xff,0xff,0xff,0xff,0xff,0xff,0xff,0xff,0xff,0xff,0xff,0xff,0xff,
    0xff,0xff,0xff,0x00,0x00,0x00,0x00,0xff,0xff,0xff,0xff,0xff,0xff,0x00,0x00,0x00,0x00,0xff,0xff,0xff,0xff,0xff,0xff,0xff,
    0xff,0xff,0xff,0xff,0xff,0xff,0xff,0xff,0xff,0xff,0x00,0x00,0x00,0x00,0xff,0xff,0xff,0xff,0xff,0xff,0xff,0xff,0xff,0xff,
    0xff,0xff,0xff,0xff,0xff,0xff,0xff,0xff,0xff,0xff,0xff,0xff,0xff,0xff,0xff,0xff,0xff,0xff,0xff,0xff,0xff,0xff,0xff,0xff,
    0xff,0xff,0x00,0x00,0x00,0x00,0xff,0xff,0xff,0xff,0xff,0xff,0x00,0x00,0x00,0x00,0xff,0xff,0xff,0xff,0xff,0xff,0xff,0xff,
    0xff,0xff,0xff,0xff,0xff,0xff,0xff,0xff,0xff,0xff,0xff,0xff,0xff,0xff,0xff,0xff,0xff,0xff,0xff,0xff,0xff,0xff,0xff,0xff,
    0xff,0xff,0xff,0xff,0xff,0x00,0x00,0x00,0x00,0xff,0xff,0xff,0xff,0xff,0xff,0xff,0xff,0xff,0xff,0x00,0x00,0x00,0x00,0xff,
    0xff,0xff,0xff,0xff,0xff,0xff,0xff,0xff,0xff,0x00,0x00,0x00,0x00,0xff,0xff,0xff,0xff,0xff,0xff,0xff,0xff,0xff,0xff,0xff,
    0xff,0xff,0x00,0x00,0x00,0x00,0xff,0xff,0xff,0xff,0xff,0xff,0xff,0xff,0xff,0xff,0xff,0xff,0xff,0xff,0xff,0xff,0xff,0xff,
    0xff,0xff,0xff,0xff,0xff,0xff,0xff,0xff,0xff,0xff,0xff,0xff,0xff,0xff,0xff,0xff,0xff,0xff,0xff,0xff,0xff,0xff,0xff,0xff,
    0xff,0xff,0xff,0xff,0xff,0xff,0xff,0xff,0xff,0xff,0x00,0x00,0x00,0x00,0xff,0xff,0xff,0xff,0xff,0xff,0x00,0x00,0x00,0x00,
    0xff,0xff,0xff,0xff,0x00,0x00,0x00,0x00,0xff,0xff,0xff,0xff,0xff,0xff,0xff,0xff,0xff,0xff,0xff,0xff,0xff,0xff,0xff,0xff,
    0xff,0xff,0xff,0xff,0xff,0xff,0xff,0xff,0xff,0xff,0xff,0xff,0xff,0xff,0xff,0xff,0xff,0xff,0xff,0xff,0xff,0xff,0xff,0xff,
    0xff,0xff,0xff,0xff,0xff,0xff,0xff,0xff,0xff,0xff,0xff,0xff,0xff,0xff,0xff,0xff,0xff,0xff,0xff,0xff,0xff,0xff,0xff,0xff,
    0xff,0xff,0xff,0xff,0xff,0xff,0xff,0xff,0xff,0xff,0xff,0xff,0xff,0xff,0xff,0xff,0xff,0xff,0xff,0xff,0xff,0xff,0xff,0xff,
    0xff,0xff,0xff,0xff,0xff,0xff,0xff,0xff,0xff,0xff,0xff,0xff,0xff,0xff,0xff,0xff,0xff,0xff,0xff,0xff,0xff,0xff,0xff,0xff,
    0xff,0xff,0xff,0xff,0xff,0xff,0xff,0xff,0xff,0xff,0xff,0xff,0xff,0xff,0xff,0x00,0x00,0x00,0x00,0xff,0xff,0xff,0xff,0xff,
    0xff,0xff,0xff,0xff,0xff,0xff,0xff,0xff,0x00,0x00,0x00,0x00,0xff,0xff,0xff,0xff,0xff,0xff,0xff,0xff,0xff,0xff,0xff,0xff,
    0x00,0x00,0x00,0x00,0xff,0xff,0xff,0xff,0xff,0xff,0xff,0xff,0xff,0xff,0x00,0x00,0x00,0x00,0xff,0xff,0xff,0xff,0xff,0xff,
    0xff,0x00,0x00,0x00,0x00,0xff,0xff,0xff,0xff,0xff,0xff,0xff,0xff,0xff,0xff,0xff,0xff,0xff,0xff,0xff,0xff,0xff,0xff,0xff,
    0xff,0xff,0xff,0xff,0xff,0xff,0xff,0xff,0xff,0xff,0xff,0xff,0xff,0xff,0xff,0xff,0xff,0xff,0xff,0xff,0xff,0xff,0xff,0xff,
    0xff,0xff,0xff,0xff,0xff,0xff,0xff,0xff,0xff,0xff,0xff,0xff,0xff,0xff,0xff,0xff,0xff,0xff,0xff,0xff,0xff,0x00,0x00,0x00,
    0x00,0xff,0xff,0xff,0xff,0xff,0xff,0xff,0xff,0xff,0xff,0xff,0xff,0xff,0xff,0xff,0xff,0xff,0xff,0xff,0xff,0xff,0xff,0xff,
    0xff,0xff,0xff,0xff,0xff,0xff,0xff,0xff,0xff,0xff,0xff,0xff,0xff,0xff,0xff,0xff,0xff,0xff,0xff,0x00,0x00,0x00,0x00,0xff,
    0xff,0xff,0xff,0xff,0xff,0xff,0xff,0xff,0xff,0xff,0xff,0xff,0xff,0xff,0xff,0xff,0xff,0xff,0x00,0x00,0x00,0x00,0xff,0xff,
    0xff,0xff,0xff,0xff,0xff,0xff,0xff,0x00,0x00,0x00,0x00,0xff,0xff,0xff,0xff,0xff,0xff,0xff,0xff,0xff,0xff,0xff,0xff,0xff,
    0xff,0xff,0xff,0xff,0xff,0xff,0xff,0xff,0xff,0xff,0xff,0xff,0xff,0xff,0xff,0xff,0xff,0xff,0xff,0xff,0xff,0xff,0xff,0xff,
    0xff,0xff,0xff,0xff,0xff,0x00,0x00,0x00,0x00,0xff,0xff,0xff,0xff,0xff,0xff,0x00,0x00,0x00,0x00,0xff,0xff,0xff,0xff,0xff,
    0xff,0xff,0xff,0xff,0x00,0x00,0x00,0x00,0xff,0xff,0xff,0xff,0xff,0xff,0xff,0xff,0xff,0xff,0xff,0xff,0xff,0xff,0xff,0xff,
    0xff,0xff,0xff,0xff,0xff,0xff,0xff,0xff,0xff,0xff,0xff,0xff,0xff,0xff,0xff,0xff,0xff,0xff,0xff,0xff,0xff,0xff,0xff,0xff,
    0xff,0xff,0xff,0xff,0xff,0xff,0xff,0xff,0xff,0xff,0xff,
};
inline constexpr Reference kRefs70[] = {
    {171, 175, Section::kReadOnly, Node::kCount, Binding::kNone, nullptr, 65535, 0, 4},
    {181, 185, Section::kCode, Node::kCount, Binding::kNone, nullptr, 1, 124, 4},
    {202, 206, Section::kCode, Node::kCount, Binding::kNone, nullptr, 1, 140, 4},
    {242, 246, Section::kCode, Node::kCount, Binding::kNone, nullptr, 65535, 0, 4},
    {252, 256, Section::kCode, Node::kCount, Binding::kNone, nullptr, 1, 158, 4},
    {293, 297, Section::kCode, Node::kCount, Binding::kNone, nullptr, 1, 188, 4},
    {307, 311, Section::kCode, Node::kCount, Binding::kNone, nullptr, 1, 217, 4},
    {321, 325, Section::kCode, Node::kCount, Binding::kNone, nullptr, 1, 382, 4},
    {338, 342, Section::kCode, Node::kCount, Binding::kNone, nullptr, 1, 319, 4},
    {394, 398, Section::kReadOnly, Node::kCount, Binding::kNone, nullptr, 65535, 0, 4},
    {404, 408, Section::kCode, Node::kCount, Binding::kNone, nullptr, 1, 342, 4},
    {412, 416, Section::kCode, Node::kCount, Binding::kNone, nullptr, 1, 372, 4},
    {543, 547, Section::kCode, Node::kCount, Binding::kNone, nullptr, 1, 0, 4},
    {560, 564, Section::kCode, Node::kCount, Binding::kNone, nullptr, 1, 8, 4},
    {576, 580, Section::kCode, Node::kCount, Binding::kNone, nullptr, 1, 15, 4},
    {590, 594, Section::kCode, Node::kCount, Binding::kNone, nullptr, 1, 54, 4},
    {601, 605, Section::kCode, Node::kCount, Binding::kNone, nullptr, 1, 72, 4},
    {669, 673, Section::kCode, Node::kCount, Binding::kNone, nullptr, 1, 111, 4},
    {715, 719, Section::kCode, Node::kCount, Binding::kNone, nullptr, 1, 230, 4},
    {738, 742, Section::kCode, Node::kCount, Binding::kNone, nullptr, 1, 253, 4},
    {751, 755, Section::kCode, Node::kCount, Binding::kNone, nullptr, 1, 253, 4},
    {797, 801, Section::kReadOnly, Node::kCount, Binding::kNone, nullptr, 65535, 0, 4},
    {807, 811, Section::kCode, Node::kCount, Binding::kNone, nullptr, 1, 276, 4},
    {820, 824, Section::kCode, Node::kCount, Binding::kNone, nullptr, 1, 306, 4},
};
inline constexpr unsigned char kBytes71[] = {
    0x41,0xb1,0x01,0xe9,0x00,0x00,0x00,0x00,0xb2,0x01,0xe9,0x00,0x00,0x00,0x00,0x84,0xdb,0x74,0x09,0x84,0xc0,0x75,0x0d,0xe9,
    0x00,0x00,0x00,0x00,0x84,0xc9,0x0f,0x84,0x00,0x00,0x00,0x00,0xbd,0x05,0x40,0x00,0x80,0xc7,0x44,0x24,0x20,0x74,0x00,0x00,
    0x00,0xe9,0x95,0x01,0x00,0x00,0xbd,0x06,0x00,0x07,0x80,0xc7,0x44,0x24,0x20,0xae,0x00,0x00,0x00,0xe9,0x83,0x01,0x00,0x00,
    0x33,0xd2,0xc7,0x44,0x24,0x20,0x94,0x01,0x00,0x00,0xbd,0x57,0x00,0x07,0x80,0x45,0x33,0xc0,0x44,0x8b,0xcd,0x8d,0x4a,0x14,
    0xe8,0x00,0x00,0x00,0x00,0x4c,0x8b,0x54,0x24,0x78,0xe9,0x00,0x00,0x00,0x00,0xc7,0x44,0x24,0x20,0xcc,0x00,0x00,0x00,0xe9,
    0x4f,0x01,0x00,0x00,0xc7,0x44,0x24,0x20,0xda,0x00,0x00,0x00,0x44,0x8b,0xc8,0xe9,0x42,0x01,0x00,0x00,0xbd,0x57,0x00,0x07,
    0x80,0xc7,0x44,0x24,0x20,0xc3,0x01,0x00,0x00,0x44,0x8b,0xcd,0xeb,0x0b,0xc7,0x44,0x24,0x20,0xcd,0x01,0x00,0x00,0x44,0x8b,
    0xc8,0x33,0xd2,0x45,0x33,0xc0,0x8d,0x4a,0x14,0xe8,0x00,0x00,0x00,0x00,0x90,0xe9,0x00,0x00,0x00,0x00,0x41,0x8b,0x4e,0x28,
    0x48,0xff,0xc9,0x49,0x8d,0x0c,0xc9,0x48,0x3b,0xd1,0x0f,0x83,0x00,0x00,0x00,0x00,0x48,0x83,0xc2,0x08,0xe9,0x00,0x00,0x00,
    0x00,0xc7,0x44,0x24,0x20,0xe2,0x00,0x00,0x00,0xe9,0xe5,0x00,0x00,0x00,0x48,0x8b,0x4c,0x24,0x68,0x4c,0x8d,0x05,0x00,0x00,
    0x00,0x00,0xba,0xec,0x00,0x00,0x00,0xe8,0x00,0x00,0x00,0x00,0xcc,0x48,0x8b,0x4c,0x24,0x68,0x4c,0x8d,0x05,0x00,0x00,0x00,
    0x00,0xba,0x44,0x00,0x00,0x00,0xe8,0x00,0x00,0x00,0x00,0xcc,0x33,0xd2,0xc7,0x44,0x24,0x20,0x46,0x00,0x00,0x00,0x44,0x8b,
    0xcd,0x45,0x33,0xc0,0x8d,0x4a,0x14,0xe8,0x00,0x00,0x00,0x00,0x90,0xe9,0x00,0x00,0x00,0x00,0xc7,0x44,0x24,0x20,0xed,0x00,
    0x00,0x00,0xe9,0x8c,0x00,0x00,0x00,0x48,0x8b,0x4c,0x24,0x68,0x4c,0x8d,0x05,0x00,0x00,0x00,0x00,0xba,0xf9,0x00,0x00,0x00,
    0xe8,0x00,0x00,0x00,0x00,0xcc,0x33,0xd2,0xc7,0x44,0x24,0x20,0x33,0x00,0x00,0x00,0x44,0x8b,0xcd,0x45,0x33,0xc0,0x8d,0x4a,
    0x14,0xe8,0x00,0x00,0x00,0x00,0x90,0xe9,0x00,0x00,0x00,0x00,0xc7,0x44,0x24,0x20,0xfa,0x00,0x00,0x00,0xeb,0x4d,0x4d,0x3b,
    0xec,0x0f,0x85,0x00,0x00,0x00,0x00,0x48,0x8b,0x44,0x24,0x78,0x49,0x8b,0x4e,0x08,0x48,0x8b,0x50,0x10,0x48,0x8b,0x49,0x10,
    0xe8,0x00,0x00,0x00,0x00,0x8b,0xe8,0x85,0xc0,0x79,0x18,0x33,0xd2,0xc7,0x44,0x24,0x20,0x25,0x00,0x00,0x00,0x44,0x8b,0xc8,
    0x45,0x33,0xc0,0x8d,0x4a,0x14,0xe8,0x00,0x00,0x00,0x00,0x85,0xed,0x0f,0x89,0x00,0x00,0x00,0x00,0xc7,0x44,0x24,0x20,0xf2,
    0x00,0x00,0x00,0x44,0x8b,0xcd,0x33,0xd2,0x45,0x33,0xc0,0x8d,0x4a,0x14,0xe8,0x00,0x00,0x00,0x00,0x90,0xe9,0x00,0x00,0x00,
    0x00,
};
inline constexpr unsigned char kMask71[] = {
    0xff,0xff,0xff,0xff,0x00,0x00,0x00,0x00,0xff,0xff,0xff,0x00,0x00,0x00,0x00,0xff,0xff,0xff,0xff,0xff,0xff,0xff,0xff,0xff,
    0x00,0x00,0x00,0x00,0xff,0xff,0xff,0xff,0x00,0x00,0x00,0x00,0xff,0xff,0xff,0xff,0xff,0xff,0xff,0xff,0xff,0xff,0xff,0xff,
    0xff,0xff,0xff,0xff,0xff,0xff,0xff,0xff,0xff,0xff,0xff,0xff,0xff,0xff,0xff,0xff,0xff,0xff,0xff,0xff,0xff,0xff,0xff,0xff,
    0xff,0xff,0xff,0xff,0xff,0xff,0xff,0xff,0xff,0xff,0xff,0xff,0xff,0xff,0xff,0xff,0xff,0xff,0xff,0xff,0xff,0xff,0xff,0xff,
    0xff,0x00,0x00,0x00,0x00,0xff,0xff,0xff,0xff,0xff,0xff,0x00,0x00,0x00,0x00,0xff,0xff,0xff,0xff,0xff,0xff,0xff,0xff,0xff,
    0xff,0xff,0xff,0xff,0xff,0xff,0xff,0xff,0xff,0xff,0xff,0xff,0xff,0xff,0xff,0xff,0xff,0xff,0xff,0xff,0xff,0xff,0xff,0xff,
    0xff,0xff,0xff,0xff,0xff,0xff,0xff,0xff,0xff,0xff,0xff,0xff,0xff,0xff,0xff,0xff,0xff,0xff,0xff,0xff,0xff,0xff,0xff,0xff,
    0xff,0xff,0xff,0xff,0xff,0xff,0xff,0xff,0xff,0xff,0x00,0x00,0x00,0x00,0xff,0xff,0x00,0x00,0x00,0x00,0xff,0xff,0xff,0xff,
    0xff,0xff,0xff,0xff,0xff,0xff,0xff,0xff,0xff,0xff,0xff,0xff,0x00,0x00,0x00,0x00,0xff,0xff,0xff,0xff,0xff,0x00,0x00,0x00,
    0x00,0xff,0xff,0xff,0xff,0xff,0xff,0xff,0xff,0xff,0xff,0xff,0xff,0xff,0xff,0xff,0xff,0xff,0xff,0xff,0xff,0xff,0x00,0x00,
    0x00,0x00,0xff,0xff,0xff,0xff,0xff,0xff,0x00,0x00,0x00,0x00,0xff,0xff,0xff,0xff,0xff,0xff,0xff,0xff,0xff,0x00,0x00,0x00,
    0x00,0xff,0xff,0xff,0xff,0xff,0xff,0x00,0x00,0x00,0x00,0xff,0xff,0xff,0xff,0xff,0xff,0xff,0xff,0xff,0xff,0xff,0xff,0xff,
    0xff,0xff,0xff,0xff,0xff,0xff,0xff,0xff,0x00,0x00,0x00,0x00,0xff,0xff,0x00,0x00,0x00,0x00,0xff,0xff,0xff,0xff,0xff,0xff,
    0xff,0xff,0xff,0xff,0xff,0xff,0xff,0xff,0xff,0xff,0xff,0xff,0xff,0xff,0xff,0x00,0x00,0x00,0x00,0xff,0xff,0xff,0xff,0xff,
    0xff,0x00,0x00,0x00,0x00,0xff,0xff,0xff,0xff,0xff,0xff,0xff,0xff,0xff,0xff,0xff,0xff,0xff,0xff,0xff,0xff,0xff,0xff,0xff,
    0xff,0xff,0x00,0x00,0x00,0x00,0xff,0xff,0x00,0x00,0x00,0x00,0xff,0xff,0xff,0xff,0xff,0xff,0xff,0xff,0xff,0xff,0xff,0xff,
    0xff,0xff,0xff,0x00,0x00,0x00,0x00,0xff,0xff,0xff,0xff,0xff,0xff,0xff,0xff,0xff,0xff,0xff,0xff,0xff,0xff,0xff,0xff,0xff,
    0xff,0x00,0x00,0x00,0x00,0xff,0xff,0xff,0xff,0xff,0xff,0xff,0xff,0xff,0xff,0xff,0xff,0xff,0xff,0xff,0xff,0xff,0xff,0xff,
    0xff,0xff,0xff,0xff,0xff,0xff,0xff,0x00,0x00,0x00,0x00,0xff,0xff,0xff,0xff,0x00,0x00,0x00,0x00,0xff,0xff,0xff,0xff,0xff,
    0xff,0xff,0xff,0xff,0xff,0xff,0xff,0xff,0xff,0xff,0xff,0xff,0xff,0xff,0xff,0x00,0x00,0x00,0x00,0xff,0xff,0x00,0x00,0x00,
    0x00,
};
inline constexpr Reference kRefs71[] = {
    {4, 8, Section::kCode, Node::kCount, Binding::kNone, nullptr, 0, 550, 4},
    {11, 15, Section::kCode, Node::kCount, Binding::kNone, nullptr, 0, 566, 4},
    {24, 28, Section::kCode, Node::kCount, Binding::kNone, nullptr, 0, 66, 4},
    {32, 36, Section::kCode, Node::kCount, Binding::kNone, nullptr, 0, 66, 4},
    {97, 101, Section::kCode, Node::kCount, Binding::kNone, nullptr, 65535, 0, 4},
    {107, 111, Section::kCode, Node::kCount, Binding::kNone, nullptr, 0, 665, 4},
    {178, 182, Section::kCode, Node::kCount, Binding::kNone, nullptr, 65535, 0, 4},
    {184, 188, Section::kCode, Node::kCount, Binding::kNone, nullptr, 0, 303, 4},
    {204, 208, Section::kCode, Node::kCount, Binding::kNone, nullptr, 0, 297, 4},
    {213, 217, Section::kCode, Node::kCount, Binding::kNone, nullptr, 0, 297, 4},
    {238, 242, Section::kReadOnly, Node::kCount, Binding::kNone, nullptr, 65535, 0, 4},
    {248, 252, Section::kCode, Node::kCount, Binding::kNone, nullptr, 65535, 0, 4},
    {261, 265, Section::kReadOnly, Node::kCount, Binding::kNone, nullptr, 65535, 0, 4},
    {271, 275, Section::kCode, Node::kCount, Binding::kNone, nullptr, 65535, 0, 4},
    {296, 300, Section::kCode, Node::kCount, Binding::kNone, nullptr, 65535, 0, 4},
    {302, 306, Section::kCode, Node::kCount, Binding::kNone, nullptr, 0, 811, 4},
    {327, 331, Section::kReadOnly, Node::kCount, Binding::kNone, nullptr, 65535, 0, 4},
    {337, 341, Section::kCode, Node::kCount, Binding::kNone, nullptr, 65535, 0, 4},
    {362, 366, Section::kCode, Node::kCount, Binding::kNone, nullptr, 65535, 0, 4},
    {368, 372, Section::kCode, Node::kCount, Binding::kNone, nullptr, 0, 408, 4},
    {387, 391, Section::kCode, Node::kCount, Binding::kNone, nullptr, 0, 425, 4},
    {409, 413, Section::kCode, Node::kCount, Binding::kNone, nullptr, 65535, 0, 4},
    {439, 443, Section::kCode, Node::kCount, Binding::kNone, nullptr, 65535, 0, 4},
    {447, 451, Section::kCode, Node::kCount, Binding::kNone, nullptr, 0, 425, 4},
    {471, 475, Section::kCode, Node::kCount, Binding::kNone, nullptr, 65535, 0, 4},
    {477, 481, Section::kCode, Node::kCount, Binding::kNone, nullptr, 0, 425, 4},
};
inline constexpr Fragment kFragments7[] = {
    {kBytes71, kMask71, 481, kRefs71, 26},
};
// ProxyInsert
inline constexpr unsigned char kBytes80[] = {
    0x48,0x83,0xec,0x38,0x4c,0x8b,0x49,0x10,0x45,0x8b,0xd0,0x48,0x8b,0x42,0x10,0x49,0x8b,0x49,0x10,0x44,0x8b,0x40,0x18,0x41,
    0x8b,0x51,0x18,0x45,0x8b,0xca,0x48,0x8b,0x01,0x48,0x8b,0x80,0xc0,0x01,0x00,0x00,0xff,0x15,0x00,0x00,0x00,0x00,0x48,0x83,
    0xc4,0x38,0xc3,
};
inline constexpr unsigned char kMask80[] = {
    0xff,0xff,0xff,0xff,0xff,0xff,0xff,0xff,0xff,0xff,0xff,0xff,0xff,0xff,0xff,0xff,0xff,0xff,0xff,0xff,0xff,0xff,0xff,0xff,
    0xff,0xff,0xff,0xff,0xff,0xff,0xff,0xff,0xff,0xff,0xff,0xff,0xff,0xff,0xff,0xff,0xff,0xff,0x00,0x00,0x00,0x00,0xff,0xff,
    0xff,0xff,0xff,
};
inline constexpr Reference kRefs80[] = {
    {42, 46, Section::kReadOnly, Node::kCount, Binding::kNone, nullptr, 65535, 0, 4},
};
// WindowListCtor
inline constexpr unsigned char kBytes90[] = {
    0x48,0x89,0x5c,0x24,0x08,0x57,0x48,0x83,0xec,0x30,0x48,0x8d,0x05,0x00,0x00,0x00,0x00,0x48,0x8b,0xd9,0x48,0x89,0x01,0x4c,
    0x8d,0x0d,0x00,0x00,0x00,0x00,0x33,0xff,0x4c,0x8d,0x05,0x00,0x00,0x00,0x00,0x48,0x83,0xc1,0x08,0x48,0x89,0x7c,0x24,0x20,
    0x48,0x8d,0x15,0x00,0x00,0x00,0x00,0x48,0xff,0x15,0x00,0x00,0x00,0x00,0x0f,0x1f,0x44,0x00,0x00,0x48,0x89,0x7b,0x50,0x48,
    0x8d,0x8b,0x18,0x01,0x00,0x00,0x48,0x89,0xbb,0xf8,0x00,0x00,0x00,0x48,0x89,0xbb,0x00,0x01,0x00,0x00,0x48,0x89,0xbb,0x08,
    0x01,0x00,0x00,0x89,0xbb,0x10,0x01,0x00,0x00,0xe8,0x00,0x00,0x00,0x00,0x48,0x89,0xbb,0x60,0x01,0x00,0x00,0x48,0x8d,0x8b,
    0x88,0x01,0x00,0x00,0x48,0x89,0xbb,0x68,0x01,0x00,0x00,0x48,0x89,0xbb,0x70,0x01,0x00,0x00,0x89,0xbb,0x78,0x01,0x00,0x00,
    0x48,0x89,0xbb,0x80,0x01,0x00,0x00,0xe8,0x00,0x00,0x00,0x00,0x48,0x89,0xbb,0xd0,0x01,0x00,0x00,0x48,0x8b,0xc3,0x48,0x89,
    0xbb,0xd8,0x01,0x00,0x00,0x48,0x89,0xbb,0xe0,0x01,0x00,0x00,0x89,0xbb,0xe8,0x01,0x00,0x00,0x48,0x89,0xbb,0xf0,0x01,0x00,
    0x00,0x48,0x89,0xbb,0xf8,0x01,0x00,0x00,0x48,0x89,0xbb,0x00,0x02,0x00,0x00,0x48,0x89,0xbb,0x08,0x02,0x00,0x00,0x48,0x89,
    0xbb,0x10,0x02,0x00,0x00,0x48,0x89,0xbb,0x18,0x02,0x00,0x00,0x48,0x89,0xbb,0x20,0x02,0x00,0x00,0x48,0x89,0xbb,0x28,0x02,
    0x00,0x00,0x89,0xbb,0x30,0x02,0x00,0x00,0x48,0x89,0xbb,0x48,0x02,0x00,0x00,0x48,0x89,0xbb,0x50,0x02,0x00,0x00,0x89,0xbb,
    0x58,0x02,0x00,0x00,0x48,0x89,0xbb,0x60,0x02,0x00,0x00,0x48,0x89,0xbb,0x68,0x02,0x00,0x00,0x48,0x89,0xbb,0x70,0x02,0x00,
    0x00,0x89,0xbb,0x78,0x02,0x00,0x00,0x48,0x8b,0x5c,0x24,0x40,0x48,0x83,0xc4,0x30,0x5f,0xc3,
};
inline constexpr unsigned char kMask90[] = {
    0xff,0xff,0xff,0xff,0xff,0xff,0xff,0xff,0xff,0xff,0xff,0xff,0xff,0x00,0x00,0x00,0x00,0xff,0xff,0xff,0xff,0xff,0xff,0xff,
    0xff,0xff,0x00,0x00,0x00,0x00,0xff,0xff,0xff,0xff,0xff,0x00,0x00,0x00,0x00,0xff,0xff,0xff,0xff,0xff,0xff,0xff,0xff,0xff,
    0xff,0xff,0xff,0x00,0x00,0x00,0x00,0xff,0xff,0xff,0x00,0x00,0x00,0x00,0xff,0xff,0xff,0xff,0xff,0xff,0xff,0xff,0xff,0xff,
    0xff,0xff,0xff,0xff,0xff,0xff,0xff,0xff,0xff,0xff,0xff,0xff,0xff,0xff,0xff,0xff,0xff,0xff,0xff,0xff,0xff,0xff,0xff,0xff,
    0xff,0xff,0xff,0xff,0xff,0xff,0xff,0xff,0xff,0xff,0x00,0x00,0x00,0x00,0xff,0xff,0xff,0xff,0xff,0xff,0xff,0xff,0xff,0xff,
    0xff,0xff,0xff,0xff,0xff,0xff,0xff,0xff,0xff,0xff,0xff,0xff,0xff,0xff,0xff,0xff,0xff,0xff,0xff,0xff,0xff,0xff,0xff,0xff,
    0xff,0xff,0xff,0xff,0xff,0xff,0xff,0xff,0x00,0x00,0x00,0x00,0xff,0xff,0xff,0xff,0xff,0xff,0xff,0xff,0xff,0xff,0xff,0xff,
    0xff,0xff,0xff,0xff,0xff,0xff,0xff,0xff,0xff,0xff,0xff,0xff,0xff,0xff,0xff,0xff,0xff,0xff,0xff,0xff,0xff,0xff,0xff,0xff,
    0xff,0xff,0xff,0xff,0xff,0xff,0xff,0xff,0xff,0xff,0xff,0xff,0xff,0xff,0xff,0xff,0xff,0xff,0xff,0xff,0xff,0xff,0xff,0xff,
    0xff,0xff,0xff,0xff,0xff,0xff,0xff,0xff,0xff,0xff,0xff,0xff,0xff,0xff,0xff,0xff,0xff,0xff,0xff,0xff,0xff,0xff,0xff,0xff,
    0xff,0xff,0xff,0xff,0xff,0xff,0xff,0xff,0xff,0xff,0xff,0xff,0xff,0xff,0xff,0xff,0xff,0xff,0xff,0xff,0xff,0xff,0xff,0xff,
    0xff,0xff,0xff,0xff,0xff,0xff,0xff,0xff,0xff,0xff,0xff,0xff,0xff,0xff,0xff,0xff,0xff,0xff,0xff,0xff,0xff,0xff,0xff,0xff,
    0xff,0xff,0xff,0xff,0xff,0xff,0xff,0xff,0xff,0xff,0xff,0xff,0xff,0xff,0xff,0xff,0xff,0xff,
};
inline constexpr Reference kRefs90[] = {
    {13, 17, Section::kReadOnly, Node::kCount, Binding::kVtable, nullptr, 65535, 0, 4},
    {26, 30, Section::kCode, Node::kCount, Binding::kNone, nullptr, 65535, 0, 4},
    {35, 39, Section::kCode, Node::kCount, Binding::kNone, nullptr, 65535, 0, 4},
    {51, 55, Section::kCode, Node::kCount, Binding::kNone, nullptr, 65535, 0, 4},
    {58, 62, Section::kReadOnly, Node::kCount, Binding::kNone, "RtlInitializeGenericTable", 65535, 0, 4},
    {106, 110, Section::kCode, Node::kCount, Binding::kNone, nullptr, 65535, 0, 4},
    {152, 156, Section::kCode, Node::kCount, Binding::kNone, nullptr, 65535, 0, 4},
};
// BandChange
inline constexpr unsigned char kBytes100[] = {
    0x48,0x89,0x5c,0x24,0x08,0x48,0x89,0x74,0x24,0x10,0x57,0x48,0x83,0xec,0x30,0x48,0x8b,0xd9,0x48,0x8b,0xf2,0x48,0x8d,0x0d,
    0x00,0x00,0x00,0x00,0x48,0xff,0x15,0x00,0x00,0x00,0x00,0x0f,0x1f,0x44,0x00,0x00,0x48,0x83,0x64,0x24,0x50,0x00,0x4c,0x8d,
    0x4c,0x24,0x50,0x41,0xb0,0x01,0x48,0x8b,0xd6,0x48,0x8b,0xcb,0xe8,0x00,0x00,0x00,0x00,0x8b,0xd8,0x85,0xc0,0x0f,0x88,0x00,
    0x00,0x00,0x00,0x48,0x8b,0x7c,0x24,0x50,0x48,0x85,0xff,0x74,0x13,0x48,0x8b,0x06,0x48,0x8b,0xce,0x48,0x8b,0x40,0x38,0xff,
    0x15,0x00,0x00,0x00,0x00,0x89,0x47,0x70,0x48,0x8d,0x0d,0x00,0x00,0x00,0x00,0x48,0xff,0x15,0x00,0x00,0x00,0x00,0x0f,0x1f,
    0x44,0x00,0x00,0x48,0x8b,0x74,0x24,0x48,0x8b,0xc3,0x48,0x8b,0x5c,0x24,0x40,0x48,0x83,0xc4,0x30,0x5f,0xc3,
};
inline constexpr unsigned char kMask100[] = {
    0xff,0xff,0xff,0xff,0xff,0xff,0xff,0xff,0xff,0xff,0xff,0xff,0xff,0xff,0xff,0xff,0xff,0xff,0xff,0xff,0xff,0xff,0xff,0xff,
    0x00,0x00,0x00,0x00,0xff,0xff,0xff,0x00,0x00,0x00,0x00,0xff,0xff,0xff,0xff,0xff,0xff,0xff,0xff,0xff,0xff,0xff,0xff,0xff,
    0xff,0xff,0xff,0xff,0xff,0xff,0xff,0xff,0xff,0xff,0xff,0xff,0xff,0x00,0x00,0x00,0x00,0xff,0xff,0xff,0xff,0xff,0xff,0x00,
    0x00,0x00,0x00,0xff,0xff,0xff,0xff,0xff,0xff,0xff,0xff,0xff,0xff,0xff,0xff,0xff,0xff,0xff,0xff,0xff,0xff,0xff,0xff,0xff,
    0xff,0x00,0x00,0x00,0x00,0xff,0xff,0xff,0xff,0xff,0xff,0x00,0x00,0x00,0x00,0xff,0xff,0xff,0x00,0x00,0x00,0x00,0xff,0xff,
    0xff,0xff,0xff,0xff,0xff,0xff,0xff,0xff,0xff,0xff,0xff,0xff,0xff,0xff,0xff,0xff,0xff,0xff,0xff,0xff,0xff,
};
inline constexpr Reference kRefs100[] = {
    {24, 28, Section::kWritable, Node::kCount, Binding::kCriticalSection, nullptr, 65535, 0, 4},
    {31, 35, Section::kReadOnly, Node::kCount, Binding::kNone, "EnterCriticalSection", 65535, 0, 4},
    {61, 65, Section::kCode, Node::kSyncedData, Binding::kNone, nullptr, 65535, 0, 4},
    {71, 75, Section::kCode, Node::kCount, Binding::kNone, nullptr, 1, 0, 4},
    {97, 101, Section::kReadOnly, Node::kCount, Binding::kNone, nullptr, 65535, 0, 4},
    {107, 111, Section::kWritable, Node::kCount, Binding::kCriticalSection, nullptr, 65535, 0, 4},
    {114, 118, Section::kReadOnly, Node::kCount, Binding::kNone, "LeaveCriticalSection", 65535, 0, 4},
};
inline constexpr unsigned char kBytes101[] = {
    0x33,0xd2,0xc7,0x44,0x24,0x20,0x94,0x0c,0x00,0x00,0x44,0x8b,0xcb,0x45,0x33,0xc0,0x8d,0x4a,0x14,0xe8,0x00,0x00,0x00,0x00,
    0x90,0xe9,0x00,0x00,0x00,0x00,
};
inline constexpr unsigned char kMask101[] = {
    0xff,0xff,0xff,0xff,0xff,0xff,0xff,0xff,0xff,0xff,0xff,0xff,0xff,0xff,0xff,0xff,0xff,0xff,0xff,0xff,0x00,0x00,0x00,0x00,
    0xff,0xff,0x00,0x00,0x00,0x00,
};
inline constexpr Reference kRefs101[] = {
    {20, 24, Section::kCode, Node::kCount, Binding::kNone, nullptr, 65535, 0, 4},
    {26, 30, Section::kCode, Node::kCount, Binding::kNone, nullptr, 0, 104, 4},
};
inline constexpr Fragment kFragments10[] = {
    {kBytes101, kMask101, 30, kRefs101, 2},
};
// ZOrder
inline constexpr unsigned char kBytes110[] = {
    0x48,0x89,0x5c,0x24,0x08,0x55,0x56,0x57,0x41,0x54,0x41,0x55,0x41,0x56,0x41,0x57,0x48,0x8d,0x6c,0x24,0xd9,0x48,0x81,0xec,
    0x00,0x01,0x00,0x00,0x4c,0x8b,0xe9,0x4d,0x8b,0xf8,0x48,0x8d,0x0d,0x00,0x00,0x00,0x00,0x48,0x8b,0xfa,0x48,0xff,0x15,0x00,
    0x00,0x00,0x00,0x0f,0x1f,0x44,0x00,0x00,0x48,0x8b,0x07,0x45,0x33,0xf6,0x48,0x8b,0xcf,0x4c,0x89,0x75,0x6f,0x41,0x8b,0xf6,
    0x48,0x8b,0x40,0x08,0xff,0x15,0x00,0x00,0x00,0x00,0x48,0x8b,0xd8,0x48,0x85,0xc0,0x0f,0x84,0x00,0x00,0x00,0x00,0x48,0x89,
    0x5d,0x6f,0x8b,0xfe,0x85,0xf6,0x0f,0x88,0x00,0x00,0x00,0x00,0x48,0x85,0xdb,0x0f,0x84,0x00,0x00,0x00,0x00,0x48,0x8b,0x43,
    0x78,0x4d,0x8d,0x65,0x08,0x0f,0x57,0xc0,0x4c,0x89,0x74,0x24,0x48,0x0f,0x57,0xc9,0x66,0x0f,0x7f,0x44,0x24,0x50,0x49,0x8b,
    0xcc,0x48,0xc7,0x45,0xa7,0xff,0xff,0xff,0xff,0x48,0x8d,0x54,0x24,0x40,0x44,0x88,0x75,0xaf,0x66,0x0f,0x7f,0x45,0x87,0x66,
    0x0f,0x7f,0x4d,0x97,0x48,0x89,0x44,0x24,0x40,0x48,0xff,0x15,0x00,0x00,0x00,0x00,0x0f,0x1f,0x44,0x00,0x00,0x48,0x85,0xc0,
    0x0f,0x84,0x00,0x00,0x00,0x00,0x48,0x8d,0x58,0x50,0x48,0x89,0x5d,0x7f,0x48,0x85,0xdb,0x0f,0x84,0x00,0x00,0x00,0x00,0x4d,
    0x85,0xff,0x74,0x29,0x4c,0x8d,0x4d,0x7f,0x41,0xb0,0x01,0x49,0x8b,0xd7,0x49,0x8b,0xcd,0xe8,0x00,0x00,0x00,0x00,0x8b,0xf8,
    0x85,0xc0,0x0f,0x88,0x00,0x00,0x00,0x00,0x48,0x8b,0x5d,0x7f,0x48,0x85,0xdb,0x0f,0x84,0x00,0x00,0x00,0x00,0x48,0x8b,0x45,
    0x6f,0x48,0x3b,0x03,0x0f,0x84,0x81,0x02,0x00,0x00,0x48,0x8b,0x08,0x48,0x39,0x41,0x08,0x0f,0x85,0x00,0x00,0x00,0x00,0x48,
    0x8b,0x50,0x08,0x48,0x39,0x02,0x0f,0x85,0x00,0x00,0x00,0x00,0x48,0x89,0x0a,0x48,0x89,0x51,0x08,0x48,0x8b,0x0b,0x48,0x8b,
    0x45,0x6f,0x48,0x39,0x59,0x08,0x0f,0x85,0x00,0x00,0x00,0x00,0x48,0x89,0x08,0x48,0x89,0x58,0x08,0x48,0x89,0x41,0x08,0x48,
    0x89,0x03,0x48,0x8b,0x55,0x6f,0x48,0x8b,0xb2,0x80,0x01,0x00,0x00,0x48,0x85,0xf6,0x0f,0x84,0x4c,0x01,0x00,0x00,0x48,0x8b,
    0x42,0x78,0x0f,0x57,0xc0,0x0f,0x57,0xc9,0x66,0x0f,0x7f,0x44,0x24,0x50,0x48,0x8d,0x54,0x24,0x40,0x66,0x0f,0x7f,0x45,0x87,
    0x49,0x8b,0xcc,0x66,0x0f,0x7f,0x4d,0x97,0x48,0x89,0x44,0x24,0x40,0x4c,0x89,0x74,0x24,0x48,0x48,0xc7,0x45,0xa7,0xff,0xff,
    0xff,0xff,0x44,0x88,0x75,0xaf,0x48,0xff,0x15,0x00,0x00,0x00,0x00,0x0f,0x1f,0x44,0x00,0x00,0x48,0x85,0xc0,0x0f,0x84,0x00,
    0x00,0x00,0x00,0x4c,0x8b,0x78,0x18,0x48,0x8b,0x45,0x6f,0x48,0x8d,0x55,0xc7,0x0f,0x57,0xc0,0x4c,0x89,0x75,0xcf,0x0f,0x57,
    0xc9,0x66,0x0f,0x7f,0x45,0xd7,0x49,0x8b,0xfe,0x48,0xc7,0x45,0x07,0xff,0xff,0xff,0xff,0x48,0x8b,0x48,0x78,0x48,0x89,0x4d,
    0xc7,0x49,0x8b,0xcc,0x40,0x88,0x7d,0x0f,0x66,0x0f,0x7f,0x45,0xe7,0x66,0x0f,0x7f,0x4d,0xf7,0x48,0xff,0x15,0x00,0x00,0x00,
    0x00,0x0f,0x1f,0x44,0x00,0x00,0x48,0x85,0xc0,0x0f,0x84,0x00,0x00,0x00,0x00,0x48,0x83,0xc0,0x50,0x0f,0x84,0x00,0x00,0x00,
    0x00,0x48,0x3b,0xd8,0x74,0x20,0x48,0x8b,0xbb,0x80,0x01,0x00,0x00,0x48,0x85,0xff,0x0f,0x84,0x11,0x01,0x00,0x00,0x48,0x8b,
    0x83,0x90,0x01,0x00,0x00,0x48,0x85,0xc0,0x0f,0x85,0x00,0x00,0x00,0x00,0x41,0xb1,0x01,0xc6,0x44,0x24,0x20,0x01,0x4c,0x8b,
    0xc7,0x49,0x8d,0x4f,0x20,0x48,0x8b,0xd6,0xe8,0x00,0x00,0x00,0x00,0x8b,0xf8,0x85,0xc0,0x0f,0x88,0x00,0x00,0x00,0x00,0x48,
    0x8b,0x4d,0x6f,0x33,0xd2,0x48,0x8b,0x89,0x88,0x01,0x00,0x00,0xe8,0x00,0x00,0x00,0x00,0x8b,0xf8,0x85,0xc0,0x0f,0x88,0x00,
    0x00,0x00,0x00,0x48,0x8b,0x55,0x6f,0x41,0xb8,0x03,0x00,0x00,0x00,0x49,0x8b,0xcd,0xe8,0x00,0x00,0x00,0x00,0x48,0x8b,0x55,
    0x6f,0x48,0x8b,0x82,0x90,0x01,0x00,0x00,0x48,0x85,0xc0,0x0f,0x85,0x00,0x00,0x00,0x00,0x48,0x8b,0x82,0x80,0x01,0x00,0x00,
    0x48,0x85,0xc0,0x74,0x0d,0xf6,0x80,0xf1,0x00,0x00,0x00,0x20,0x0f,0x85,0x00,0x00,0x00,0x00,0x4c,0x8d,0x2d,0x00,0x00,0x00,
    0x00,0x48,0x8b,0x9a,0x18,0x02,0x00,0x00,0x48,0x85,0xdb,0x75,0x2d,0x49,0x8b,0xcd,0x48,0xff,0x15,0x00,0x00,0x00,0x00,0x0f,
    0x1f,0x44,0x00,0x00,0x48,0x8b,0x9c,0x24,0x40,0x01,0x00,0x00,0x8b,0xc7,0x48,0x81,0xc4,0x00,0x01,0x00,0x00,0x41,0x5f,0x41,
    0x5e,0x41,0x5d,0x41,0x5c,0x5f,0x5e,0x5d,0xc3,0xcc,0x83,0xbb,0x38,0x02,0x00,0x00,0x01,0x76,0xca,0x48,0x8b,0x52,0x78,0x49,
    0x8b,0xcc,0x4d,0x8b,0xfe,0xe8,0x00,0x00,0x00,0x00,0x48,0x8b,0x55,0x6f,0x48,0x85,0xc0,0x74,0x39,0x48,0x8d,0x48,0x50,0x48,
    0x85,0xc9,0x74,0x30,0x48,0x8b,0x02,0x48,0x3b,0xc1,0x74,0x28,0x48,0x39,0x98,0x18,0x02,0x00,0x00,0x74,0x1c,0x48,0x8b,0x00,
    0x48,0x3b,0xc1,0x75,0xef,0xeb,0x15,0x48,0x8b,0x5b,0x08,0x48,0x3b,0xd8,0x0f,0x85,0xd2,0xfe,0xff,0xff,0xe9,0xed,0xfe,0xff,
    0xff,0x4c,0x8b,0xf8,0x48,0x8d,0xb3,0x20,0x02,0x00,0x00,0x4d,0x85,0xff,0x74,0x47,0x48,0x8d,0x55,0x6f,0x48,0x8b,0xce,0xe8,
    0x00,0x00,0x00,0x00,0x8b,0x4e,0x18,0x48,0x8b,0x06,0x85,0xc9,0x74,0x11,0x4c,0x3b,0x38,0x74,0x0c,0x41,0xff,0xc6,0x48,0x83,
    0xc0,0x08,0x44,0x3b,0xf1,0x72,0xef,0x45,0x8b,0xc6,0x48,0x8d,0x55,0x6f,0x48,0x8b,0xce,0xe8,0x00,0x00,0x00,0x00,0xe9,0x32,
    0xff,0xff,0xff,0x4c,0x8d,0x2d,0x00,0x00,0x00,0x00,0xe9,0x26,0xff,0xff,0xff,0x8b,0x8b,0x38,0x02,0x00,0x00,0x48,0x8b,0x06,
    0xff,0xc9,0x48,0x39,0x14,0xc8,0x0f,0x84,0x11,0xff,0xff,0xff,0x48,0x8d,0x55,0x6f,0x48,0x8b,0xce,0xe8,0x00,0x00,0x00,0x00,
    0x8b,0x46,0x18,0x44,0x8d,0x40,0x01,0x44,0x3b,0xc0,0x0f,0x82,0x00,0x00,0x00,0x00,0x44,0x3b,0x46,0x14,0x76,0x4a,0x45,0x33,
    0xc9,0x48,0x8d,0x45,0x6f,0x48,0x89,0x45,0x7f,0x48,0x8b,0xce,0x48,0x8d,0x45,0x7f,0x48,0x89,0x44,0x24,0x20,0x41,0x8d,0x51,
    0x08,0x45,0x8d,0x41,0x01,0xe8,0x00,0x00,0x00,0x00,0x85,0xc0,0x0f,0x88,0x00,0x00,0x00,0x00,0x44,0x8b,0x46,0x18,0x48,0x8b,
    0x45,0x7f,0x48,0x8b,0x16,0x41,0xc1,0xe0,0x03,0x48,0x8b,0x08,0x49,0x89,0x0c,0x10,0xff,0x46,0x18,0xe9,0xa5,0xfe,0xff,0xff,
    0x48,0x8b,0x0e,0x48,0x8b,0xd0,0x48,0x8b,0x45,0x6f,0x48,0x89,0x04,0xd1,0x44,0x89,0x46,0x18,0xe9,0x8e,0xfe,0xff,0xff,
};
inline constexpr unsigned char kMask110[] = {
    0xff,0xff,0xff,0xff,0xff,0xff,0xff,0xff,0xff,0xff,0xff,0xff,0xff,0xff,0xff,0xff,0xff,0xff,0xff,0xff,0xff,0xff,0xff,0xff,
    0xff,0xff,0xff,0xff,0xff,0xff,0xff,0xff,0xff,0xff,0xff,0xff,0xff,0x00,0x00,0x00,0x00,0xff,0xff,0xff,0xff,0xff,0xff,0x00,
    0x00,0x00,0x00,0xff,0xff,0xff,0xff,0xff,0xff,0xff,0xff,0xff,0xff,0xff,0xff,0xff,0xff,0xff,0xff,0xff,0xff,0xff,0xff,0xff,
    0xff,0xff,0xff,0xff,0xff,0xff,0x00,0x00,0x00,0x00,0xff,0xff,0xff,0xff,0xff,0xff,0xff,0xff,0x00,0x00,0x00,0x00,0xff,0xff,
    0xff,0xff,0xff,0xff,0xff,0xff,0xff,0xff,0x00,0x00,0x00,0x00,0xff,0xff,0xff,0xff,0xff,0x00,0x00,0x00,0x00,0xff,0xff,0xff,
    0xff,0xff,0xff,0xff,0xff,0xff,0xff,0xff,0xff,0xff,0xff,0xff,0xff,0xff,0xff,0xff,0xff,0xff,0xff,0xff,0xff,0xff,0xff,0xff,
    0xff,0xff,0xff,0xff,0xff,0xff,0xff,0xff,0xff,0xff,0xff,0xff,0xff,0xff,0xff,0xff,0xff,0xff,0xff,0xff,0xff,0xff,0xff,0xff,
    0xff,0xff,0xff,0xff,0xff,0xff,0xff,0xff,0xff,0xff,0xff,0xff,0x00,0x00,0x00,0x00,0xff,0xff,0xff,0xff,0xff,0xff,0xff,0xff,
    0xff,0xff,0x00,0x00,0x00,0x00,0xff,0xff,0xff,0xff,0xff,0xff,0xff,0xff,0xff,0xff,0xff,0xff,0xff,0x00,0x00,0x00,0x00,0xff,
    0xff,0xff,0xff,0xff,0xff,0xff,0xff,0xff,0xff,0xff,0xff,0xff,0xff,0xff,0xff,0xff,0xff,0xff,0x00,0x00,0x00,0x00,0xff,0xff,
    0xff,0xff,0xff,0xff,0x00,0x00,0x00,0x00,0xff,0xff,0xff,0xff,0xff,0xff,0xff,0xff,0xff,0x00,0x00,0x00,0x00,0xff,0xff,0xff,
    0xff,0xff,0xff,0xff,0xff,0xff,0xff,0xff,0xff,0xff,0xff,0xff,0xff,0xff,0xff,0xff,0xff,0xff,0xff,0x00,0x00,0x00,0x00,0xff,
    0xff,0xff,0xff,0xff,0xff,0xff,0xff,0xff,0x00,0x00,0x00,0x00,0xff,0xff,0xff,0xff,0xff,0xff,0xff,0xff,0xff,0xff,0xff,0xff,
    0xff,0xff,0xff,0xff,0xff,0xff,0xff,0xff,0x00,0x00,0x00,0x00,0xff,0xff,0xff,0xff,0xff,0xff,0xff,0xff,0xff,0xff,0xff,0xff,
    0xff,0xff,0xff,0xff,0xff,0xff,0xff,0xff,0xff,0xff,0xff,0xff,0xff,0xff,0xff,0xff,0xff,0xff,0xff,0xff,0xff,0xff,0xff,0xff,
    0xff,0xff,0xff,0xff,0xff,0xff,0xff,0xff,0xff,0xff,0xff,0xff,0xff,0xff,0xff,0xff,0xff,0xff,0xff,0xff,0xff,0xff,0xff,0xff,
    0xff,0xff,0xff,0xff,0xff,0xff,0xff,0xff,0xff,0xff,0xff,0xff,0xff,0xff,0xff,0xff,0xff,0xff,0xff,0xff,0xff,0xff,0xff,0xff,
    0xff,0xff,0xff,0xff,0xff,0xff,0xff,0xff,0xff,0x00,0x00,0x00,0x00,0xff,0xff,0xff,0xff,0xff,0xff,0xff,0xff,0xff,0xff,0x00,
    0x00,0x00,0x00,0xff,0xff,0xff,0xff,0xff,0xff,0xff,0xff,0xff,0xff,0xff,0xff,0xff,0xff,0xff,0xff,0xff,0xff,0xff,0xff,0xff,
    0xff,0xff,0xff,0xff,0xff,0xff,0xff,0xff,0xff,0xff,0xff,0xff,0xff,0xff,0xff,0xff,0xff,0xff,0xff,0xff,0xff,0xff,0xff,0xff,
    0xff,0xff,0xff,0xff,0xff,0xff,0xff,0xff,0xff,0xff,0xff,0xff,0xff,0xff,0xff,0xff,0xff,0xff,0xff,0xff,0xff,0x00,0x00,0x00,
    0x00,0xff,0xff,0xff,0xff,0xff,0xff,0xff,0xff,0xff,0xff,0x00,0x00,0x00,0x00,0xff,0xff,0xff,0xff,0xff,0xff,0x00,0x00,0x00,
    0x00,0xff,0xff,0xff,0xff,0xff,0xff,0xff,0xff,0xff,0xff,0xff,0xff,0xff,0xff,0xff,0xff,0xff,0xff,0xff,0xff,0xff,0xff,0xff,
    0xff,0xff,0xff,0xff,0xff,0xff,0xff,0xff,0xff,0xff,0x00,0x00,0x00,0x00,0xff,0xff,0xff,0xff,0xff,0xff,0xff,0xff,0xff,0xff,
    0xff,0xff,0xff,0xff,0xff,0xff,0xff,0xff,0xff,0x00,0x00,0x00,0x00,0xff,0xff,0xff,0xff,0xff,0xff,0x00,0x00,0x00,0x00,0xff,
    0xff,0xff,0xff,0xff,0xff,0xff,0xff,0xff,0xff,0xff,0xff,0xff,0xff,0x00,0x00,0x00,0x00,0xff,0xff,0xff,0xff,0xff,0xff,0x00,
    0x00,0x00,0x00,0xff,0xff,0xff,0xff,0xff,0xff,0xff,0xff,0xff,0xff,0xff,0xff,0xff,0xff,0x00,0x00,0x00,0x00,0xff,0xff,0xff,
    0xff,0xff,0xff,0xff,0xff,0xff,0xff,0xff,0xff,0xff,0xff,0xff,0xff,0x00,0x00,0x00,0x00,0xff,0xff,0xff,0xff,0xff,0xff,0xff,
    0xff,0xff,0xff,0xff,0xff,0xff,0xff,0xff,0xff,0xff,0xff,0xff,0xff,0xff,0x00,0x00,0x00,0x00,0xff,0xff,0xff,0x00,0x00,0x00,
    0x00,0xff,0xff,0xff,0xff,0xff,0xff,0xff,0xff,0xff,0xff,0xff,0xff,0xff,0xff,0xff,0xff,0xff,0xff,0x00,0x00,0x00,0x00,0xff,
    0xff,0xff,0xff,0xff,0xff,0xff,0xff,0xff,0xff,0xff,0xff,0xff,0xff,0xff,0xff,0xff,0xff,0xff,0xff,0xff,0xff,0xff,0xff,0xff,
    0xff,0xff,0xff,0xff,0xff,0xff,0xff,0xff,0xff,0xff,0xff,0xff,0xff,0xff,0xff,0xff,0xff,0xff,0xff,0xff,0xff,0xff,0xff,0xff,
    0xff,0xff,0xff,0xff,0xff,0xff,0x00,0x00,0x00,0x00,0xff,0xff,0xff,0xff,0xff,0xff,0xff,0xff,0xff,0xff,0xff,0xff,0xff,0xff,
    0xff,0xff,0xff,0xff,0xff,0xff,0xff,0xff,0xff,0xff,0xff,0xff,0xff,0xff,0xff,0xff,0xff,0xff,0xff,0xff,0xff,0xff,0xff,0xff,
    0xff,0xff,0xff,0xff,0xff,0xff,0xff,0xff,0xff,0xff,0xff,0xff,0xff,0xff,0xff,0xff,0xff,0xff,0xff,0xff,0xff,0xff,0xff,0xff,
    0xff,0xff,0xff,0xff,0xff,0xff,0xff,0xff,0xff,0xff,0xff,0xff,0xff,0xff,0xff,0xff,0xff,0xff,0xff,0xff,0xff,0xff,0xff,0xff,
    0x00,0x00,0x00,0x00,0xff,0xff,0xff,0xff,0xff,0xff,0xff,0xff,0xff,0xff,0xff,0xff,0xff,0xff,0xff,0xff,0xff,0xff,0xff,0xff,
    0xff,0xff,0xff,0xff,0xff,0xff,0xff,0xff,0xff,0xff,0xff,0xff,0xff,0xff,0xff,0xff,0xff,0xff,0x00,0x00,0x00,0x00,0xff,0xff,
    0xff,0xff,0xff,0xff,0xff,0xff,0x00,0x00,0x00,0x00,0xff,0xff,0xff,0xff,0xff,0xff,0xff,0xff,0xff,0xff,0xff,0xff,0xff,0xff,
    0xff,0xff,0xff,0xff,0xff,0xff,0xff,0xff,0xff,0xff,0xff,0xff,0xff,0xff,0xff,0xff,0xff,0xff,0xff,0xff,0x00,0x00,0x00,0x00,
    0xff,0xff,0xff,0xff,0xff,0xff,0xff,0xff,0xff,0xff,0xff,0xff,0x00,0x00,0x00,0x00,0xff,0xff,0xff,0xff,0xff,0xff,0xff,0xff,
    0xff,0xff,0xff,0xff,0xff,0xff,0xff,0xff,0xff,0xff,0xff,0xff,0xff,0xff,0xff,0xff,0xff,0xff,0xff,0xff,0xff,0xff,0xff,0xff,
    0xff,0xff,0xff,0xff,0xff,0xff,0x00,0x00,0x00,0x00,0xff,0xff,0xff,0xff,0x00,0x00,0x00,0x00,0xff,0xff,0xff,0xff,0xff,0xff,
    0xff,0xff,0xff,0xff,0xff,0xff,0xff,0xff,0xff,0xff,0xff,0xff,0xff,0xff,0xff,0xff,0xff,0xff,0xff,0xff,0xff,0xff,0xff,0xff,
    0xff,0xff,0xff,0xff,0xff,0xff,0xff,0xff,0xff,0xff,0xff,0xff,0xff,0xff,0xff,0xff,0xff,0xff,0xff,0xff,0xff,0xff,0xff,
};
inline constexpr Reference kRefs110[] = {
    {37, 41, Section::kWritable, Node::kCount, Binding::kCriticalSection, nullptr, 65535, 0, 4},
    {47, 51, Section::kReadOnly, Node::kCount, Binding::kNone, "EnterCriticalSection", 65535, 0, 4},
    {78, 82, Section::kReadOnly, Node::kCount, Binding::kNone, nullptr, 65535, 0, 4},
    {90, 94, Section::kCode, Node::kCount, Binding::kNone, nullptr, 1, 0, 4},
    {104, 108, Section::kCode, Node::kCount, Binding::kNone, nullptr, 1, 201, 4},
    {113, 117, Section::kCode, Node::kCount, Binding::kNone, nullptr, 1, 261, 4},
    {180, 184, Section::kReadOnly, Node::kCount, Binding::kNone, "RtlLookupElementGenericTable", 65535, 0, 4},
    {194, 198, Section::kCode, Node::kCount, Binding::kNone, nullptr, 1, 279, 4},
    {211, 215, Section::kCode, Node::kCount, Binding::kNone, nullptr, 1, 287, 4},
    {234, 238, Section::kCode, Node::kSyncedData, Binding::kNone, nullptr, 65535, 0, 4},
    {244, 248, Section::kCode, Node::kCount, Binding::kNone, nullptr, 1, 304, 4},
    {257, 261, Section::kCode, Node::kCount, Binding::kNone, nullptr, 1, 317, 4},
    {283, 287, Section::kCode, Node::kCount, Binding::kNone, nullptr, 1, 622, 4},
    {296, 300, Section::kCode, Node::kCount, Binding::kNone, nullptr, 1, 622, 4},
    {320, 324, Section::kCode, Node::kCount, Binding::kNone, nullptr, 1, 622, 4},
    {417, 421, Section::kReadOnly, Node::kCount, Binding::kNone, "RtlLookupElementGenericTable", 65535, 0, 4},
    {431, 435, Section::kCode, Node::kCount, Binding::kNone, nullptr, 1, 335, 4},
    {501, 505, Section::kReadOnly, Node::kCount, Binding::kNone, "RtlLookupElementGenericTable", 65535, 0, 4},
    {515, 519, Section::kCode, Node::kCount, Binding::kNone, nullptr, 1, 211, 4},
    {525, 529, Section::kCode, Node::kCount, Binding::kNone, nullptr, 1, 211, 4},
    {562, 566, Section::kCode, Node::kCount, Binding::kNone, nullptr, 1, 343, 4},
    {585, 589, Section::kCode, Node::kInsertRelative, Binding::kNone, nullptr, 65535, 0, 4},
    {595, 599, Section::kCode, Node::kCount, Binding::kNone, nullptr, 1, 356, 4},
    {613, 617, Section::kCode, Node::kCount, Binding::kNone, nullptr, 65535, 0, 4},
    {623, 627, Section::kCode, Node::kCount, Binding::kNone, nullptr, 1, 369, 4},
    {641, 645, Section::kCode, Node::kCount, Binding::kNone, nullptr, 65535, 0, 4},
    {661, 665, Section::kCode, Node::kCount, Binding::kNone, nullptr, 1, 385, 4},
    {686, 690, Section::kCode, Node::kCount, Binding::kNone, nullptr, 1, 431, 4},
    {693, 697, Section::kWritable, Node::kCount, Binding::kCriticalSection, nullptr, 65535, 0, 4},
    {715, 719, Section::kReadOnly, Node::kCount, Binding::kNone, "LeaveCriticalSection", 65535, 0, 4},
    {774, 778, Section::kCode, Node::kCount, Binding::kNone, nullptr, 65535, 0, 4},
    {864, 868, Section::kCode, Node::kCount, Binding::kNone, nullptr, 65535, 0, 4},
    {906, 910, Section::kCode, Node::kCount, Binding::kNone, nullptr, 65535, 0, 4},
    {918, 922, Section::kWritable, Node::kCount, Binding::kCriticalSection, nullptr, 65535, 0, 4},
    {956, 960, Section::kCode, Node::kCount, Binding::kNone, nullptr, 65535, 0, 4},
    {972, 976, Section::kCode, Node::kCount, Binding::kNone, nullptr, 1, 576, 4},
    {1014, 1018, Section::kCode, Node::kCount, Binding::kNone, nullptr, 65535, 0, 4},
    {1022, 1026, Section::kCode, Node::kCount, Binding::kNone, nullptr, 1, 592, 4},
};
inline constexpr unsigned char kBytes111[] = {
    0x48,0x8b,0x07,0x48,0x8b,0xcf,0x48,0x8b,0x40,0x10,0xff,0x15,0x00,0x00,0x00,0x00,0x48,0x85,0xc0,0x0f,0x84,0x00,0x00,0x00,
    0x00,0x48,0x8b,0x0d,0x00,0x00,0x00,0x00,0xba,0x00,0x03,0x00,0x00,0x48,0x8b,0x01,0x48,0x8b,0x40,0x10,0xff,0x15,0x00,0x00,
    0x00,0x00,0x48,0x85,0xc0,0x74,0x73,0x48,0x8b,0xc8,0xe8,0x00,0x00,0x00,0x00,0x48,0x8b,0xd8,0x48,0x85,0xc0,0x74,0x63,0x48,
    0x89,0x78,0x18,0x48,0x8b,0xd3,0x48,0x8b,0x07,0x48,0x8b,0xcf,0x48,0x8b,0x00,0xff,0x15,0x00,0x00,0x00,0x00,0x48,0x8b,0x07,
    0x48,0x8b,0xcf,0x48,0x8b,0x40,0x18,0xff,0x15,0x00,0x00,0x00,0x00,0x4c,0x8b,0xc3,0x48,0x8b,0xd7,0x49,0x8b,0xcd,0x48,0x89,
    0x43,0x28,0xe8,0x00,0x00,0x00,0x00,0x8b,0xf0,0x85,0xc0,0x0f,0x89,0x00,0x00,0x00,0x00,0x33,0xd2,0xc7,0x44,0x24,0x20,0x8f,
    0x08,0x00,0x00,0x44,0x8b,0xc8,0x45,0x33,0xc0,0x8d,0x4a,0x14,0xe8,0x00,0x00,0x00,0x00,0x48,0x8b,0x5d,0x6f,0xe9,0x00,0x00,
    0x00,0x00,0x33,0xd2,0xc7,0x44,0x24,0x20,0x8b,0x08,0x00,0x00,0xbe,0x0e,0x00,0x07,0x80,0x45,0x33,0xc0,0x44,0x8b,0xce,0x8d,
    0x4a,0x14,0xe8,0x00,0x00,0x00,0x00,0x8b,0xfe,0xc7,0x44,0x24,0x20,0x2b,0x0c,0x00,0x00,0xeb,0x0f,0xbe,0x0e,0x00,0x07,0x80,
    0xc7,0x44,0x24,0x20,0x49,0x0c,0x00,0x00,0x8b,0xfe,0x44,0x8b,0xce,0xeb,0x0b,0xc7,0x44,0x24,0x20,0x6a,0x0c,0x00,0x00,0x44,
    0x8b,0xc8,0x33,0xd2,0x45,0x33,0xc0,0x8d,0x4a,0x14,0xe8,0x00,0x00,0x00,0x00,0x90,0xe9,0x00,0x00,0x00,0x00,0xbf,0x06,0x00,
    0x07,0x80,0xc7,0x44,0x24,0x20,0x2d,0x0c,0x00,0x00,0x44,0x8b,0xcf,0xeb,0xdb,0x49,0x8b,0xde,0xe9,0x00,0x00,0x00,0x00,0xbe,
    0x0e,0x00,0x07,0x80,0xc7,0x44,0x24,0x20,0x30,0x0c,0x00,0x00,0x8b,0xfe,0xeb,0xb2,0xc7,0x44,0x24,0x20,0x36,0x0c,0x00,0x00,
    0x44,0x8b,0xc8,0xeb,0xb5,0xbf,0x06,0x00,0x07,0x80,0xc7,0x44,0x24,0x20,0x39,0x0c,0x00,0x00,0x44,0x8b,0xcf,0xeb,0xa3,0x4d,
    0x8b,0xfe,0xe9,0x00,0x00,0x00,0x00,0x4c,0x39,0x70,0x18,0x48,0x0f,0x45,0xf8,0xe9,0x00,0x00,0x00,0x00,0xc7,0x44,0x24,0x20,
    0x63,0x0c,0x00,0x00,0x44,0x8b,0xc8,0xeb,0x81,0xc7,0x44,0x24,0x20,0x64,0x0c,0x00,0x00,0x44,0x8b,0xc8,0xe9,0x71,0xff,0xff,
    0xff,0x4c,0x8b,0x82,0x80,0x01,0x00,0x00,0x49,0x8d,0x4f,0x20,0x48,0x8b,0xd0,0xc6,0x44,0x24,0x20,0x01,0x41,0xb1,0x01,0xe8,
    0x00,0x00,0x00,0x00,0x8b,0xf8,0x85,0xc0,0x0f,0x88,0x41,0xff,0xff,0xff,0x48,0x8b,0x55,0x6f,0xe9,0x00,0x00,0x00,0x00,0x48,
    0x8d,0x4d,0x7f,0x4c,0x89,0x75,0x7f,0xe8,0x00,0x00,0x00,0x00,0x48,0x8b,0x55,0x6f,0x4c,0x8d,0x4d,0x7f,0x45,0x33,0xc0,0x49,
    0x8b,0xcd,0x48,0x8b,0x52,0x78,0xe8,0x00,0x00,0x00,0x00,0x8b,0xf8,0x85,0xc0,0x79,0x27,0x33,0xd2,0xc7,0x44,0x24,0x20,0x71,
    0x0c,0x00,0x00,0x44,0x8b,0xc8,0x45,0x33,0xc0,0x8d,0x4a,0x14,0xe8,0x00,0x00,0x00,0x00,0x48,0x8d,0x4d,0x7f,0xe8,0x00,0x00,
    0x00,0x00,0x90,0xe9,0x00,0x00,0x00,0x00,0x4c,0x8d,0x2d,0x00,0x00,0x00,0x00,0x49,0x8b,0xcd,0x4c,0x89,0x6c,0x24,0x30,0x48,
    0xff,0x15,0x00,0x00,0x00,0x00,0x0f,0x1f,0x44,0x00,0x00,0x48,0x8b,0x4d,0x7f,0xe8,0x00,0x00,0x00,0x00,0x48,0x8d,0x4c,0x24,
    0x30,0xe8,0x00,0x00,0x00,0x00,0x48,0x8d,0x4d,0x7f,0xe8,0x00,0x00,0x00,0x00,0x48,0x8b,0x55,0x6f,0xe9,0x00,0x00,0x00,0x00,
    0xc7,0x44,0x24,0x20,0xb5,0x00,0x00,0x00,0x41,0xb9,0x16,0x02,0x07,0x80,0xeb,0x0b,0xc7,0x44,0x24,0x20,0xc0,0x00,0x00,0x00,
    0x44,0x8b,0xc8,0x33,0xd2,0x45,0x33,0xc0,0x8d,0x4a,0x14,0xe8,0x00,0x00,0x00,0x00,0x90,0xe9,0x00,0x00,0x00,0x00,0xb9,0x03,
    0x00,0x00,0x00,0xcd,0x29,
};
inline constexpr unsigned char kMask111[] = {
    0xff,0xff,0xff,0xff,0xff,0xff,0xff,0xff,0xff,0xff,0xff,0xff,0x00,0x00,0x00,0x00,0xff,0xff,0xff,0xff,0xff,0x00,0x00,0x00,
    0x00,0xff,0xff,0xff,0x00,0x00,0x00,0x00,0xff,0xff,0xff,0xff,0xff,0xff,0xff,0xff,0xff,0xff,0xff,0xff,0xff,0xff,0x00,0x00,
    0x00,0x00,0xff,0xff,0xff,0xff,0xff,0xff,0xff,0xff,0xff,0x00,0x00,0x00,0x00,0xff,0xff,0xff,0xff,0xff,0xff,0xff,0xff,0xff,
    0xff,0xff,0xff,0xff,0xff,0xff,0xff,0xff,0xff,0xff,0xff,0xff,0xff,0xff,0xff,0xff,0xff,0x00,0x00,0x00,0x00,0xff,0xff,0xff,
    0xff,0xff,0xff,0xff,0xff,0xff,0xff,0xff,0xff,0x00,0x00,0x00,0x00,0xff,0xff,0xff,0xff,0xff,0xff,0xff,0xff,0xff,0xff,0xff,
    0xff,0xff,0xff,0x00,0x00,0x00,0x00,0xff,0xff,0xff,0xff,0xff,0xff,0x00,0x00,0x00,0x00,0xff,0xff,0xff,0xff,0xff,0xff,0xff,
    0xff,0xff,0xff,0xff,0xff,0xff,0xff,0xff,0xff,0xff,0xff,0xff,0xff,0x00,0x00,0x00,0x00,0xff,0xff,0xff,0xff,0xff,0x00,0x00,
    0x00,0x00,0xff,0xff,0xff,0xff,0xff,0xff,0xff,0xff,0xff,0xff,0xff,0xff,0xff,0xff,0xff,0xff,0xff,0xff,0xff,0xff,0xff,0xff,
    0xff,0xff,0xff,0x00,0x00,0x00,0x00,0xff,0xff,0xff,0xff,0xff,0xff,0xff,0xff,0xff,0xff,0xff,0xff,0xff,0xff,0xff,0xff,0xff,
    0xff,0xff,0xff,0xff,0xff,0xff,0xff,0xff,0xff,0xff,0xff,0xff,0xff,0xff,0xff,0xff,0xff,0xff,0xff,0xff,0xff,0xff,0xff,0xff,
    0xff,0xff,0xff,0xff,0xff,0xff,0xff,0xff,0xff,0xff,0xff,0x00,0x00,0x00,0x00,0xff,0xff,0x00,0x00,0x00,0x00,0xff,0xff,0xff,
    0xff,0xff,0xff,0xff,0xff,0xff,0xff,0xff,0xff,0xff,0xff,0xff,0xff,0xff,0xff,0xff,0xff,0xff,0xff,0x00,0x00,0x00,0x00,0xff,
    0xff,0xff,0xff,0xff,0xff,0xff,0xff,0xff,0xff,0xff,0xff,0xff,0xff,0xff,0xff,0xff,0xff,0xff,0xff,0xff,0xff,0xff,0xff,0xff,
    0xff,0xff,0xff,0xff,0xff,0xff,0xff,0xff,0xff,0xff,0xff,0xff,0xff,0xff,0xff,0xff,0xff,0xff,0xff,0xff,0xff,0xff,0xff,0xff,
    0xff,0xff,0xff,0x00,0x00,0x00,0x00,0xff,0xff,0xff,0xff,0xff,0xff,0xff,0xff,0xff,0x00,0x00,0x00,0x00,0xff,0xff,0xff,0xff,
    0xff,0xff,0xff,0xff,0xff,0xff,0xff,0xff,0xff,0xff,0xff,0xff,0xff,0xff,0xff,0xff,0xff,0xff,0xff,0xff,0xff,0xff,0xff,0xff,
    0xff,0xff,0xff,0xff,0xff,0xff,0xff,0xff,0xff,0xff,0xff,0xff,0xff,0xff,0xff,0xff,0xff,0xff,0xff,0xff,0xff,0xff,0xff,0xff,
    0x00,0x00,0x00,0x00,0xff,0xff,0xff,0xff,0xff,0xff,0xff,0xff,0xff,0xff,0xff,0xff,0xff,0xff,0xff,0x00,0x00,0x00,0x00,0xff,
    0xff,0xff,0xff,0xff,0xff,0xff,0xff,0xff,0x00,0x00,0x00,0x00,0xff,0xff,0xff,0xff,0xff,0xff,0xff,0xff,0xff,0xff,0xff,0xff,
    0xff,0xff,0xff,0xff,0xff,0xff,0xff,0x00,0x00,0x00,0x00,0xff,0xff,0xff,0xff,0xff,0xff,0xff,0xff,0xff,0xff,0xff,0xff,0xff,
    0xff,0xff,0xff,0xff,0xff,0xff,0xff,0xff,0xff,0xff,0xff,0xff,0xff,0x00,0x00,0x00,0x00,0xff,0xff,0xff,0xff,0xff,0x00,0x00,
    0x00,0x00,0xff,0xff,0x00,0x00,0x00,0x00,0xff,0xff,0xff,0x00,0x00,0x00,0x00,0xff,0xff,0xff,0xff,0xff,0xff,0xff,0xff,0xff,
    0xff,0xff,0x00,0x00,0x00,0x00,0xff,0xff,0xff,0xff,0xff,0xff,0xff,0xff,0xff,0xff,0x00,0x00,0x00,0x00,0xff,0xff,0xff,0xff,
    0xff,0xff,0x00,0x00,0x00,0x00,0xff,0xff,0xff,0xff,0xff,0x00,0x00,0x00,0x00,0xff,0xff,0xff,0xff,0xff,0x00,0x00,0x00,0x00,
    0xff,0xff,0xff,0xff,0xff,0xff,0xff,0xff,0xff,0xff,0xff,0xff,0xff,0xff,0xff,0xff,0xff,0xff,0xff,0xff,0xff,0xff,0xff,0xff,
    0xff,0xff,0xff,0xff,0xff,0xff,0xff,0xff,0xff,0xff,0xff,0xff,0x00,0x00,0x00,0x00,0xff,0xff,0x00,0x00,0x00,0x00,0xff,0xff,
    0xff,0xff,0xff,0xff,0xff,
};
inline constexpr Reference kRefs111[] = {
    {12, 16, Section::kReadOnly, Node::kCount, Binding::kNone, nullptr, 65535, 0, 4},
    {21, 25, Section::kCode, Node::kCount, Binding::kNone, nullptr, 0, 94, 4},
    {28, 32, Section::kWritable, Node::kCount, Binding::kNone, nullptr, 65535, 0, 4},
    {46, 50, Section::kReadOnly, Node::kCount, Binding::kNone, nullptr, 65535, 0, 4},
    {59, 63, Section::kCode, Node::kCount, Binding::kNone, nullptr, 65535, 0, 4},
    {89, 93, Section::kReadOnly, Node::kCount, Binding::kNone, nullptr, 65535, 0, 4},
    {105, 109, Section::kReadOnly, Node::kCount, Binding::kNone, nullptr, 65535, 0, 4},
    {123, 127, Section::kCode, Node::kCount, Binding::kNone, nullptr, 65535, 0, 4},
    {133, 137, Section::kCode, Node::kCount, Binding::kNone, nullptr, 0, 94, 4},
    {157, 161, Section::kCode, Node::kCount, Binding::kNone, nullptr, 65535, 0, 4},
    {166, 170, Section::kCode, Node::kCount, Binding::kNone, nullptr, 0, 98, 4},
    {195, 199, Section::kCode, Node::kCount, Binding::kNone, nullptr, 65535, 0, 4},
    {251, 255, Section::kCode, Node::kCount, Binding::kNone, nullptr, 65535, 0, 4},
    {257, 261, Section::kCode, Node::kCount, Binding::kNone, nullptr, 0, 915, 4},
    {283, 287, Section::kCode, Node::kCount, Binding::kNone, nullptr, 0, 202, 4},
    {339, 343, Section::kCode, Node::kCount, Binding::kNone, nullptr, 0, 439, 4},
    {352, 356, Section::kCode, Node::kCount, Binding::kNone, nullptr, 0, 566, 4},
    {408, 412, Section::kCode, Node::kInsertRelative, Binding::kNone, nullptr, 65535, 0, 4},
    {427, 431, Section::kCode, Node::kCount, Binding::kNone, nullptr, 0, 665, 4},
    {440, 444, Section::kCode, Node::kCount, Binding::kNone, nullptr, 65535, 0, 4},
    {463, 467, Section::kCode, Node::kCount, Binding::kNone, nullptr, 65535, 0, 4},
    {493, 497, Section::kCode, Node::kCount, Binding::kNone, nullptr, 65535, 0, 4},
    {502, 506, Section::kCode, Node::kCount, Binding::kNone, nullptr, 65535, 0, 4},
    {508, 512, Section::kCode, Node::kCount, Binding::kNone, nullptr, 0, 915, 4},
    {515, 519, Section::kWritable, Node::kCount, Binding::kCriticalSection, nullptr, 65535, 0, 4},
    {530, 534, Section::kReadOnly, Node::kCount, Binding::kNone, "EnterCriticalSection", 65535, 0, 4},
    {544, 548, Section::kCode, Node::kCount, Binding::kNone, nullptr, 65535, 0, 4},
    {554, 558, Section::kCode, Node::kCount, Binding::kNone, nullptr, 65535, 0, 4},
    {563, 567, Section::kCode, Node::kCount, Binding::kNone, nullptr, 65535, 0, 4},
    {572, 576, Section::kCode, Node::kCount, Binding::kNone, nullptr, 0, 697, 4},
    {612, 616, Section::kCode, Node::kCount, Binding::kNone, nullptr, 65535, 0, 4},
    {618, 622, Section::kCode, Node::kCount, Binding::kNone, nullptr, 0, 709, 4},
};
inline constexpr Fragment kFragments11[] = {
    {kBytes111, kMask111, 629, kRefs111, 32},
};
// UpdateScene
inline constexpr unsigned char kBytes120[] = {
    0x40,0x53,0x55,0x56,0x57,0x41,0x54,0x48,0x83,0xec,0x60,0x48,0x8b,0x05,0x00,0x00,0x00,0x00,0x48,0x33,0xc4,0x48,0x89,0x44,
    0x24,0x50,0x48,0x8b,0xe9,0x45,0x33,0xe4,0x48,0x8d,0x0d,0x00,0x00,0x00,0x00,0x44,0x89,0x64,0x24,0x30,0x41,0x8b,0xf4,0x48,
    0xff,0x15,0x00,0x00,0x00,0x00,0x0f,0x1f,0x44,0x00,0x00,0x48,0x8b,0x1d,0x00,0x00,0x00,0x00,0x48,0xff,0x15,0x00,0x00,0x00,
    0x00,0x0f,0x1f,0x44,0x00,0x00,0x3b,0x83,0x90,0x02,0x00,0x00,0x74,0x00,0x48,0x8b,0x15,0x00,0x00,0x00,0x00,0x45,0x8b,0xc4,
    0x48,0x8b,0x82,0xf0,0x00,0x00,0x00,0x8b,0x48,0x28,0x85,0xc9,0x0f,0x85,0x00,0x00,0x00,0x00,
};
inline constexpr unsigned char kMask120[] = {
    0xff,0xff,0xff,0xff,0xff,0xff,0xff,0xff,0xff,0xff,0xff,0xff,0xff,0xff,0x00,0x00,0x00,0x00,0xff,0xff,0xff,0xff,0xff,0xff,
    0xff,0xff,0xff,0xff,0xff,0xff,0xff,0xff,0xff,0xff,0xff,0x00,0x00,0x00,0x00,0xff,0xff,0xff,0xff,0xff,0xff,0xff,0xff,0xff,
    0xff,0xff,0x00,0x00,0x00,0x00,0xff,0xff,0xff,0xff,0xff,0xff,0xff,0xff,0x00,0x00,0x00,0x00,0xff,0xff,0xff,0x00,0x00,0x00,
    0x00,0xff,0xff,0xff,0xff,0xff,0xff,0xff,0xff,0xff,0xff,0xff,0xff,0x00,0xff,0xff,0xff,0x00,0x00,0x00,0x00,0xff,0xff,0xff,
    0xff,0xff,0xff,0xff,0xff,0xff,0xff,0xff,0xff,0xff,0xff,0xff,0xff,0xff,0x00,0x00,0x00,0x00,
};
inline constexpr Reference kRefs120[] = {
    {14, 18, Section::kWritable, Node::kCount, Binding::kNone, nullptr, 65535, 0, 4},
    {35, 39, Section::kWritable, Node::kCount, Binding::kCriticalSection, nullptr, 65535, 0, 4},
    {50, 54, Section::kReadOnly, Node::kCount, Binding::kNone, "EnterCriticalSection", 65535, 0, 4},
    {62, 66, Section::kWritable, Node::kCount, Binding::kDesktopManager, nullptr, 65535, 0, 4},
    {69, 73, Section::kReadOnly, Node::kCount, Binding::kNone, "GetCurrentThreadId", 65535, 0, 4},
    {85, 86, Section::kCode, Node::kCount, Binding::kNone, nullptr, 1, 0, 1},
    {89, 93, Section::kWritable, Node::kCount, Binding::kDesktopManager, nullptr, 65535, 0, 4},
    {110, 114, Section::kCode, Node::kCount, Binding::kNone, nullptr, 9, 0, 4},
};
inline constexpr unsigned char kBytes121[] = {
    0x4c,0x89,0xac,0x24,0x98,0x00,0x00,0x00,0x48,0x8d,0x0d,0x00,0x00,0x00,0x00,
};
inline constexpr unsigned char kMask121[] = {
    0xff,0xff,0xff,0xff,0xff,0xff,0xff,0xff,0xff,0xff,0xff,0x00,0x00,0x00,0x00,
};
inline constexpr Reference kRefs121[] = {
    {11, 15, Section::kWritable, Node::kCount, Binding::kCriticalSection, nullptr, 65535, 0, 4},
};
inline constexpr unsigned char kBytes122[] = {
    0x4c,0x89,0xbc,0x24,0xa8,0x00,0x00,0x00,0x48,0xff,0x15,0x00,0x00,0x00,0x00,0x0f,0x1f,0x44,0x00,0x00,0x48,0x8b,0x1d,0x00,
    0x00,0x00,0x00,0x41,0x8b,0xfc,0x4c,0x89,0x64,0x24,0x38,0x4c,0x8b,0xab,0xf8,0x00,0x00,0x00,0x39,0xb3,0x08,0x03,0x00,0x00,
    0x0f,0x87,0x00,0x00,0x00,0x00,0x48,0x8d,0x54,0x24,0x38,0x48,0x8d,0x4d,0x08,0x48,0xff,0x15,0x00,0x00,0x00,0x00,0x0f,0x1f,
    0x44,0x00,0x00,0x48,0x8b,0xf8,0x48,0x85,0xc0,0x0f,0x84,0x00,0x00,0x00,0x00,0x48,0x8b,0x5c,0x24,0x38,
};
inline constexpr unsigned char kMask122[] = {
    0xff,0xff,0xff,0xff,0xff,0xff,0xff,0xff,0xff,0xff,0xff,0x00,0x00,0x00,0x00,0xff,0xff,0xff,0xff,0xff,0xff,0xff,0xff,0x00,
    0x00,0x00,0x00,0xff,0xff,0xff,0xff,0xff,0xff,0xff,0xff,0xff,0xff,0xff,0xff,0xff,0xff,0xff,0xff,0xff,0xff,0xff,0xff,0xff,
    0xff,0xff,0x00,0x00,0x00,0x00,0xff,0xff,0xff,0xff,0xff,0xff,0xff,0xff,0xff,0xff,0xff,0xff,0x00,0x00,0x00,0x00,0xff,0xff,
    0xff,0xff,0xff,0xff,0xff,0xff,0xff,0xff,0xff,0xff,0xff,0x00,0x00,0x00,0x00,0xff,0xff,0xff,0xff,0xff,
};
inline constexpr Reference kRefs122[] = {
    {11, 15, Section::kReadOnly, Node::kCount, Binding::kNone, "EnterCriticalSection", 65535, 0, 4},
    {23, 27, Section::kWritable, Node::kCount, Binding::kDesktopManager, nullptr, 65535, 0, 4},
    {50, 54, Section::kCode, Node::kCount, Binding::kNone, nullptr, 13, 0, 4},
    {66, 70, Section::kReadOnly, Node::kCount, Binding::kNone, "RtlEnumerateGenericTableWithoutSplaying", 65535, 0, 4},
    {83, 87, Section::kCode, Node::kCount, Binding::kNone, nullptr, 4, 0, 4},
};
inline constexpr unsigned char kBytes123[] = {
    0x4c,0x89,0xb4,0x24,0xa0,0x00,0x00,0x00,0x48,0x8b,0x57,0x18,0x48,0x85,0xd2,0x74,0x05,0xe8,0x00,0x00,0x00,0x00,0x48,0x8b,
    0x57,0x28,0x48,0x85,0xd2,0x0f,0x85,0x00,0x00,0x00,0x00,0x48,0x8b,0x7f,0x38,0x48,0x85,0xff,0x0f,0x84,0x83,0x00,0x00,0x00,
    0x48,0x8b,0x47,0x60,0x48,0x85,0xc0,0x74,0x7a,0x4c,0x39,0x60,0x10,0x0f,0x84,0x00,0x00,0x00,0x00,0x4c,0x39,0x60,0x30,0x0f,
    0x84,0x00,0x00,0x00,0x00,0x48,0x8b,0x58,0x18,0x83,0xce,0x01,0x48,0x85,0xdb,0x0f,0x84,0x00,0x00,0x00,0x00,0x48,0x8b,0x03,
    0x48,0x8b,0xcb,0x48,0x8b,0x40,0x08,0xff,0x15,0x00,0x00,0x00,0x00,0x41,0xb6,0x01,0x40,0xf6,0xc6,0x01,0x74,0x1b,0x83,0xe6,
    0xfe,0x48,0x8b,0xcb,0x48,0x85,0xdb,0x74,0x10,0x48,0x8b,0x01,0x49,0x8b,0xdc,0x48,0x8b,0x40,0x10,0xff,0x15,0x00,0x00,0x00,
    0x00,0x45,0x84,0xf6,0x74,0x1d,0x48,0x8b,0x47,0x60,0x48,0x8b,0x48,0x10,0x48,0x8b,0x01,0x48,0x8b,0x40,0x40,0xff,0x15,0x00,
    0x00,0x00,0x00,0x85,0xc0,0x0f,0x88,0x00,0x00,0x00,0x00,0x48,0x8d,0x54,0x24,0x38,0x48,0x8d,0x4d,0x08,0x48,0xff,0x15,0x00,
    0x00,0x00,0x00,0x0f,0x1f,0x44,0x00,0x00,0x48,0x8b,0xf8,0x48,0x85,0xc0,0x0f,0x85,0x34,0xff,0xff,0xff,0x4c,0x8b,0xb4,0x24,
    0xa0,0x00,0x00,0x00,
};
inline constexpr unsigned char kMask123[] = {
    0xff,0xff,0xff,0xff,0xff,0xff,0xff,0xff,0xff,0xff,0xff,0xff,0xff,0xff,0xff,0xff,0xff,0xff,0x00,0x00,0x00,0x00,0xff,0xff,
    0xff,0xff,0xff,0xff,0xff,0xff,0xff,0x00,0x00,0x00,0x00,0xff,0xff,0xff,0xff,0xff,0xff,0xff,0xff,0xff,0xff,0xff,0xff,0xff,
    0xff,0xff,0xff,0xff,0xff,0xff,0xff,0xff,0xff,0xff,0xff,0xff,0xff,0xff,0xff,0x00,0x00,0x00,0x00,0xff,0xff,0xff,0xff,0xff,
    0xff,0x00,0x00,0x00,0x00,0xff,0xff,0xff,0xff,0xff,0xff,0xff,0xff,0xff,0xff,0xff,0xff,0x00,0x00,0x00,0x00,0xff,0xff,0xff,
    0xff,0xff,0xff,0xff,0xff,0xff,0xff,0xff,0xff,0x00,0x00,0x00,0x00,0xff,0xff,0xff,0xff,0xff,0xff,0xff,0xff,0xff,0xff,0xff,
    0xff,0xff,0xff,0xff,0xff,0xff,0xff,0xff,0xff,0xff,0xff,0xff,0xff,0xff,0xff,0xff,0xff,0xff,0xff,0xff,0xff,0x00,0x00,0x00,
    0x00,0xff,0xff,0xff,0xff,0xff,0xff,0xff,0xff,0xff,0xff,0xff,0xff,0xff,0xff,0xff,0xff,0xff,0xff,0xff,0xff,0xff,0xff,0x00,
    0x00,0x00,0x00,0xff,0xff,0xff,0xff,0x00,0x00,0x00,0x00,0xff,0xff,0xff,0xff,0xff,0xff,0xff,0xff,0xff,0xff,0xff,0xff,0x00,
    0x00,0x00,0x00,0xff,0xff,0xff,0xff,0xff,0xff,0xff,0xff,0xff,0xff,0xff,0xff,0xff,0xff,0xff,0xff,0xff,0xff,0xff,0xff,0xff,
    0xff,0xff,0xff,0xff,
};
inline constexpr Reference kRefs123[] = {
    {18, 22, Section::kCode, Node::kCount, Binding::kNone, nullptr, 65535, 0, 4},
    {31, 35, Section::kCode, Node::kCount, Binding::kNone, nullptr, 7, 0, 4},
    {63, 67, Section::kCode, Node::kCount, Binding::kNone, nullptr, 14, 0, 4},
    {73, 77, Section::kCode, Node::kCount, Binding::kNone, nullptr, 14, 0, 4},
    {89, 93, Section::kCode, Node::kCount, Binding::kNone, nullptr, 14, 0, 4},
    {105, 109, Section::kReadOnly, Node::kCount, Binding::kNone, nullptr, 65535, 0, 4},
    {141, 145, Section::kReadOnly, Node::kCount, Binding::kNone, nullptr, 65535, 0, 4},
    {167, 171, Section::kReadOnly, Node::kCount, Binding::kNone, nullptr, 65535, 0, 4},
    {175, 179, Section::kCode, Node::kCount, Binding::kNone, nullptr, 14, 8, 4},
    {191, 195, Section::kReadOnly, Node::kCount, Binding::kNone, "RtlEnumerateGenericTableWithoutSplaying", 65535, 0, 4},
};
inline constexpr unsigned char kBytes124[] = {
    0x48,0x8b,0x95,0xf0,0x01,0x00,0x00,0x4c,0x8b,0xbc,0x24,0xa8,0x00,0x00,0x00,0x48,0x85,0xd2,0x0f,0x85,0x00,0x00,0x00,0x00,
};
inline constexpr unsigned char kMask124[] = {
    0xff,0xff,0xff,0xff,0xff,0xff,0xff,0xff,0xff,0xff,0xff,0xff,0xff,0xff,0xff,0xff,0xff,0xff,0xff,0xff,0x00,0x00,0x00,0x00,
};
inline constexpr Reference kRefs124[] = {
    {20, 24, Section::kCode, Node::kCount, Binding::kNone, nullptr, 15, 0, 4},
};
inline constexpr unsigned char kBytes125[] = {
    0x48,0x8b,0x95,0xf8,0x01,0x00,0x00,0x48,0x85,0xd2,0x0f,0x85,0x00,0x00,0x00,0x00,0x48,0x8b,0x85,0x08,0x02,0x00,0x00,0x48,
    0x85,0xc0,0x74,0x0d,0x48,0x8b,0x50,0x30,0x48,0x85,0xd2,0x0f,0x85,0x00,0x00,0x00,0x00,0x4d,0x85,0xed,0x74,0x0a,0x4d,0x39,
    0x65,0x08,0x0f,0x85,0x00,0x00,0x00,0x00,0x48,0x8b,0x05,0x00,0x00,0x00,0x00,0x48,0x8b,0x88,0x08,0x02,0x00,0x00,0x48,0x8b,
    0x01,0x48,0x8b,0x40,0x58,0xff,0x15,0x00,0x00,0x00,0x00,0xf6,0x05,0x00,0x00,0x00,0x00,0x01,0x4c,0x8b,0xac,0x24,0x98,0x00,
    0x00,0x00,0x0f,0x85,0x00,0x00,0x00,0x00,
};
inline constexpr unsigned char kMask125[] = {
    0xff,0xff,0xff,0xff,0xff,0xff,0xff,0xff,0xff,0xff,0xff,0xff,0x00,0x00,0x00,0x00,0xff,0xff,0xff,0xff,0xff,0xff,0xff,0xff,
    0xff,0xff,0xff,0xff,0xff,0xff,0xff,0xff,0xff,0xff,0xff,0xff,0xff,0x00,0x00,0x00,0x00,0xff,0xff,0xff,0xff,0xff,0xff,0xff,
    0xff,0xff,0xff,0xff,0x00,0x00,0x00,0x00,0xff,0xff,0xff,0x00,0x00,0x00,0x00,0xff,0xff,0xff,0xff,0xff,0xff,0xff,0xff,0xff,
    0xff,0xff,0xff,0xff,0xff,0xff,0xff,0x00,0x00,0x00,0x00,0xff,0xff,0x00,0x00,0x00,0x00,0xff,0xff,0xff,0xff,0xff,0xff,0xff,
    0xff,0xff,0xff,0xff,0x00,0x00,0x00,0x00,
};
inline constexpr Reference kRefs125[] = {
    {12, 16, Section::kCode, Node::kCount, Binding::kNone, nullptr, 15, 21, 4},
    {37, 41, Section::kCode, Node::kCount, Binding::kNone, nullptr, 10, 0, 4},
    {52, 56, Section::kCode, Node::kCount, Binding::kNone, nullptr, 8, 0, 4},
    {59, 63, Section::kWritable, Node::kCount, Binding::kDesktopManager, nullptr, 65535, 0, 4},
    {79, 83, Section::kReadOnly, Node::kCount, Binding::kNone, nullptr, 65535, 0, 4},
    {85, 90, Section::kWritable, Node::kCount, Binding::kNone, nullptr, 65535, 0, 4},
    {100, 104, Section::kCode, Node::kCount, Binding::kNone, nullptr, 16, 0, 4},
};
inline constexpr unsigned char kBytes126[] = {
    0x48,0x8b,0x95,0x48,0x02,0x00,0x00,0x48,0x8d,0x42,0xff,0x48,0x83,0xf8,0xfd,0x76,0x07,0x48,0x8b,0x95,0x38,0x02,0x00,0x00,
    0x48,0x8b,0x05,0x00,0x00,0x00,0x00,0x48,0x8b,0x48,0x28,0x48,0x8b,0x49,0x10,0x48,0x8b,0x01,0x48,0x8b,0x40,0x20,0xff,0x15,
    0x00,0x00,0x00,0x00,0x85,0xc0,0x0f,0x88,0x00,0x00,0x00,0x00,0x48,0x8b,0x8d,0x38,0x02,0x00,0x00,0x44,0x88,0xa5,0x5a,0x02,
    0x00,0x00,0x48,0x85,0xc9,0x0f,0x85,0x00,0x00,0x00,0x00,0x48,0x8b,0xbd,0x48,0x02,0x00,0x00,0x48,0x8d,0x47,0xff,0x48,0x83,
    0xf8,0xfd,0x0f,0x86,0x00,0x00,0x00,0x00,0x4c,0x89,0xa5,0x48,0x02,0x00,0x00,0xe8,0x00,0x00,0x00,0x00,0x85,0xc0,0x78,0x28,
    0x48,0x8b,0x05,0x00,0x00,0x00,0x00,0x48,0x8b,0x88,0xd8,0x00,0x00,0x00,0x48,0x85,0xc9,0x74,0x15,0x48,0x8b,0x01,0x48,0x8b,
    0x40,0x18,0xff,0x15,0x00,0x00,0x00,0x00,0x85,0xc0,0x0f,0x88,0x00,0x00,0x00,0x00,0x48,0x8d,0x0d,0x00,0x00,0x00,0x00,0x48,
    0xff,0x15,0x00,0x00,0x00,0x00,0x0f,0x1f,0x44,0x00,0x00,0x48,0x8d,0x0d,0x00,0x00,0x00,0x00,0x48,0xff,0x15,0x00,0x00,0x00,
    0x00,0x0f,0x1f,0x44,0x00,0x00,0x33,0xc0,0x48,0x8b,0x4c,0x24,0x50,0x48,0x33,0xcc,0xe8,0x00,0x00,0x00,0x00,0x48,0x83,0xc4,
    0x60,0x41,0x5c,0x5f,0x5e,0x5d,0x5b,0xc3,
};
inline constexpr unsigned char kMask126[] = {
    0xff,0xff,0xff,0xff,0xff,0xff,0xff,0xff,0xff,0xff,0xff,0xff,0xff,0xff,0xff,0xff,0xff,0xff,0xff,0xff,0xff,0xff,0xff,0xff,
    0xff,0xff,0xff,0x00,0x00,0x00,0x00,0xff,0xff,0xff,0xff,0xff,0xff,0xff,0xff,0xff,0xff,0xff,0xff,0xff,0xff,0xff,0xff,0xff,
    0x00,0x00,0x00,0x00,0xff,0xff,0xff,0xff,0x00,0x00,0x00,0x00,0xff,0xff,0xff,0xff,0xff,0xff,0xff,0xff,0xff,0xff,0xff,0xff,
    0xff,0xff,0xff,0xff,0xff,0xff,0xff,0x00,0x00,0x00,0x00,0xff,0xff,0xff,0xff,0xff,0xff,0xff,0xff,0xff,0xff,0xff,0xff,0xff,
    0xff,0xff,0xff,0xff,0x00,0x00,0x00,0x00,0xff,0xff,0xff,0xff,0xff,0xff,0xff,0xff,0x00,0x00,0x00,0x00,0xff,0xff,0xff,0xff,
    0xff,0xff,0xff,0x00,0x00,0x00,0x00,0xff,0xff,0xff,0xff,0xff,0xff,0xff,0xff,0xff,0xff,0xff,0xff,0xff,0xff,0xff,0xff,0xff,
    0xff,0xff,0xff,0xff,0x00,0x00,0x00,0x00,0xff,0xff,0xff,0xff,0x00,0x00,0x00,0x00,0xff,0xff,0xff,0x00,0x00,0x00,0x00,0xff,
    0xff,0xff,0x00,0x00,0x00,0x00,0xff,0xff,0xff,0xff,0xff,0xff,0xff,0xff,0x00,0x00,0x00,0x00,0xff,0xff,0xff,0x00,0x00,0x00,
    0x00,0xff,0xff,0xff,0xff,0xff,0xff,0xff,0xff,0xff,0xff,0xff,0xff,0xff,0xff,0xff,0xff,0x00,0x00,0x00,0x00,0xff,0xff,0xff,
    0xff,0xff,0xff,0xff,0xff,0xff,0xff,0xff,
};
inline constexpr Reference kRefs126[] = {
    {27, 31, Section::kWritable, Node::kCount, Binding::kDesktopManager, nullptr, 65535, 0, 4},
    {48, 52, Section::kReadOnly, Node::kCount, Binding::kNone, nullptr, 65535, 0, 4},
    {56, 60, Section::kCode, Node::kCount, Binding::kNone, nullptr, 16, 41, 4},
    {79, 83, Section::kCode, Node::kCount, Binding::kNone, nullptr, 16, 75, 4},
    {100, 104, Section::kCode, Node::kCount, Binding::kNone, nullptr, 16, 144, 4},
    {112, 116, Section::kCode, Node::kCount, Binding::kNone, nullptr, 65535, 0, 4},
    {123, 127, Section::kWritable, Node::kCount, Binding::kDesktopManager, nullptr, 65535, 0, 4},
    {148, 152, Section::kReadOnly, Node::kCount, Binding::kNone, nullptr, 65535, 0, 4},
    {156, 160, Section::kCode, Node::kCount, Binding::kNone, nullptr, 16, 193, 4},
    {163, 167, Section::kWritable, Node::kCount, Binding::kCriticalSection, nullptr, 65535, 0, 4},
    {170, 174, Section::kReadOnly, Node::kCount, Binding::kNone, "LeaveCriticalSection", 65535, 0, 4},
    {182, 186, Section::kWritable, Node::kCount, Binding::kCriticalSection, nullptr, 65535, 0, 4},
    {189, 193, Section::kReadOnly, Node::kCount, Binding::kNone, "LeaveCriticalSection", 65535, 0, 4},
    {209, 213, Section::kCode, Node::kCount, Binding::kNone, nullptr, 65535, 0, 4},
};
inline constexpr unsigned char kBytes127[] = {
    0xe8,0x00,0x00,0x00,0x00,0xe9,0x00,0x00,0x00,0x00,
};
inline constexpr unsigned char kMask127[] = {
    0xff,0x00,0x00,0x00,0x00,0xff,0x00,0x00,0x00,0x00,
};
inline constexpr Reference kRefs127[] = {
    {1, 5, Section::kCode, Node::kCount, Binding::kNone, nullptr, 65535, 0, 4},
    {6, 10, Section::kCode, Node::kCount, Binding::kNone, nullptr, 3, 35, 4},
};
inline constexpr unsigned char kBytes128[] = {
    0x48,0x8b,0xcd,0xe8,0x00,0x00,0x00,0x00,0x49,0x8b,0x55,0x08,0xe8,0x00,0x00,0x00,0x00,0xe9,0x00,0x00,0x00,0x00,
};
inline constexpr unsigned char kMask128[] = {
    0xff,0xff,0xff,0xff,0x00,0x00,0x00,0x00,0xff,0xff,0xff,0xff,0xff,0x00,0x00,0x00,0x00,0xff,0x00,0x00,0x00,0x00,
};
inline constexpr Reference kRefs128[] = {
    {4, 8, Section::kCode, Node::kCount, Binding::kNone, nullptr, 65535, 0, 4},
    {13, 17, Section::kCode, Node::kCount, Binding::kNone, nullptr, 65535, 0, 4},
    {18, 22, Section::kCode, Node::kCount, Binding::kNone, nullptr, 5, 56, 4},
};
inline constexpr unsigned char kBytes129[] = {
    0x4c,0x8b,0x48,0x10,0x4c,0x8b,0xd1,0x49,0x8b,0x01,0x41,0x8d,0x48,0x01,0x4d,0x8d,0x49,0x08,0x83,0x78,0x18,0x04,0x41,0x0f,
    0x44,0xc8,0x44,0x8b,0xc1,0x49,0x83,0xea,0x01,0x75,0xe4,0x85,0xc9,0x0f,0x8e,0x00,0x00,0x00,0x00,0x48,0x8b,0x82,0xd0,0x00,
    0x00,0x00,0x48,0x85,0xc0,0x74,0x0b,0xf0,0xff,0x40,0x74,0x48,0x8b,0x15,0x00,0x00,0x00,0x00,0x48,0x8b,0x9a,0xd0,0x00,0x00,
    0x00,0x48,0x85,0xdb,0x0f,0x84,0x00,0x00,0x00,0x00,0x48,0x8d,0x0d,0x00,0x00,0x00,0x00,0x48,0xff,0x15,0x00,0x00,0x00,0x00,
    0x0f,0x1f,0x44,0x00,0x00,0x39,0x73,0x40,0x74,0x00,0x40,0x38,0x73,0x78,0x74,0x00,0x40,0x32,0xff,0x48,0x8d,0x0d,0x00,0x00,
    0x00,0x00,0x48,0xff,0x15,0x00,0x00,0x00,0x00,0x0f,0x1f,0x44,0x00,0x00,0xb8,0xff,0xff,0xff,0xff,0xf0,0x0f,0xc1,0x43,0x74,
    0x83,0xf8,0x01,0x0f,0x84,0x00,0x00,0x00,0x00,0x40,0x84,0xff,0x0f,0x84,0x00,0x00,0x00,0x00,0xe9,0x00,0x00,0x00,0x00,
};
inline constexpr unsigned char kMask129[] = {
    0xff,0xff,0xff,0xff,0xff,0xff,0xff,0xff,0xff,0xff,0xff,0xff,0xff,0xff,0xff,0xff,0xff,0xff,0xff,0xff,0xff,0xff,0xff,0xff,
    0xff,0xff,0xff,0xff,0xff,0xff,0xff,0xff,0xff,0xff,0xff,0xff,0xff,0xff,0xff,0x00,0x00,0x00,0x00,0xff,0xff,0xff,0xff,0xff,
    0xff,0xff,0xff,0xff,0xff,0xff,0xff,0xff,0xff,0xff,0xff,0xff,0xff,0xff,0x00,0x00,0x00,0x00,0xff,0xff,0xff,0xff,0xff,0xff,
    0xff,0xff,0xff,0xff,0xff,0xff,0x00,0x00,0x00,0x00,0xff,0xff,0xff,0x00,0x00,0x00,0x00,0xff,0xff,0xff,0x00,0x00,0x00,0x00,
    0xff,0xff,0xff,0xff,0xff,0xff,0xff,0xff,0xff,0x00,0xff,0xff,0xff,0xff,0xff,0x00,0xff,0xff,0xff,0xff,0xff,0xff,0x00,0x00,
    0x00,0x00,0xff,0xff,0xff,0x00,0x00,0x00,0x00,0xff,0xff,0xff,0xff,0xff,0xff,0xff,0xff,0xff,0xff,0xff,0xff,0xff,0xff,0xff,
    0xff,0xff,0xff,0xff,0xff,0x00,0x00,0x00,0x00,0xff,0xff,0xff,0xff,0xff,0x00,0x00,0x00,0x00,0xff,0x00,0x00,0x00,0x00,
};
inline constexpr Reference kRefs129[] = {
    {39, 43, Section::kCode, Node::kCount, Binding::kNone, nullptr, 1, 0, 4},
    {62, 66, Section::kWritable, Node::kCount, Binding::kDesktopManager, nullptr, 65535, 0, 4},
    {78, 82, Section::kCode, Node::kCount, Binding::kNone, nullptr, 1, 0, 4},
    {85, 89, Section::kWritable, Node::kCount, Binding::kCriticalSection, nullptr, 65535, 0, 4},
    {92, 96, Section::kReadOnly, Node::kCount, Binding::kNone, "EnterCriticalSection", 65535, 0, 4},
    {105, 106, Section::kCode, Node::kCount, Binding::kNone, nullptr, 11, 0, 1},
    {111, 112, Section::kCode, Node::kCount, Binding::kNone, nullptr, 11, 0, 1},
    {118, 122, Section::kWritable, Node::kCount, Binding::kCriticalSection, nullptr, 65535, 0, 4},
    {125, 129, Section::kReadOnly, Node::kCount, Binding::kNone, "LeaveCriticalSection", 65535, 0, 4},
    {149, 153, Section::kCode, Node::kCount, Binding::kNone, nullptr, 12, 0, 4},
    {158, 162, Section::kCode, Node::kCount, Binding::kNone, nullptr, 1, 0, 4},
    {163, 167, Section::kCode, Node::kCount, Binding::kNone, nullptr, 6, 179, 4},
};
inline constexpr unsigned char kBytes1210[] = {
    0xe8,0x00,0x00,0x00,0x00,0xe9,0x00,0x00,0x00,0x00,
};
inline constexpr unsigned char kMask1210[] = {
    0xff,0x00,0x00,0x00,0x00,0xff,0x00,0x00,0x00,0x00,
};
inline constexpr Reference kRefs1210[] = {
    {1, 5, Section::kCode, Node::kCount, Binding::kNone, nullptr, 65535, 0, 4},
    {6, 10, Section::kCode, Node::kCount, Binding::kNone, nullptr, 5, 41, 4},
};
inline constexpr unsigned char kBytes1211[] = {
    0x40,0xb7,0x01,0xeb,0x00,
};
inline constexpr unsigned char kMask1211[] = {
    0xff,0xff,0xff,0xff,0x00,
};
inline constexpr Reference kRefs1211[] = {
    {4, 5, Section::kCode, Node::kCount, Binding::kNone, nullptr, 9, 115, 1},
};
inline constexpr unsigned char kBytes1212[] = {
    0x48,0x8d,0x05,0x00,0x00,0x00,0x00,0x48,0x8d,0x4b,0x48,0x48,0x89,0x03,0xe8,0x00,0x00,0x00,0x00,0x48,0x8d,0x4b,0x28,0xe8,
    0x00,0x00,0x00,0x00,0x48,0x8b,0x0d,0x00,0x00,0x00,0x00,0x48,0x8b,0xd3,0x48,0x8b,0x01,0x48,0x8b,0x40,0x20,0xff,0x15,0x00,
    0x00,0x00,0x00,0x90,0xe9,0x00,0x00,0x00,0x00,
};
inline constexpr unsigned char kMask1212[] = {
    0xff,0xff,0xff,0x00,0x00,0x00,0x00,0xff,0xff,0xff,0xff,0xff,0xff,0xff,0xff,0x00,0x00,0x00,0x00,0xff,0xff,0xff,0xff,0xff,
    0x00,0x00,0x00,0x00,0xff,0xff,0xff,0x00,0x00,0x00,0x00,0xff,0xff,0xff,0xff,0xff,0xff,0xff,0xff,0xff,0xff,0xff,0xff,0x00,
    0x00,0x00,0x00,0xff,0xff,0x00,0x00,0x00,0x00,
};
inline constexpr Reference kRefs1212[] = {
    {3, 7, Section::kReadOnly, Node::kCount, Binding::kNone, nullptr, 65535, 0, 4},
    {15, 19, Section::kCode, Node::kCount, Binding::kNone, nullptr, 65535, 0, 4},
    {24, 28, Section::kCode, Node::kCount, Binding::kNone, nullptr, 65535, 0, 4},
    {31, 35, Section::kWritable, Node::kCount, Binding::kNone, nullptr, 65535, 0, 4},
    {47, 51, Section::kReadOnly, Node::kCount, Binding::kNone, nullptr, 65535, 0, 4},
    {53, 57, Section::kCode, Node::kCount, Binding::kNone, nullptr, 9, 153, 4},
};
inline constexpr unsigned char kBytes1213[] = {
    0x48,0x8b,0x93,0xf0,0x02,0x00,0x00,0x8b,0xc7,0x48,0x8b,0x14,0xc2,0xe8,0x00,0x00,0x00,0x00,0xff,0xc7,0x3b,0xbb,0x08,0x03,
    0x00,0x00,0x72,0xe4,0xe9,0x00,0x00,0x00,0x00,
};
inline constexpr unsigned char kMask1213[] = {
    0xff,0xff,0xff,0xff,0xff,0xff,0xff,0xff,0xff,0xff,0xff,0xff,0xff,0xff,0x00,0x00,0x00,0x00,0xff,0xff,0xff,0xff,0xff,0xff,
    0xff,0xff,0xff,0xff,0xff,0x00,0x00,0x00,0x00,
};
inline constexpr Reference kRefs1213[] = {
    {14, 18, Section::kCode, Node::kCount, Binding::kNone, nullptr, 65535, 0, 4},
    {29, 33, Section::kCode, Node::kCount, Binding::kNone, nullptr, 2, 54, 4},
};
inline constexpr unsigned char kBytes1214[] = {
    0x45,0x32,0xf6,0xe9,0x00,0x00,0x00,0x00,0x48,0x8b,0x8c,0x24,0x88,0x00,0x00,0x00,0x4c,0x8d,0x05,0x00,0x00,0x00,0x00,0x44,
    0x8b,0xc8,0xba,0x90,0x01,0x00,0x00,0xe8,0x00,0x00,0x00,0x00,0x90,0xe9,0x00,0x00,0x00,0x00,
};
inline constexpr unsigned char kMask1214[] = {
    0xff,0xff,0xff,0xff,0x00,0x00,0x00,0x00,0xff,0xff,0xff,0xff,0xff,0xff,0xff,0xff,0xff,0xff,0xff,0x00,0x00,0x00,0x00,0xff,
    0xff,0xff,0xff,0xff,0xff,0xff,0xff,0xff,0x00,0x00,0x00,0x00,0xff,0xff,0x00,0x00,0x00,0x00,
};
inline constexpr Reference kRefs1214[] = {
    {4, 8, Section::kCode, Node::kCount, Binding::kNone, nullptr, 3, 112, 4},
    {19, 23, Section::kReadOnly, Node::kCount, Binding::kNone, nullptr, 65535, 0, 4},
    {32, 36, Section::kCode, Node::kCount, Binding::kNone, nullptr, 65535, 0, 4},
    {38, 42, Section::kCode, Node::kCount, Binding::kNone, nullptr, 3, 179, 4},
};
inline constexpr unsigned char kBytes1215[] = {
    0x4c,0x39,0x62,0x18,0x0f,0x84,0x00,0x00,0x00,0x00,0xe8,0x00,0x00,0x00,0x00,0x90,0xe9,0x00,0x00,0x00,0x00,0x4c,0x39,0x62,
    0x18,0x0f,0x84,0x00,0x00,0x00,0x00,0xe8,0x00,0x00,0x00,0x00,0x90,0xe9,0x00,0x00,0x00,0x00,
};
inline constexpr unsigned char kMask1215[] = {
    0xff,0xff,0xff,0xff,0xff,0xff,0x00,0x00,0x00,0x00,0xff,0x00,0x00,0x00,0x00,0xff,0xff,0x00,0x00,0x00,0x00,0xff,0xff,0xff,
    0xff,0xff,0xff,0x00,0x00,0x00,0x00,0xff,0x00,0x00,0x00,0x00,0xff,0xff,0x00,0x00,0x00,0x00,
};
inline constexpr Reference kRefs1215[] = {
    {6, 10, Section::kCode, Node::kCount, Binding::kNone, nullptr, 5, 0, 4},
    {11, 15, Section::kCode, Node::kCount, Binding::kNone, nullptr, 65535, 0, 4},
    {17, 21, Section::kCode, Node::kCount, Binding::kNone, nullptr, 5, 0, 4},
    {27, 31, Section::kCode, Node::kCount, Binding::kNone, nullptr, 5, 16, 4},
    {32, 36, Section::kCode, Node::kCount, Binding::kNone, nullptr, 65535, 0, 4},
    {38, 42, Section::kCode, Node::kCount, Binding::kNone, nullptr, 5, 16, 4},
};
inline constexpr unsigned char kBytes1216[] = {
    0x48,0x8d,0x44,0x24,0x40,0x41,0xb9,0x01,0x00,0x00,0x00,0x48,0x8d,0x15,0x00,0x00,0x00,0x00,0x48,0x89,0x44,0x24,0x20,0x48,
    0x8d,0x0d,0x00,0x00,0x00,0x00,0xe8,0x00,0x00,0x00,0x00,0x90,0xe9,0x00,0x00,0x00,0x00,0x48,0x8b,0x8c,0x24,0x88,0x00,0x00,
    0x00,0x4c,0x8d,0x05,0x00,0x00,0x00,0x00,0x44,0x8b,0xc8,0xba,0x7c,0x17,0x00,0x00,0xe8,0x00,0x00,0x00,0x00,0x90,0xe9,0x00,
    0x00,0x00,0x00,0x48,0xff,0x15,0x00,0x00,0x00,0x00,0x0f,0x1f,0x44,0x00,0x00,0x48,0x8b,0x8d,0x40,0x02,0x00,0x00,0x48,0xff,
    0x15,0x00,0x00,0x00,0x00,0x0f,0x1f,0x44,0x00,0x00,0x48,0x8b,0x8d,0x38,0x02,0x00,0x00,0x4c,0x89,0xa5,0x40,0x02,0x00,0x00,
    0x48,0xff,0x15,0x00,0x00,0x00,0x00,0x0f,0x1f,0x44,0x00,0x00,0x4c,0x89,0xa5,0x38,0x02,0x00,0x00,0xe9,0x00,0x00,0x00,0x00,
    0x48,0xff,0x15,0x00,0x00,0x00,0x00,0x0f,0x1f,0x44,0x00,0x00,0x48,0x8b,0xcf,0x8b,0xd8,0x48,0xff,0x15,0x00,0x00,0x00,0x00,
    0x0f,0x1f,0x44,0x00,0x00,0x8b,0xcb,0x48,0xff,0x15,0x00,0x00,0x00,0x00,0x0f,0x1f,0x44,0x00,0x00,0x90,0xe9,0x00,0x00,0x00,
    0x00,0x48,0x8b,0x8c,0x24,0x88,0x00,0x00,0x00,0x4c,0x8d,0x05,0x00,0x00,0x00,0x00,0x44,0x8b,0xc8,0xba,0x86,0x17,0x00,0x00,
    0xe8,0x00,0x00,0x00,0x00,0x90,0xe9,0x00,0x00,0x00,0x00,
};
inline constexpr unsigned char kMask1216[] = {
    0xff,0xff,0xff,0xff,0xff,0xff,0xff,0xff,0xff,0xff,0xff,0xff,0xff,0xff,0x00,0x00,0x00,0x00,0xff,0xff,0xff,0xff,0xff,0xff,
    0xff,0xff,0x00,0x00,0x00,0x00,0xff,0x00,0x00,0x00,0x00,0xff,0xff,0x00,0x00,0x00,0x00,0xff,0xff,0xff,0xff,0xff,0xff,0xff,
    0xff,0xff,0xff,0xff,0x00,0x00,0x00,0x00,0xff,0xff,0xff,0xff,0xff,0xff,0xff,0xff,0xff,0x00,0x00,0x00,0x00,0xff,0xff,0x00,
    0x00,0x00,0x00,0xff,0xff,0xff,0x00,0x00,0x00,0x00,0xff,0xff,0xff,0xff,0xff,0xff,0xff,0xff,0xff,0xff,0xff,0xff,0xff,0xff,
    0xff,0x00,0x00,0x00,0x00,0xff,0xff,0xff,0xff,0xff,0xff,0xff,0xff,0xff,0xff,0xff,0xff,0xff,0xff,0xff,0xff,0xff,0xff,0xff,
    0xff,0xff,0xff,0x00,0x00,0x00,0x00,0xff,0xff,0xff,0xff,0xff,0xff,0xff,0xff,0xff,0xff,0xff,0xff,0xff,0x00,0x00,0x00,0x00,
    0xff,0xff,0xff,0x00,0x00,0x00,0x00,0xff,0xff,0xff,0xff,0xff,0xff,0xff,0xff,0xff,0xff,0xff,0xff,0xff,0x00,0x00,0x00,0x00,
    0xff,0xff,0xff,0xff,0xff,0xff,0xff,0xff,0xff,0xff,0x00,0x00,0x00,0x00,0xff,0xff,0xff,0xff,0xff,0xff,0xff,0x00,0x00,0x00,
    0x00,0xff,0xff,0xff,0xff,0xff,0xff,0xff,0xff,0xff,0xff,0xff,0x00,0x00,0x00,0x00,0xff,0xff,0xff,0xff,0xff,0xff,0xff,0xff,
    0xff,0x00,0x00,0x00,0x00,0xff,0xff,0x00,0x00,0x00,0x00,
};
inline constexpr Reference kRefs1216[] = {
    {14, 18, Section::kReadOnly, Node::kCount, Binding::kNone, nullptr, 65535, 0, 4},
    {26, 30, Section::kWritable, Node::kCount, Binding::kNone, nullptr, 65535, 0, 4},
    {31, 35, Section::kCode, Node::kCount, Binding::kNone, nullptr, 65535, 0, 4},
    {37, 41, Section::kCode, Node::kCount, Binding::kNone, nullptr, 6, 0, 4},
    {52, 56, Section::kReadOnly, Node::kCount, Binding::kNone, nullptr, 65535, 0, 4},
    {65, 69, Section::kCode, Node::kCount, Binding::kNone, nullptr, 65535, 0, 4},
    {71, 75, Section::kCode, Node::kCount, Binding::kNone, nullptr, 6, 60, 4},
    {78, 82, Section::kReadOnly, Node::kCount, Binding::kNone, "NtDCompositionCommitSynchronizationObject", 65535, 0, 4},
    {97, 101, Section::kReadOnly, Node::kCount, Binding::kNone, nullptr, 65535, 0, 4},
    {123, 127, Section::kReadOnly, Node::kCount, Binding::kNone, "CloseHandle", 65535, 0, 4},
    {140, 144, Section::kCode, Node::kCount, Binding::kNone, nullptr, 6, 83, 4},
    {147, 151, Section::kReadOnly, Node::kCount, Binding::kNone, "GetLastError", 65535, 0, 4},
    {164, 168, Section::kReadOnly, Node::kCount, Binding::kNone, "CloseHandle", 65535, 0, 4},
    {178, 182, Section::kReadOnly, Node::kCount, Binding::kNone, "SetLastError", 65535, 0, 4},
    {189, 193, Section::kCode, Node::kCount, Binding::kNone, nullptr, 6, 104, 4},
    {204, 208, Section::kReadOnly, Node::kCount, Binding::kNone, nullptr, 65535, 0, 4},
    {217, 221, Section::kCode, Node::kCount, Binding::kNone, nullptr, 65535, 0, 4},
    {223, 227, Section::kCode, Node::kCount, Binding::kNone, nullptr, 6, 160, 4},
};
inline constexpr Fragment kFragments12[] = {
    {kBytes121, kMask121, 15, kRefs121, 1},
    {kBytes122, kMask122, 92, kRefs122, 5},
    {kBytes123, kMask123, 220, kRefs123, 10},
    {kBytes124, kMask124, 24, kRefs124, 1},
    {kBytes125, kMask125, 104, kRefs125, 7},
    {kBytes126, kMask126, 224, kRefs126, 14},
    {kBytes127, kMask127, 10, kRefs127, 2},
    {kBytes128, kMask128, 22, kRefs128, 3},
    {kBytes129, kMask129, 167, kRefs129, 12},
    {kBytes1210, kMask1210, 10, kRefs1210, 2},
    {kBytes1211, kMask1211, 5, kRefs1211, 1},
    {kBytes1212, kMask1212, 57, kRefs1212, 6},
    {kBytes1213, kMask1213, 33, kRefs1213, 2},
    {kBytes1214, kMask1214, 42, kRefs1214, 4},
    {kBytes1215, kMask1215, 42, kRefs1215, 6},
    {kBytes1216, kMask1216, 227, kRefs1216, 18},
};
// DestroyWindow
inline constexpr unsigned char kBytes130[] = {
    0x48,0x89,0x5c,0x24,0x08,0x48,0x89,0x74,0x24,0x20,0x55,0x57,0x41,0x56,0x48,0x8b,0xec,0x48,0x83,0xec,0x30,0x4c,0x8b,0xf1,
    0x48,0x8b,0xf2,0x48,0x8d,0x0d,0x00,0x00,0x00,0x00,0x48,0xff,0x15,0x00,0x00,0x00,0x00,0x0f,0x1f,0x44,0x00,0x00,0x48,0x8b,
    0x06,0x48,0x8b,0xce,0x48,0x83,0x65,0x28,0x00,0x33,0xff,0x48,0x8b,0x40,0x08,0xff,0x15,0x00,0x00,0x00,0x00,0x48,0x8b,0xd8,
    0x48,0x85,0xc0,0x75,0x19,0x48,0x8b,0x06,0x48,0x8b,0xce,0x48,0x8b,0x40,0x10,0xff,0x15,0x00,0x00,0x00,0x00,0x48,0x85,0xc0,
    0x0f,0x85,0x00,0x00,0x00,0x00,0x48,0x89,0x5d,0x28,0x85,0xff,0x0f,0x88,0x00,0x00,0x00,0x00,0x48,0x85,0xdb,0x75,0x29,0x48,
    0x8d,0x0d,0x00,0x00,0x00,0x00,0x48,0xff,0x15,0x00,0x00,0x00,0x00,0x0f,0x1f,0x44,0x00,0x00,0x48,0x8b,0x5c,0x24,0x50,0x8b,
    0xc7,0x48,0x8b,0x74,0x24,0x68,0x48,0x83,0xc4,0x30,0x41,0x5e,0x5f,0x5d,0xc3,0xcc,0x48,0x8b,0x4b,0x18,0x48,0x85,0xc9,0x74,
    0x1b,0x48,0x8b,0x01,0x33,0xd2,0x48,0x8b,0x00,0xff,0x15,0x00,0x00,0x00,0x00,0x48,0x8b,0x45,0x28,0x48,0x83,0x60,0x18,0x00,
    0x48,0x8b,0x5d,0x28,0xf6,0x83,0x64,0x02,0x00,0x00,0x04,0x48,0x8b,0x73,0x28,0x75,0x52,0xf6,0x83,0x60,0x02,0x00,0x00,0x04,
    0x75,0x34,0x48,0x8b,0x03,0x48,0x39,0x58,0x08,0x75,0x5a,0x48,0x8b,0x4b,0x08,0x48,0x39,0x19,0x75,0x51,0x48,0x89,0x01,0x48,
    0x89,0x48,0x08,0x49,0x8b,0xce,0x48,0x8b,0x45,0x28,0x48,0x89,0x40,0x08,0x48,0x8b,0x45,0x28,0x48,0x89,0x00,0x48,0x8b,0x55,
    0x28,0xe8,0x00,0x00,0x00,0x00,0x49,0x8b,0x9e,0x00,0x02,0x00,0x00,0x48,0x85,0xdb,0x0f,0x84,0x59,0xff,0xff,0xff,0xe9,0x00,
    0x00,0x00,0x00,0x48,0x8d,0x45,0x28,0x49,0x8b,0xce,0x48,0x8d,0x55,0x30,0x48,0x89,0x45,0x30,0xe8,0x00,0x00,0x00,0x00,0x48,
    0x8b,0x5d,0x28,0xeb,0x94,0xb9,0x03,0x00,0x00,0x00,0xcd,0x29,
};
inline constexpr unsigned char kMask130[] = {
    0xff,0xff,0xff,0xff,0xff,0xff,0xff,0xff,0xff,0xff,0xff,0xff,0xff,0xff,0xff,0xff,0xff,0xff,0xff,0xff,0xff,0xff,0xff,0xff,
    0xff,0xff,0xff,0xff,0xff,0xff,0x00,0x00,0x00,0x00,0xff,0xff,0xff,0x00,0x00,0x00,0x00,0xff,0xff,0xff,0xff,0xff,0xff,0xff,
    0xff,0xff,0xff,0xff,0xff,0xff,0xff,0xff,0xff,0xff,0xff,0xff,0xff,0xff,0xff,0xff,0xff,0x00,0x00,0x00,0x00,0xff,0xff,0xff,
    0xff,0xff,0xff,0xff,0xff,0xff,0xff,0xff,0xff,0xff,0xff,0xff,0xff,0xff,0xff,0xff,0xff,0x00,0x00,0x00,0x00,0xff,0xff,0xff,
    0xff,0xff,0x00,0x00,0x00,0x00,0xff,0xff,0xff,0xff,0xff,0xff,0xff,0xff,0x00,0x00,0x00,0x00,0xff,0xff,0xff,0xff,0xff,0xff,
    0xff,0xff,0x00,0x00,0x00,0x00,0xff,0xff,0xff,0x00,0x00,0x00,0x00,0xff,0xff,0xff,0xff,0xff,0xff,0xff,0xff,0xff,0xff,0xff,
    0xff,0xff,0xff,0xff,0xff,0xff,0xff,0xff,0xff,0xff,0xff,0xff,0xff,0xff,0xff,0xff,0xff,0xff,0xff,0xff,0xff,0xff,0xff,0xff,
    0xff,0xff,0xff,0xff,0xff,0xff,0xff,0xff,0xff,0xff,0xff,0x00,0x00,0x00,0x00,0xff,0xff,0xff,0xff,0xff,0xff,0xff,0xff,0xff,
    0xff,0xff,0xff,0xff,0xff,0xff,0xff,0xff,0xff,0xff,0xff,0xff,0xff,0xff,0xff,0xff,0xff,0xff,0xff,0xff,0xff,0xff,0xff,0xff,
    0xff,0xff,0xff,0xff,0xff,0xff,0xff,0xff,0xff,0xff,0xff,0xff,0xff,0xff,0xff,0xff,0xff,0xff,0xff,0xff,0xff,0xff,0xff,0xff,
    0xff,0xff,0xff,0xff,0xff,0xff,0xff,0xff,0xff,0xff,0xff,0xff,0xff,0xff,0xff,0xff,0xff,0xff,0xff,0xff,0xff,0xff,0xff,0xff,
    0xff,0xff,0x00,0x00,0x00,0x00,0xff,0xff,0xff,0xff,0xff,0xff,0xff,0xff,0xff,0xff,0xff,0xff,0xff,0xff,0xff,0xff,0xff,0x00,
    0x00,0x00,0x00,0xff,0xff,0xff,0xff,0xff,0xff,0xff,0xff,0xff,0xff,0xff,0xff,0xff,0xff,0xff,0xff,0x00,0x00,0x00,0x00,0xff,
    0xff,0xff,0xff,0xff,0xff,0xff,0xff,0xff,0xff,0xff,0xff,0xff,
};
inline constexpr Reference kRefs130[] = {
    {30, 34, Section::kWritable, Node::kCount, Binding::kCriticalSection, nullptr, 65535, 0, 4},
    {37, 41, Section::kReadOnly, Node::kCount, Binding::kNone, "EnterCriticalSection", 65535, 0, 4},
    {65, 69, Section::kReadOnly, Node::kCount, Binding::kNone, nullptr, 65535, 0, 4},
    {89, 93, Section::kReadOnly, Node::kCount, Binding::kNone, nullptr, 65535, 0, 4},
    {98, 102, Section::kCode, Node::kCount, Binding::kNone, nullptr, 1, 0, 4},
    {110, 114, Section::kCode, Node::kCount, Binding::kNone, nullptr, 1, 79, 4},
    {122, 126, Section::kWritable, Node::kCount, Binding::kCriticalSection, nullptr, 65535, 0, 4},
    {129, 133, Section::kReadOnly, Node::kCount, Binding::kNone, "LeaveCriticalSection", 65535, 0, 4},
    {179, 183, Section::kReadOnly, Node::kCount, Binding::kNone, nullptr, 65535, 0, 4},
    {266, 270, Section::kCode, Node::kCount, Binding::kNone, nullptr, 65535, 0, 4},
    {287, 291, Section::kCode, Node::kCount, Binding::kNone, nullptr, 1, 208, 4},
    {307, 311, Section::kCode, Node::kCount, Binding::kNone, nullptr, 65535, 0, 4},
};
inline constexpr unsigned char kBytes131[] = {
    0x48,0x8b,0x0d,0x00,0x00,0x00,0x00,0xba,0x00,0x03,0x00,0x00,0x48,0x8b,0x01,0x48,0x8b,0x40,0x10,0xff,0x15,0x00,0x00,0x00,
    0x00,0x48,0x85,0xc0,0x74,0x0d,0x48,0x8b,0xc8,0xe8,0x00,0x00,0x00,0x00,0x48,0x8b,0xd8,0xeb,0x02,0x33,0xdb,0x48,0x85,0xdb,
    0x75,0x3b,0xbf,0x0e,0x00,0x07,0x80,0xc7,0x44,0x24,0x20,0x8b,0x08,0x00,0x00,0x44,0x8b,0xcf,0x8d,0x4b,0x14,0x45,0x33,0xc0,
    0x33,0xd2,0xe8,0x00,0x00,0x00,0x00,0x33,0xd2,0xc7,0x44,0x24,0x20,0x11,0x09,0x00,0x00,0x44,0x8b,0xcf,0x45,0x33,0xc0,0x8d,
    0x4a,0x14,0xe8,0x00,0x00,0x00,0x00,0x90,0xe9,0x00,0x00,0x00,0x00,0x48,0x89,0x73,0x18,0x48,0x8b,0xd3,0x48,0x8b,0x06,0x48,
    0x8b,0xce,0x48,0x8b,0x00,0xff,0x15,0x00,0x00,0x00,0x00,0x48,0x8b,0x06,0x48,0x8b,0xce,0x48,0x8b,0x40,0x18,0xff,0x15,0x00,
    0x00,0x00,0x00,0x4c,0x8b,0xc3,0x48,0x8b,0xd6,0x49,0x8b,0xce,0x48,0x89,0x43,0x28,0xe8,0x00,0x00,0x00,0x00,0x8b,0xf8,0x85,
    0xc0,0x0f,0x89,0x00,0x00,0x00,0x00,0x33,0xd2,0xc7,0x44,0x24,0x20,0x8f,0x08,0x00,0x00,0x44,0x8b,0xc8,0x45,0x33,0xc0,0x8d,
    0x4a,0x14,0xe8,0x00,0x00,0x00,0x00,0x48,0x8b,0x5d,0x28,0xe9,0x00,0x00,0x00,0x00,0x48,0x3b,0x73,0x10,0x0f,0x85,0x00,0x00,
    0x00,0x00,0x48,0x8b,0x0b,0x48,0x85,0xc9,0x74,0x0d,0xe8,0x00,0x00,0x00,0x00,0x48,0x8b,0x0b,0xe8,0x00,0x00,0x00,0x00,0x48,
    0x8b,0x4b,0x08,0x48,0x85,0xc9,0x74,0x05,0xe8,0x00,0x00,0x00,0x00,0x48,0x83,0x63,0x10,0x00,0xe9,0x00,0x00,0x00,0x00,
};
inline constexpr unsigned char kMask131[] = {
    0xff,0xff,0xff,0x00,0x00,0x00,0x00,0xff,0xff,0xff,0xff,0xff,0xff,0xff,0xff,0xff,0xff,0xff,0xff,0xff,0xff,0x00,0x00,0x00,
    0x00,0xff,0xff,0xff,0xff,0xff,0xff,0xff,0xff,0xff,0x00,0x00,0x00,0x00,0xff,0xff,0xff,0xff,0xff,0xff,0xff,0xff,0xff,0xff,
    0xff,0xff,0xff,0xff,0xff,0xff,0xff,0xff,0xff,0xff,0xff,0xff,0xff,0xff,0xff,0xff,0xff,0xff,0xff,0xff,0xff,0xff,0xff,0xff,
    0xff,0xff,0xff,0x00,0x00,0x00,0x00,0xff,0xff,0xff,0xff,0xff,0xff,0xff,0xff,0xff,0xff,0xff,0xff,0xff,0xff,0xff,0xff,0xff,
    0xff,0xff,0xff,0x00,0x00,0x00,0x00,0xff,0xff,0x00,0x00,0x00,0x00,0xff,0xff,0xff,0xff,0xff,0xff,0xff,0xff,0xff,0xff,0xff,
    0xff,0xff,0xff,0xff,0xff,0xff,0xff,0x00,0x00,0x00,0x00,0xff,0xff,0xff,0xff,0xff,0xff,0xff,0xff,0xff,0xff,0xff,0xff,0x00,
    0x00,0x00,0x00,0xff,0xff,0xff,0xff,0xff,0xff,0xff,0xff,0xff,0xff,0xff,0xff,0xff,0xff,0x00,0x00,0x00,0x00,0xff,0xff,0xff,
    0xff,0xff,0xff,0x00,0x00,0x00,0x00,0xff,0xff,0xff,0xff,0xff,0xff,0xff,0xff,0xff,0xff,0xff,0xff,0xff,0xff,0xff,0xff,0xff,
    0xff,0xff,0xff,0x00,0x00,0x00,0x00,0xff,0xff,0xff,0xff,0xff,0x00,0x00,0x00,0x00,0xff,0xff,0xff,0xff,0xff,0xff,0x00,0x00,
    0x00,0x00,0xff,0xff,0xff,0xff,0xff,0xff,0xff,0xff,0xff,0x00,0x00,0x00,0x00,0xff,0xff,0xff,0xff,0x00,0x00,0x00,0x00,0xff,
    0xff,0xff,0xff,0xff,0xff,0xff,0xff,0xff,0xff,0x00,0x00,0x00,0x00,0xff,0xff,0xff,0xff,0xff,0xff,0x00,0x00,0x00,0x00,
};
inline constexpr Reference kRefs131[] = {
    {3, 7, Section::kWritable, Node::kCount, Binding::kNone, nullptr, 65535, 0, 4},
    {21, 25, Section::kReadOnly, Node::kCount, Binding::kNone, nullptr, 65535, 0, 4},
    {34, 38, Section::kCode, Node::kCount, Binding::kNone, nullptr, 65535, 0, 4},
    {75, 79, Section::kCode, Node::kCount, Binding::kNone, nullptr, 65535, 0, 4},
    {99, 103, Section::kCode, Node::kCount, Binding::kNone, nullptr, 65535, 0, 4},
    {105, 109, Section::kCode, Node::kCount, Binding::kNone, nullptr, 0, 119, 4},
    {127, 131, Section::kReadOnly, Node::kCount, Binding::kNone, nullptr, 65535, 0, 4},
    {143, 147, Section::kReadOnly, Node::kCount, Binding::kNone, nullptr, 65535, 0, 4},
    {161, 165, Section::kCode, Node::kCount, Binding::kNone, nullptr, 65535, 0, 4},
    {171, 175, Section::kCode, Node::kCount, Binding::kNone, nullptr, 0, 102, 4},
    {195, 199, Section::kCode, Node::kCount, Binding::kNone, nullptr, 65535, 0, 4},
    {204, 208, Section::kCode, Node::kCount, Binding::kNone, nullptr, 0, 106, 4},
    {214, 218, Section::kCode, Node::kCount, Binding::kNone, nullptr, 0, 119, 4},
    {227, 231, Section::kCode, Node::kCount, Binding::kNone, nullptr, 65535, 0, 4},
    {235, 239, Section::kCode, Node::kCount, Binding::kNone, nullptr, 65535, 0, 4},
    {249, 253, Section::kCode, Node::kCount, Binding::kNone, nullptr, 65535, 0, 4},
    {259, 263, Section::kCode, Node::kCount, Binding::kNone, nullptr, 0, 119, 4},
};
inline constexpr Fragment kFragments13[] = {
    {kBytes131, kMask131, 263, kRefs131, 17},
};
// SyncedData
inline constexpr unsigned char kBytes140[] = {
    0x48,0x89,0x5c,0x24,0x08,0x48,0x89,0x6c,0x24,0x10,0x48,0x89,0x74,0x24,0x18,0x57,0x41,0x56,0x41,0x57,0x48,0x83,0xec,0x30,
    0x48,0x8b,0x02,0x4c,0x8b,0xf9,0x48,0x8b,0xca,0x4d,0x8b,0xf1,0x41,0x8a,0xe8,0x48,0x8b,0xf2,0x33,0xff,0x48,0x8b,0x40,0x08,
    0xff,0x15,0x00,0x00,0x00,0x00,0x48,0x8b,0xd8,0x48,0x85,0xc0,0x74,0x1f,0x49,0x89,0x1e,0x48,0x8b,0x5c,0x24,0x50,0x8b,0xc7,
    0x48,0x8b,0x6c,0x24,0x58,0x48,0x8b,0x74,0x24,0x60,0x48,0x83,0xc4,0x30,0x41,0x5f,0x41,0x5e,0x5f,0xc3,0xcc,0x40,0x84,0xed,
    0x74,0x15,0x48,0x8b,0x06,0x48,0x8b,0xce,0x48,0x8b,0x40,0x10,0xff,0x15,0x00,0x00,0x00,0x00,0x48,0x85,0xc0,0x74,0xc7,0x48,
    0x8b,0x0d,0x00,0x00,0x00,0x00,0xba,0x00,0x03,0x00,0x00,0x48,0x8b,0x01,0x48,0x8b,0x40,0x10,0xff,0x15,0x00,0x00,0x00,0x00,
    0x48,0x85,0xc0,0x74,0x5b,0x48,0x8b,0xc8,0xe8,0x00,0x00,0x00,0x00,0x48,0x8b,0xd8,0x48,0x85,0xdb,0x0f,0x84,0x00,0x00,0x00,
    0x00,0x48,0x89,0x73,0x18,0x48,0x8b,0xd3,0x48,0x8b,0x06,0x48,0x8b,0xce,0x48,0x8b,0x00,0xff,0x15,0x00,0x00,0x00,0x00,0x48,
    0x8b,0x06,0x48,0x8b,0xce,0x48,0x8b,0x40,0x18,0xff,0x15,0x00,0x00,0x00,0x00,0x4c,0x8b,0xc3,0x48,0x8b,0xd6,0x49,0x8b,0xcf,
    0x48,0x89,0x43,0x28,0xe8,0x00,0x00,0x00,0x00,0x8b,0xf8,0x85,0xc0,0x0f,0x89,0x53,0xff,0xff,0xff,0xe9,0x00,0x00,0x00,0x00,
    0x33,0xdb,0xeb,0xac,
};
inline constexpr unsigned char kMask140[] = {
    0xff,0xff,0xff,0xff,0xff,0xff,0xff,0xff,0xff,0xff,0xff,0xff,0xff,0xff,0xff,0xff,0xff,0xff,0xff,0xff,0xff,0xff,0xff,0xff,
    0xff,0xff,0xff,0xff,0xff,0xff,0xff,0xff,0xff,0xff,0xff,0xff,0xff,0xff,0xff,0xff,0xff,0xff,0xff,0xff,0xff,0xff,0xff,0xff,
    0xff,0xff,0x00,0x00,0x00,0x00,0xff,0xff,0xff,0xff,0xff,0xff,0xff,0xff,0xff,0xff,0xff,0xff,0xff,0xff,0xff,0xff,0xff,0xff,
    0xff,0xff,0xff,0xff,0xff,0xff,0xff,0xff,0xff,0xff,0xff,0xff,0xff,0xff,0xff,0xff,0xff,0xff,0xff,0xff,0xff,0xff,0xff,0xff,
    0xff,0xff,0xff,0xff,0xff,0xff,0xff,0xff,0xff,0xff,0xff,0xff,0xff,0xff,0x00,0x00,0x00,0x00,0xff,0xff,0xff,0xff,0xff,0xff,
    0xff,0xff,0x00,0x00,0x00,0x00,0xff,0xff,0xff,0xff,0xff,0xff,0xff,0xff,0xff,0xff,0xff,0xff,0xff,0xff,0x00,0x00,0x00,0x00,
    0xff,0xff,0xff,0xff,0xff,0xff,0xff,0xff,0xff,0x00,0x00,0x00,0x00,0xff,0xff,0xff,0xff,0xff,0xff,0xff,0xff,0x00,0x00,0x00,
    0x00,0xff,0xff,0xff,0xff,0xff,0xff,0xff,0xff,0xff,0xff,0xff,0xff,0xff,0xff,0xff,0xff,0xff,0xff,0x00,0x00,0x00,0x00,0xff,
    0xff,0xff,0xff,0xff,0xff,0xff,0xff,0xff,0xff,0xff,0xff,0x00,0x00,0x00,0x00,0xff,0xff,0xff,0xff,0xff,0xff,0xff,0xff,0xff,
    0xff,0xff,0xff,0xff,0xff,0x00,0x00,0x00,0x00,0xff,0xff,0xff,0xff,0xff,0xff,0xff,0xff,0xff,0xff,0xff,0x00,0x00,0x00,0x00,
    0xff,0xff,0xff,0xff,
};
inline constexpr Reference kRefs140[] = {
    {50, 54, Section::kReadOnly, Node::kCount, Binding::kNone, nullptr, 65535, 0, 4},
    {110, 114, Section::kReadOnly, Node::kCount, Binding::kNone, nullptr, 65535, 0, 4},
    {122, 126, Section::kWritable, Node::kCount, Binding::kNone, nullptr, 65535, 0, 4},
    {140, 144, Section::kReadOnly, Node::kCount, Binding::kNone, nullptr, 65535, 0, 4},
    {153, 157, Section::kCode, Node::kCount, Binding::kNone, nullptr, 65535, 0, 4},
    {165, 169, Section::kCode, Node::kCount, Binding::kNone, nullptr, 1, 0, 4},
    {187, 191, Section::kReadOnly, Node::kCount, Binding::kNone, nullptr, 65535, 0, 4},
    {203, 207, Section::kReadOnly, Node::kCount, Binding::kNone, nullptr, 65535, 0, 4},
    {221, 225, Section::kCode, Node::kCount, Binding::kNone, nullptr, 65535, 0, 4},
    {236, 240, Section::kCode, Node::kCount, Binding::kNone, nullptr, 1, 18, 4},
};
inline constexpr unsigned char kBytes141[] = {
    0xbf,0x0e,0x00,0x07,0x80,0xc7,0x44,0x24,0x20,0x8b,0x08,0x00,0x00,0x44,0x8b,0xcf,0xeb,0x0b,0xc7,0x44,0x24,0x20,0x8f,0x08,
    0x00,0x00,0x44,0x8b,0xc8,0x33,0xd2,0x45,0x33,0xc0,0x8d,0x4a,0x14,0xe8,0x00,0x00,0x00,0x00,0x90,0xe9,0x00,0x00,0x00,0x00,
};
inline constexpr unsigned char kMask141[] = {
    0xff,0xff,0xff,0xff,0xff,0xff,0xff,0xff,0xff,0xff,0xff,0xff,0xff,0xff,0xff,0xff,0xff,0xff,0xff,0xff,0xff,0xff,0xff,0xff,
    0xff,0xff,0xff,0xff,0xff,0xff,0xff,0xff,0xff,0xff,0xff,0xff,0xff,0xff,0x00,0x00,0x00,0x00,0xff,0xff,0x00,0x00,0x00,0x00,
};
inline constexpr Reference kRefs141[] = {
    {38, 42, Section::kCode, Node::kCount, Binding::kNone, nullptr, 65535, 0, 4},
    {44, 48, Section::kCode, Node::kCount, Binding::kNone, nullptr, 0, 65, 4},
};
inline constexpr Fragment kFragments14[] = {
    {kBytes141, kMask141, 48, kRefs141, 2},
};
// BandChange
inline constexpr unsigned char kBytes150[] = {
    0x48,0x89,0x5c,0x24,0x08,0x48,0x89,0x74,0x24,0x10,0x57,0x48,0x83,0xec,0x30,0x48,0x8b,0xd9,0x48,0x8b,0xf2,0x48,0x8d,0x0d,
    0x00,0x00,0x00,0x00,0x48,0xff,0x15,0x00,0x00,0x00,0x00,0x0f,0x1f,0x44,0x00,0x00,0x48,0x83,0x64,0x24,0x50,0x00,0x4c,0x8d,
    0x4c,0x24,0x50,0x41,0xb0,0x01,0x48,0x8b,0xd6,0x48,0x8b,0xcb,0xe8,0x00,0x00,0x00,0x00,0x8b,0xd8,0x85,0xc0,0x0f,0x88,0x00,
    0x00,0x00,0x00,0x48,0x8b,0x7c,0x24,0x50,0x48,0x85,0xff,0x74,0x13,0x48,0x8b,0x06,0x48,0x8b,0xce,0x48,0x8b,0x40,0x38,0xff,
    0x15,0x00,0x00,0x00,0x00,0x89,0x47,0x70,0x48,0x8d,0x0d,0x00,0x00,0x00,0x00,0x48,0xff,0x15,0x00,0x00,0x00,0x00,0x0f,0x1f,
    0x44,0x00,0x00,0x48,0x8b,0x74,0x24,0x48,0x8b,0xc3,0x48,0x8b,0x5c,0x24,0x40,0x48,0x83,0xc4,0x30,0x5f,0xc3,
};
inline constexpr unsigned char kMask150[] = {
    0xff,0xff,0xff,0xff,0xff,0xff,0xff,0xff,0xff,0xff,0xff,0xff,0xff,0xff,0xff,0xff,0xff,0xff,0xff,0xff,0xff,0xff,0xff,0xff,
    0x00,0x00,0x00,0x00,0xff,0xff,0xff,0x00,0x00,0x00,0x00,0xff,0xff,0xff,0xff,0xff,0xff,0xff,0xff,0xff,0xff,0xff,0xff,0xff,
    0xff,0xff,0xff,0xff,0xff,0xff,0xff,0xff,0xff,0xff,0xff,0xff,0xff,0x00,0x00,0x00,0x00,0xff,0xff,0xff,0xff,0xff,0xff,0x00,
    0x00,0x00,0x00,0xff,0xff,0xff,0xff,0xff,0xff,0xff,0xff,0xff,0xff,0xff,0xff,0xff,0xff,0xff,0xff,0xff,0xff,0xff,0xff,0xff,
    0xff,0x00,0x00,0x00,0x00,0xff,0xff,0xff,0xff,0xff,0xff,0x00,0x00,0x00,0x00,0xff,0xff,0xff,0x00,0x00,0x00,0x00,0xff,0xff,
    0xff,0xff,0xff,0xff,0xff,0xff,0xff,0xff,0xff,0xff,0xff,0xff,0xff,0xff,0xff,0xff,0xff,0xff,0xff,0xff,0xff,
};
inline constexpr Reference kRefs150[] = {
    {24, 28, Section::kWritable, Node::kCount, Binding::kCriticalSection, nullptr, 65535, 0, 4},
    {31, 35, Section::kReadOnly, Node::kCount, Binding::kNone, "EnterCriticalSection", 65535, 0, 4},
    {61, 65, Section::kCode, Node::kSyncedData, Binding::kNone, nullptr, 65535, 0, 4},
    {71, 75, Section::kCode, Node::kCount, Binding::kNone, nullptr, 1, 0, 4},
    {97, 101, Section::kReadOnly, Node::kCount, Binding::kNone, nullptr, 65535, 0, 4},
    {107, 111, Section::kWritable, Node::kCount, Binding::kCriticalSection, nullptr, 65535, 0, 4},
    {114, 118, Section::kReadOnly, Node::kCount, Binding::kNone, "LeaveCriticalSection", 65535, 0, 4},
};
inline constexpr unsigned char kBytes151[] = {
    0x33,0xd2,0xc7,0x44,0x24,0x20,0xa9,0x0c,0x00,0x00,0x44,0x8b,0xcb,0x45,0x33,0xc0,0x8d,0x4a,0x14,0xe8,0x00,0x00,0x00,0x00,
    0x90,0xe9,0x00,0x00,0x00,0x00,
};
inline constexpr unsigned char kMask151[] = {
    0xff,0xff,0xff,0xff,0xff,0xff,0xff,0xff,0xff,0xff,0xff,0xff,0xff,0xff,0xff,0xff,0xff,0xff,0xff,0xff,0x00,0x00,0x00,0x00,
    0xff,0xff,0x00,0x00,0x00,0x00,
};
inline constexpr Reference kRefs151[] = {
    {20, 24, Section::kCode, Node::kCount, Binding::kNone, nullptr, 65535, 0, 4},
    {26, 30, Section::kCode, Node::kCount, Binding::kNone, nullptr, 0, 104, 4},
};
inline constexpr Fragment kFragments15[] = {
    {kBytes151, kMask151, 30, kRefs151, 2},
};
inline constexpr Pattern kPatterns[] = {
    {Node::FindWindow, kBytes00, kMask00, 112, kRefs00, 1, nullptr, 0},
    {Node::kDesktopList, kBytes10, kMask10, 96, kRefs10, 2, nullptr, 0},
    {Node::kZOrder, kBytes20, kMask20, 1057, kRefs20, 37, kFragments2, 1},
    {Node::kUpdateScene, kBytes30, kMask30, 114, kRefs30, 8, kFragments3, 16},
    {Node::kDestroyWindow, kBytes40, kMask40, 324, kRefs40, 12, kFragments4, 1},
    {Node::kSyncedData, kBytes50, kMask50, 244, kRefs50, 10, kFragments5, 1},
    {Node::kPrecedingVisual, kBytes60, kMask60, 91, kRefs60, 2, kFragments6, 1},
    {Node::kInsertRelative, kBytes70, kMask70, 875, kRefs70, 24, kFragments7, 1},
    {Node::kProxyInsert, kBytes80, kMask80, 51, kRefs80, 1, nullptr, 0},
    {Node::kWindowListCtor, kBytes90, kMask90, 306, kRefs90, 7, nullptr, 0},
    {Node::kBandChange, kBytes100, kMask100, 141, kRefs100, 7, kFragments10, 1},
    {Node::kZOrder, kBytes110, kMask110, 1079, kRefs110, 38, kFragments11, 1},
    {Node::kUpdateScene, kBytes120, kMask120, 114, kRefs120, 8, kFragments12, 16},
    {Node::kDestroyWindow, kBytes130, kMask130, 324, kRefs130, 12, kFragments13, 1},
    {Node::kSyncedData, kBytes140, kMask140, 244, kRefs140, 10, kFragments14, 1},
    {Node::kBandChange, kBytes150, kMask150, 141, kRefs150, 7, kFragments15, 1},
};
}
